x,y,z,oxygen,glucose
-1475.0,-1475.0,100.0,25.0,1.75
-1425.0,-1475.0,100.0,25.0,1.7203389830508475
-1375.0,-1475.0,100.0,25.0,1.6906779661016949
-1325.0,-1475.0,100.0,25.0,1.6610169491525424
-1275.0,-1475.0,100.0,25.0,1.6313559322033897
-1225.0,-1475.0,100.0,25.0,1.6016949152542372
-1175.0,-1475.0,100.0,25.0,1.5720338983050848
-1125.0,-1475.0,100.0,25.0,1.542372881355932
-1075.0,-1475.0,100.0,25.0,1.5127118644067796
-1025.0,-1475.0,100.0,25.0,1.4830508474576272
-975.0,-1475.0,100.0,25.0,1.4533898305084745
-925.0,-1475.0,100.0,25.0,1.4237288135593222
-875.0,-1475.0,100.0,25.0,1.3940677966101696
-825.0,-1475.0,100.0,25.0,1.364406779661017
-775.0,-1475.0,100.0,25.0,1.3347457627118644
-725.0,-1475.0,100.0,25.0,1.305084745762712
-675.0,-1475.0,100.0,25.0,1.2754237288135593
-625.0,-1475.0,100.0,25.0,1.2457627118644068
-575.0,-1475.0,100.0,25.0,1.2161016949152543
-525.0,-1475.0,100.0,25.0,1.1864406779661016
-475.0,-1475.0,100.0,25.0,1.1567796610169492
-425.0,-1475.0,100.0,25.0,1.1271186440677965
-375.0,-1475.0,100.0,25.0,1.097457627118644
-325.0,-1475.0,100.0,25.0,1.0677966101694916
-275.0,-1475.0,100.0,25.0,1.0381355932203389
-225.0,-1475.0,100.0,25.0,1.0084745762711864
-175.0,-1475.0,100.0,25.0,0.9788135593220338
-125.0,-1475.0,100.0,25.0,0.9491525423728814
-75.0,-1475.0,100.0,25.0,0.9194915254237289
-25.0,-1475.0,100.0,25.0,0.8898305084745762
25.0,-1475.0,100.0,25.0,0.8601694915254238
75.0,-1475.0,100.0,25.0,0.8305084745762712
125.0,-1475.0,100.0,25.0,0.8008474576271186
175.0,-1475.0,100.0,25.0,0.771186440677966
225.0,-1475.0,100.0,25.0,0.7415254237288136
275.0,-1475.0,100.0,25.0,0.7118644067796611
325.0,-1475.0,100.0,25.0,0.6822033898305085
375.0,-1475.0,100.0,25.0,0.652542372881356
425.0,-1475.0,100.0,25.0,0.6228813559322034
475.0,-1475.0,100.0,25.0,0.5932203389830508
525.0,-1475.0,100.0,25.0,0.5635593220338982
575.0,-1475.0,100.0,25.0,0.5338983050847458
625.0,-1475.0,100.0,25.0,0.5042372881355932
675.0,-1475.0,100.0,25.0,0.4745762711864407
725.0,-1475.0,100.0,25.0,0.4449152542372881
775.0,-1475.0,100.0,25.0,0.4152542372881356
825.0,-1475.0,100.0,25.0,0.385593220338983
875.0,-1475.0,100.0,25.0,0.35593220338983056
925.0,-1475.0,100.0,25.0,0.326271186440678
975.0,-1475.0,100.0,25.0,0.2966101694915254
1025.0,-1475.0,100.0,25.0,0.2669491525423729
1075.0,-1475.0,100.0,25.0,0.23728813559322035
1125.0,-1475.0,100.0,25.0,0.2076271186440678
1175.0,-1475.0,100.0,25.0,0.17796610169491528
1225.0,-1475.0,100.0,25.0,0.1483050847457627
1275.0,-1475.0,100.0,25.0,0.11864406779661017
1325.0,-1475.0,100.0,25.0,0.08898305084745764
1375.0,-1475.0,100.0,25.0,0.059322033898305086
1425.0,-1475.0,100.0,25.0,0.029661016949152543
1475.0,-1475.0,100.0,25.0,0.0
-1475.0,-1425.0,100.0,25.0,1.75
-1425.0,-1425.0,100.0,25.0,1.7203389830508475
-1375.0,-1425.0,100.0,25.0,1.6906779661016949
-1325.0,-1425.0,100.0,25.0,1.6610169491525424
-1275.0,-1425.0,100.0,25.0,1.6313559322033897
-1225.0,-1425.0,100.0,25.0,1.6016949152542372
-1175.0,-1425.0,100.0,25.0,1.5720338983050848
-1125.0,-1425.0,100.0,25.0,1.542372881355932
-1075.0,-1425.0,100.0,25.0,1.5127118644067796
-1025.0,-1425.0,100.0,25.0,1.4830508474576272
-975.0,-1425.0,100.0,25.0,1.4533898305084745
-925.0,-1425.0,100.0,25.0,1.4237288135593222
-875.0,-1425.0,100.0,25.0,1.3940677966101696
-825.0,-1425.0,100.0,25.0,1.364406779661017
-775.0,-1425.0,100.0,25.0,1.3347457627118644
-725.0,-1425.0,100.0,25.0,1.305084745762712
-675.0,-1425.0,100.0,25.0,1.2754237288135593
-625.0,-1425.0,100.0,25.0,1.2457627118644068
-575.0,-1425.0,100.0,25.0,1.2161016949152543
-525.0,-1425.0,100.0,25.0,1.1864406779661016
-475.0,-1425.0,100.0,25.0,1.1567796610169492
-425.0,-1425.0,100.0,25.0,1.1271186440677965
-375.0,-1425.0,100.0,25.0,1.097457627118644
-325.0,-1425.0,100.0,25.0,1.0677966101694916
-275.0,-1425.0,100.0,25.0,1.0381355932203389
-225.0,-1425.0,100.0,25.0,1.0084745762711864
-175.0,-1425.0,100.0,25.0,0.9788135593220338
-125.0,-1425.0,100.0,25.0,0.9491525423728814
-75.0,-1425.0,100.0,25.0,0.9194915254237289
-25.0,-1425.0,100.0,25.0,0.8898305084745762
25.0,-1425.0,100.0,25.0,0.8601694915254238
75.0,-1425.0,100.0,25.0,0.8305084745762712
125.0,-1425.0,100.0,25.0,0.8008474576271186
175.0,-1425.0,100.0,25.0,0.771186440677966
225.0,-1425.0,100.0,25.0,0.7415254237288136
275.0,-1425.0,100.0,25.0,0.7118644067796611
325.0,-1425.0,100.0,25.0,0.6822033898305085
375.0,-1425.0,100.0,25.0,0.652542372881356
425.0,-1425.0,100.0,25.0,0.6228813559322034
475.0,-1425.0,100.0,25.0,0.5932203389830508
525.0,-1425.0,100.0,25.0,0.5635593220338982
575.0,-1425.0,100.0,25.0,0.5338983050847458
625.0,-1425.0,100.0,25.0,0.5042372881355932
675.0,-1425.0,100.0,25.0,0.4745762711864407
725.0,-1425.0,100.0,25.0,0.4449152542372881
775.0,-1425.0,100.0,25.0,0.4152542372881356
825.0,-1425.0,100.0,25.0,0.385593220338983
875.0,-1425.0,100.0,25.0,0.35593220338983056
925.0,-1425.0,100.0,25.0,0.326271186440678
975.0,-1425.0,100.0,25.0,0.2966101694915254
1025.0,-1425.0,100.0,25.0,0.2669491525423729
1075.0,-1425.0,100.0,25.0,0.23728813559322035
1125.0,-1425.0,100.0,25.0,0.2076271186440678
1175.0,-1425.0,100.0,25.0,0.17796610169491528
1225.0,-1425.0,100.0,25.0,0.1483050847457627
1275.0,-1425.0,100.0,25.0,0.11864406779661017
1325.0,-1425.0,100.0,25.0,0.08898305084745764
1375.0,-1425.0,100.0,25.0,0.059322033898305086
1425.0,-1425.0,100.0,25.0,0.029661016949152543
1475.0,-1425.0,100.0,25.0,0.0
-1475.0,-1375.0,100.0,25.0,1.75
-1425.0,-1375.0,100.0,25.0,1.7203389830508475
-1375.0,-1375.0,100.0,25.0,1.6906779661016949
-1325.0,-1375.0,100.0,25.0,1.6610169491525424
-1275.0,-1375.0,100.0,25.0,1.6313559322033897
-1225.0,-1375.0,100.0,25.0,1.6016949152542372
-1175.0,-1375.0,100.0,25.0,1.5720338983050848
-1125.0,-1375.0,100.0,25.0,1.542372881355932
-1075.0,-1375.0,100.0,25.0,1.5127118644067796
-1025.0,-1375.0,100.0,25.0,1.4830508474576272
-975.0,-1375.0,100.0,25.0,1.4533898305084745
-925.0,-1375.0,100.0,25.0,1.4237288135593222
-875.0,-1375.0,100.0,25.0,1.3940677966101696
-825.0,-1375.0,100.0,25.0,1.364406779661017
-775.0,-1375.0,100.0,25.0,1.3347457627118644
-725.0,-1375.0,100.0,25.0,1.305084745762712
-675.0,-1375.0,100.0,25.0,1.2754237288135593
-625.0,-1375.0,100.0,25.0,1.2457627118644068
-575.0,-1375.0,100.0,25.0,1.2161016949152543
-525.0,-1375.0,100.0,25.0,1.1864406779661016
-475.0,-1375.0,100.0,25.0,1.1567796610169492
-425.0,-1375.0,100.0,25.0,1.1271186440677965
-375.0,-1375.0,100.0,25.0,1.097457627118644
-325.0,-1375.0,100.0,25.0,1.0677966101694916
-275.0,-1375.0,100.0,25.0,1.0381355932203389
-225.0,-1375.0,100.0,25.0,1.0084745762711864
-175.0,-1375.0,100.0,25.0,0.9788135593220338
-125.0,-1375.0,100.0,25.0,0.9491525423728814
-75.0,-1375.0,100.0,25.0,0.9194915254237289
-25.0,-1375.0,100.0,25.0,0.8898305084745762
25.0,-1375.0,100.0,25.0,0.8601694915254238
75.0,-1375.0,100.0,25.0,0.8305084745762712
125.0,-1375.0,100.0,25.0,0.8008474576271186
175.0,-1375.0,100.0,25.0,0.771186440677966
225.0,-1375.0,100.0,25.0,0.7415254237288136
275.0,-1375.0,100.0,25.0,0.7118644067796611
325.0,-1375.0,100.0,25.0,0.6822033898305085
375.0,-1375.0,100.0,25.0,0.652542372881356
425.0,-1375.0,100.0,25.0,0.6228813559322034
475.0,-1375.0,100.0,25.0,0.5932203389830508
525.0,-1375.0,100.0,25.0,0.5635593220338982
575.0,-1375.0,100.0,25.0,0.5338983050847458
625.0,-1375.0,100.0,25.0,0.5042372881355932
675.0,-1375.0,100.0,25.0,0.4745762711864407
725.0,-1375.0,100.0,25.0,0.4449152542372881
775.0,-1375.0,100.0,25.0,0.4152542372881356
825.0,-1375.0,100.0,25.0,0.385593220338983
875.0,-1375.0,100.0,25.0,0.35593220338983056
925.0,-1375.0,100.0,25.0,0.326271186440678
975.0,-1375.0,100.0,25.0,0.2966101694915254
1025.0,-1375.0,100.0,25.0,0.2669491525423729
1075.0,-1375.0,100.0,25.0,0.23728813559322035
1125.0,-1375.0,100.0,25.0,0.2076271186440678
1175.0,-1375.0,100.0,25.0,0.17796610169491528
1225.0,-1375.0,100.0,25.0,0.1483050847457627
1275.0,-1375.0,100.0,25.0,0.11864406779661017
1325.0,-1375.0,100.0,25.0,0.08898305084745764
1375.0,-1375.0,100.0,25.0,0.059322033898305086
1425.0,-1375.0,100.0,25.0,0.029661016949152543
1475.0,-1375.0,100.0,25.0,0.0
-1475.0,-1325.0,100.0,25.0,1.75
-1425.0,-1325.0,100.0,25.0,1.7203389830508475
-1375.0,-1325.0,100.0,25.0,1.6906779661016949
-1325.0,-1325.0,100.0,25.0,1.6610169491525424
-1275.0,-1325.0,100.0,25.0,1.6313559322033897
-1225.0,-1325.0,100.0,25.0,1.6016949152542372
-1175.0,-1325.0,100.0,25.0,1.5720338983050848
-1125.0,-1325.0,100.0,25.0,1.542372881355932
-1075.0,-1325.0,100.0,25.0,1.5127118644067796
-1025.0,-1325.0,100.0,25.0,1.4830508474576272
-975.0,-1325.0,100.0,25.0,1.4533898305084745
-925.0,-1325.0,100.0,25.0,1.4237288135593222
-875.0,-1325.0,100.0,25.0,1.3940677966101696
-825.0,-1325.0,100.0,25.0,1.364406779661017
-775.0,-1325.0,100.0,25.0,1.3347457627118644
-725.0,-1325.0,100.0,25.0,1.305084745762712
-675.0,-1325.0,100.0,25.0,1.2754237288135593
-625.0,-1325.0,100.0,25.0,1.2457627118644068
-575.0,-1325.0,100.0,25.0,1.2161016949152543
-525.0,-1325.0,100.0,25.0,1.1864406779661016
-475.0,-1325.0,100.0,25.0,1.1567796610169492
-425.0,-1325.0,100.0,25.0,1.1271186440677965
-375.0,-1325.0,100.0,25.0,1.097457627118644
-325.0,-1325.0,100.0,25.0,1.0677966101694916
-275.0,-1325.0,100.0,25.0,1.0381355932203389
-225.0,-1325.0,100.0,25.0,1.0084745762711864
-175.0,-1325.0,100.0,25.0,0.9788135593220338
-125.0,-1325.0,100.0,25.0,0.9491525423728814
-75.0,-1325.0,100.0,25.0,0.9194915254237289
-25.0,-1325.0,100.0,25.0,0.8898305084745762
25.0,-1325.0,100.0,25.0,0.8601694915254238
75.0,-1325.0,100.0,25.0,0.8305084745762712
125.0,-1325.0,100.0,25.0,0.8008474576271186
175.0,-1325.0,100.0,25.0,0.771186440677966
225.0,-1325.0,100.0,25.0,0.7415254237288136
275.0,-1325.0,100.0,25.0,0.7118644067796611
325.0,-1325.0,100.0,25.0,0.6822033898305085
375.0,-1325.0,100.0,25.0,0.652542372881356
425.0,-1325.0,100.0,25.0,0.6228813559322034
475.0,-1325.0,100.0,25.0,0.5932203389830508
525.0,-1325.0,100.0,25.0,0.5635593220338982
575.0,-1325.0,100.0,25.0,0.5338983050847458
625.0,-1325.0,100.0,25.0,0.5042372881355932
675.0,-1325.0,100.0,25.0,0.4745762711864407
725.0,-1325.0,100.0,25.0,0.4449152542372881
775.0,-1325.0,100.0,25.0,0.4152542372881356
825.0,-1325.0,100.0,25.0,0.385593220338983
875.0,-1325.0,100.0,25.0,0.35593220338983056
925.0,-1325.0,100.0,25.0,0.326271186440678
975.0,-1325.0,100.0,25.0,0.2966101694915254
1025.0,-1325.0,100.0,25.0,0.2669491525423729
1075.0,-1325.0,100.0,25.0,0.23728813559322035
1125.0,-1325.0,100.0,25.0,0.2076271186440678
1175.0,-1325.0,100.0,25.0,0.17796610169491528
1225.0,-1325.0,100.0,25.0,0.1483050847457627
1275.0,-1325.0,100.0,25.0,0.11864406779661017
1325.0,-1325.0,100.0,25.0,0.08898305084745764
1375.0,-1325.0,100.0,25.0,0.059322033898305086
1425.0,-1325.0,100.0,25.0,0.029661016949152543
1475.0,-1325.0,100.0,25.0,0.0
-1475.0,-1275.0,100.0,25.0,1.75
-1425.0,-1275.0,100.0,25.0,1.7203389830508475
-1375.0,-1275.0,100.0,25.0,1.6906779661016949
-1325.0,-1275.0,100.0,25.0,1.6610169491525424
-1275.0,-1275.0,100.0,25.0,1.6313559322033897
-1225.0,-1275.0,100.0,25.0,1.6016949152542372
-1175.0,-1275.0,100.0,25.0,1.5720338983050848
-1125.0,-1275.0,100.0,25.0,1.542372881355932
-1075.0,-1275.0,100.0,25.0,1.5127118644067796
-1025.0,-1275.0,100.0,25.0,1.4830508474576272
-975.0,-1275.0,100.0,25.0,1.4533898305084745
-925.0,-1275.0,100.0,25.0,1.4237288135593222
-875.0,-1275.0,100.0,25.0,1.3940677966101696
-825.0,-1275.0,100.0,25.0,1.364406779661017
-775.0,-1275.0,100.0,25.0,1.3347457627118644
-725.0,-1275.0,100.0,25.0,1.305084745762712
-675.0,-1275.0,100.0,25.0,1.2754237288135593
-625.0,-1275.0,100.0,25.0,1.2457627118644068
-575.0,-1275.0,100.0,25.0,1.2161016949152543
-525.0,-1275.0,100.0,25.0,1.1864406779661016
-475.0,-1275.0,100.0,25.0,1.1567796610169492
-425.0,-1275.0,100.0,25.0,1.1271186440677965
-375.0,-1275.0,100.0,25.0,1.097457627118644
-325.0,-1275.0,100.0,25.0,1.0677966101694916
-275.0,-1275.0,100.0,25.0,1.0381355932203389
-225.0,-1275.0,100.0,25.0,1.0084745762711864
-175.0,-1275.0,100.0,25.0,0.9788135593220338
-125.0,-1275.0,100.0,25.0,0.9491525423728814
-75.0,-1275.0,100.0,25.0,0.9194915254237289
-25.0,-1275.0,100.0,25.0,0.8898305084745762
25.0,-1275.0,100.0,25.0,0.8601694915254238
75.0,-1275.0,100.0,25.0,0.8305084745762712
125.0,-1275.0,100.0,25.0,0.8008474576271186
175.0,-1275.0,100.0,25.0,0.771186440677966
225.0,-1275.0,100.0,25.0,0.7415254237288136
275.0,-1275.0,100.0,25.0,0.7118644067796611
325.0,-1275.0,100.0,25.0,0.6822033898305085
375.0,-1275.0,100.0,25.0,0.652542372881356
425.0,-1275.0,100.0,25.0,0.6228813559322034
475.0,-1275.0,100.0,25.0,0.5932203389830508
525.0,-1275.0,100.0,25.0,0.5635593220338982
575.0,-1275.0,100.0,25.0,0.5338983050847458
625.0,-1275.0,100.0,25.0,0.5042372881355932
675.0,-1275.0,100.0,25.0,0.4745762711864407
725.0,-1275.0,100.0,25.0,0.4449152542372881
775.0,-1275.0,100.0,25.0,0.4152542372881356
825.0,-1275.0,100.0,25.0,0.385593220338983
875.0,-1275.0,100.0,25.0,0.35593220338983056
925.0,-1275.0,100.0,25.0,0.326271186440678
975.0,-1275.0,100.0,25.0,0.2966101694915254
1025.0,-1275.0,100.0,25.0,0.2669491525423729
1075.0,-1275.0,100.0,25.0,0.23728813559322035
1125.0,-1275.0,100.0,25.0,0.2076271186440678
1175.0,-1275.0,100.0,25.0,0.17796610169491528
1225.0,-1275.0,100.0,25.0,0.1483050847457627
1275.0,-1275.0,100.0,25.0,0.11864406779661017
1325.0,-1275.0,100.0,25.0,0.08898305084745764
1375.0,-1275.0,100.0,25.0,0.059322033898305086
1425.0,-1275.0,100.0,25.0,0.029661016949152543
1475.0,-1275.0,100.0,25.0,0.0
-1475.0,-1225.0,100.0,25.0,1.75
-1425.0,-1225.0,100.0,25.0,1.7203389830508475
-1375.0,-1225.0,100.0,25.0,1.6906779661016949
-1325.0,-1225.0,100.0,25.0,1.6610169491525424
-1275.0,-1225.0,100.0,25.0,1.6313559322033897
-1225.0,-1225.0,100.0,25.0,1.6016949152542372
-1175.0,-1225.0,100.0,25.0,1.5720338983050848
-1125.0,-1225.0,100.0,25.0,1.542372881355932
-1075.0,-1225.0,100.0,25.0,1.5127118644067796
-1025.0,-1225.0,100.0,25.0,1.4830508474576272
-975.0,-1225.0,100.0,25.0,1.4533898305084745
-925.0,-1225.0,100.0,25.0,1.4237288135593222
-875.0,-1225.0,100.0,25.0,1.3940677966101696
-825.0,-1225.0,100.0,25.0,1.364406779661017
-775.0,-1225.0,100.0,25.0,1.3347457627118644
-725.0,-1225.0,100.0,25.0,1.305084745762712
-675.0,-1225.0,100.0,25.0,1.2754237288135593
-625.0,-1225.0,100.0,25.0,1.2457627118644068
-575.0,-1225.0,100.0,25.0,1.2161016949152543
-525.0,-1225.0,100.0,25.0,1.1864406779661016
-475.0,-1225.0,100.0,25.0,1.1567796610169492
-425.0,-1225.0,100.0,25.0,1.1271186440677965
-375.0,-1225.0,100.0,25.0,1.097457627118644
-325.0,-1225.0,100.0,25.0,1.0677966101694916
-275.0,-1225.0,100.0,25.0,1.0381355932203389
-225.0,-1225.0,100.0,25.0,1.0084745762711864
-175.0,-1225.0,100.0,25.0,0.9788135593220338
-125.0,-1225.0,100.0,25.0,0.9491525423728814
-75.0,-1225.0,100.0,25.0,0.9194915254237289
-25.0,-1225.0,100.0,25.0,0.8898305084745762
25.0,-1225.0,100.0,25.0,0.8601694915254238
75.0,-1225.0,100.0,25.0,0.8305084745762712
125.0,-1225.0,100.0,25.0,0.8008474576271186
175.0,-1225.0,100.0,25.0,0.771186440677966
225.0,-1225.0,100.0,25.0,0.7415254237288136
275.0,-1225.0,100.0,25.0,0.7118644067796611
325.0,-1225.0,100.0,25.0,0.6822033898305085
375.0,-1225.0,100.0,25.0,0.652542372881356
425.0,-1225.0,100.0,25.0,0.6228813559322034
475.0,-1225.0,100.0,25.0,0.5932203389830508
525.0,-1225.0,100.0,25.0,0.5635593220338982
575.0,-1225.0,100.0,25.0,0.5338983050847458
625.0,-1225.0,100.0,25.0,0.5042372881355932
675.0,-1225.0,100.0,25.0,0.4745762711864407
725.0,-1225.0,100.0,25.0,0.4449152542372881
775.0,-1225.0,100.0,25.0,0.4152542372881356
825.0,-1225.0,100.0,25.0,0.385593220338983
875.0,-1225.0,100.0,25.0,0.35593220338983056
925.0,-1225.0,100.0,25.0,0.326271186440678
975.0,-1225.0,100.0,25.0,0.2966101694915254
1025.0,-1225.0,100.0,25.0,0.2669491525423729
1075.0,-1225.0,100.0,25.0,0.23728813559322035
1125.0,-1225.0,100.0,25.0,0.2076271186440678
1175.0,-1225.0,100.0,25.0,0.17796610169491528
1225.0,-1225.0,100.0,25.0,0.1483050847457627
1275.0,-1225.0,100.0,25.0,0.11864406779661017
1325.0,-1225.0,100.0,25.0,0.08898305084745764
1375.0,-1225.0,100.0,25.0,0.059322033898305086
1425.0,-1225.0,100.0,25.0,0.029661016949152543
1475.0,-1225.0,100.0,25.0,0.0
-1475.0,-1175.0,100.0,25.0,1.75
-1425.0,-1175.0,100.0,25.0,1.7203389830508475
-1375.0,-1175.0,100.0,25.0,1.6906779661016949
-1325.0,-1175.0,100.0,25.0,1.6610169491525424
-1275.0,-1175.0,100.0,25.0,1.6313559322033897
-1225.0,-1175.0,100.0,25.0,1.6016949152542372
-1175.0,-1175.0,100.0,25.0,1.5720338983050848
-1125.0,-1175.0,100.0,25.0,1.542372881355932
-1075.0,-1175.0,100.0,25.0,1.5127118644067796
-1025.0,-1175.0,100.0,25.0,1.4830508474576272
-975.0,-1175.0,100.0,25.0,1.4533898305084745
-925.0,-1175.0,100.0,25.0,1.4237288135593222
-875.0,-1175.0,100.0,25.0,1.3940677966101696
-825.0,-1175.0,100.0,25.0,1.364406779661017
-775.0,-1175.0,100.0,25.0,1.3347457627118644
-725.0,-1175.0,100.0,25.0,1.305084745762712
-675.0,-1175.0,100.0,25.0,1.2754237288135593
-625.0,-1175.0,100.0,25.0,1.2457627118644068
-575.0,-1175.0,100.0,25.0,1.2161016949152543
-525.0,-1175.0,100.0,25.0,1.1864406779661016
-475.0,-1175.0,100.0,25.0,1.1567796610169492
-425.0,-1175.0,100.0,25.0,1.1271186440677965
-375.0,-1175.0,100.0,25.0,1.097457627118644
-325.0,-1175.0,100.0,25.0,1.0677966101694916
-275.0,-1175.0,100.0,25.0,1.0381355932203389
-225.0,-1175.0,100.0,25.0,1.0084745762711864
-175.0,-1175.0,100.0,25.0,0.9788135593220338
-125.0,-1175.0,100.0,25.0,0.9491525423728814
-75.0,-1175.0,100.0,25.0,0.9194915254237289
-25.0,-1175.0,100.0,25.0,0.8898305084745762
25.0,-1175.0,100.0,25.0,0.8601694915254238
75.0,-1175.0,100.0,25.0,0.8305084745762712
125.0,-1175.0,100.0,25.0,0.8008474576271186
175.0,-1175.0,100.0,25.0,0.771186440677966
225.0,-1175.0,100.0,25.0,0.7415254237288136
275.0,-1175.0,100.0,25.0,0.7118644067796611
325.0,-1175.0,100.0,25.0,0.6822033898305085
375.0,-1175.0,100.0,25.0,0.652542372881356
425.0,-1175.0,100.0,25.0,0.6228813559322034
475.0,-1175.0,100.0,25.0,0.5932203389830508
525.0,-1175.0,100.0,25.0,0.5635593220338982
575.0,-1175.0,100.0,25.0,0.5338983050847458
625.0,-1175.0,100.0,25.0,0.5042372881355932
675.0,-1175.0,100.0,25.0,0.4745762711864407
725.0,-1175.0,100.0,25.0,0.4449152542372881
775.0,-1175.0,100.0,25.0,0.4152542372881356
825.0,-1175.0,100.0,25.0,0.385593220338983
875.0,-1175.0,100.0,25.0,0.35593220338983056
925.0,-1175.0,100.0,25.0,0.326271186440678
975.0,-1175.0,100.0,25.0,0.2966101694915254
1025.0,-1175.0,100.0,25.0,0.2669491525423729
1075.0,-1175.0,100.0,25.0,0.23728813559322035
1125.0,-1175.0,100.0,25.0,0.2076271186440678
1175.0,-1175.0,100.0,25.0,0.17796610169491528
1225.0,-1175.0,100.0,25.0,0.1483050847457627
1275.0,-1175.0,100.0,25.0,0.11864406779661017
1325.0,-1175.0,100.0,25.0,0.08898305084745764
1375.0,-1175.0,100.0,25.0,0.059322033898305086
1425.0,-1175.0,100.0,25.0,0.029661016949152543
1475.0,-1175.0,100.0,25.0,0.0
-1475.0,-1125.0,100.0,25.0,1.75
-1425.0,-1125.0,100.0,25.0,1.7203389830508475
-1375.0,-1125.0,100.0,25.0,1.6906779661016949
-1325.0,-1125.0,100.0,25.0,1.6610169491525424
-1275.0,-1125.0,100.0,25.0,1.6313559322033897
-1225.0,-1125.0,100.0,25.0,1.6016949152542372
-1175.0,-1125.0,100.0,25.0,1.5720338983050848
-1125.0,-1125.0,100.0,25.0,1.542372881355932
-1075.0,-1125.0,100.0,25.0,1.5127118644067796
-1025.0,-1125.0,100.0,25.0,1.4830508474576272
-975.0,-1125.0,100.0,25.0,1.4533898305084745
-925.0,-1125.0,100.0,25.0,1.4237288135593222
-875.0,-1125.0,100.0,25.0,1.3940677966101696
-825.0,-1125.0,100.0,25.0,1.364406779661017
-775.0,-1125.0,100.0,25.0,1.3347457627118644
-725.0,-1125.0,100.0,25.0,1.305084745762712
-675.0,-1125.0,100.0,25.0,1.2754237288135593
-625.0,-1125.0,100.0,25.0,1.2457627118644068
-575.0,-1125.0,100.0,25.0,1.2161016949152543
-525.0,-1125.0,100.0,25.0,1.1864406779661016
-475.0,-1125.0,100.0,25.0,1.1567796610169492
-425.0,-1125.0,100.0,25.0,1.1271186440677965
-375.0,-1125.0,100.0,25.0,1.097457627118644
-325.0,-1125.0,100.0,25.0,1.0677966101694916
-275.0,-1125.0,100.0,25.0,1.0381355932203389
-225.0,-1125.0,100.0,25.0,1.0084745762711864
-175.0,-1125.0,100.0,25.0,0.9788135593220338
-125.0,-1125.0,100.0,25.0,0.9491525423728814
-75.0,-1125.0,100.0,25.0,0.9194915254237289
-25.0,-1125.0,100.0,25.0,0.8898305084745762
25.0,-1125.0,100.0,25.0,0.8601694915254238
75.0,-1125.0,100.0,25.0,0.8305084745762712
125.0,-1125.0,100.0,25.0,0.8008474576271186
175.0,-1125.0,100.0,25.0,0.771186440677966
225.0,-1125.0,100.0,25.0,0.7415254237288136
275.0,-1125.0,100.0,25.0,0.7118644067796611
325.0,-1125.0,100.0,25.0,0.6822033898305085
375.0,-1125.0,100.0,25.0,0.652542372881356
425.0,-1125.0,100.0,25.0,0.6228813559322034
475.0,-1125.0,100.0,25.0,0.5932203389830508
525.0,-1125.0,100.0,25.0,0.5635593220338982
575.0,-1125.0,100.0,25.0,0.5338983050847458
625.0,-1125.0,100.0,25.0,0.5042372881355932
675.0,-1125.0,100.0,25.0,0.4745762711864407
725.0,-1125.0,100.0,25.0,0.4449152542372881
775.0,-1125.0,100.0,25.0,0.4152542372881356
825.0,-1125.0,100.0,25.0,0.385593220338983
875.0,-1125.0,100.0,25.0,0.35593220338983056
925.0,-1125.0,100.0,25.0,0.326271186440678
975.0,-1125.0,100.0,25.0,0.2966101694915254
1025.0,-1125.0,100.0,25.0,0.2669491525423729
1075.0,-1125.0,100.0,25.0,0.23728813559322035
1125.0,-1125.0,100.0,25.0,0.2076271186440678
1175.0,-1125.0,100.0,25.0,0.17796610169491528
1225.0,-1125.0,100.0,25.0,0.1483050847457627
1275.0,-1125.0,100.0,25.0,0.11864406779661017
1325.0,-1125.0,100.0,25.0,0.08898305084745764
1375.0,-1125.0,100.0,25.0,0.059322033898305086
1425.0,-1125.0,100.0,25.0,0.029661016949152543
1475.0,-1125.0,100.0,25.0,0.0
-1475.0,-1075.0,100.0,25.0,1.75
-1425.0,-1075.0,100.0,25.0,1.7203389830508475
-1375.0,-1075.0,100.0,25.0,1.6906779661016949
-1325.0,-1075.0,100.0,25.0,1.6610169491525424
-1275.0,-1075.0,100.0,25.0,1.6313559322033897
-1225.0,-1075.0,100.0,25.0,1.6016949152542372
-1175.0,-1075.0,100.0,25.0,1.5720338983050848
-1125.0,-1075.0,100.0,25.0,1.542372881355932
-1075.0,-1075.0,100.0,25.0,1.5127118644067796
-1025.0,-1075.0,100.0,25.0,1.4830508474576272
-975.0,-1075.0,100.0,25.0,1.4533898305084745
-925.0,-1075.0,100.0,25.0,1.4237288135593222
-875.0,-1075.0,100.0,25.0,1.3940677966101696
-825.0,-1075.0,100.0,25.0,1.364406779661017
-775.0,-1075.0,100.0,25.0,1.3347457627118644
-725.0,-1075.0,100.0,25.0,1.305084745762712
-675.0,-1075.0,100.0,25.0,1.2754237288135593
-625.0,-1075.0,100.0,25.0,1.2457627118644068
-575.0,-1075.0,100.0,25.0,1.2161016949152543
-525.0,-1075.0,100.0,25.0,1.1864406779661016
-475.0,-1075.0,100.0,25.0,1.1567796610169492
-425.0,-1075.0,100.0,25.0,1.1271186440677965
-375.0,-1075.0,100.0,25.0,1.097457627118644
-325.0,-1075.0,100.0,25.0,1.0677966101694916
-275.0,-1075.0,100.0,25.0,1.0381355932203389
-225.0,-1075.0,100.0,25.0,1.0084745762711864
-175.0,-1075.0,100.0,25.0,0.9788135593220338
-125.0,-1075.0,100.0,25.0,0.9491525423728814
-75.0,-1075.0,100.0,25.0,0.9194915254237289
-25.0,-1075.0,100.0,25.0,0.8898305084745762
25.0,-1075.0,100.0,25.0,0.8601694915254238
75.0,-1075.0,100.0,25.0,0.8305084745762712
125.0,-1075.0,100.0,25.0,0.8008474576271186
175.0,-1075.0,100.0,25.0,0.771186440677966
225.0,-1075.0,100.0,25.0,0.7415254237288136
275.0,-1075.0,100.0,25.0,0.7118644067796611
325.0,-1075.0,100.0,25.0,0.6822033898305085
375.0,-1075.0,100.0,25.0,0.652542372881356
425.0,-1075.0,100.0,25.0,0.6228813559322034
475.0,-1075.0,100.0,25.0,0.5932203389830508
525.0,-1075.0,100.0,25.0,0.5635593220338982
575.0,-1075.0,100.0,25.0,0.5338983050847458
625.0,-1075.0,100.0,25.0,0.5042372881355932
675.0,-1075.0,100.0,25.0,0.4745762711864407
725.0,-1075.0,100.0,25.0,0.4449152542372881
775.0,-1075.0,100.0,25.0,0.4152542372881356
825.0,-1075.0,100.0,25.0,0.385593220338983
875.0,-1075.0,100.0,25.0,0.35593220338983056
925.0,-1075.0,100.0,25.0,0.326271186440678
975.0,-1075.0,100.0,25.0,0.2966101694915254
1025.0,-1075.0,100.0,25.0,0.2669491525423729
1075.0,-1075.0,100.0,25.0,0.23728813559322035
1125.0,-1075.0,100.0,25.0,0.2076271186440678
1175.0,-1075.0,100.0,25.0,0.17796610169491528
1225.0,-1075.0,100.0,25.0,0.1483050847457627
1275.0,-1075.0,100.0,25.0,0.11864406779661017
1325.0,-1075.0,100.0,25.0,0.08898305084745764
1375.0,-1075.0,100.0,25.0,0.059322033898305086
1425.0,-1075.0,100.0,25.0,0.029661016949152543
1475.0,-1075.0,100.0,25.0,0.0
-1475.0,-1025.0,100.0,25.0,1.75
-1425.0,-1025.0,100.0,25.0,1.7203389830508475
-1375.0,-1025.0,100.0,25.0,1.6906779661016949
-1325.0,-1025.0,100.0,25.0,1.6610169491525424
-1275.0,-1025.0,100.0,25.0,1.6313559322033897
-1225.0,-1025.0,100.0,25.0,1.6016949152542372
-1175.0,-1025.0,100.0,25.0,1.5720338983050848
-1125.0,-1025.0,100.0,25.0,1.542372881355932
-1075.0,-1025.0,100.0,25.0,1.5127118644067796
-1025.0,-1025.0,100.0,25.0,1.4830508474576272
-975.0,-1025.0,100.0,25.0,1.4533898305084745
-925.0,-1025.0,100.0,25.0,1.4237288135593222
-875.0,-1025.0,100.0,25.0,1.3940677966101696
-825.0,-1025.0,100.0,25.0,1.364406779661017
-775.0,-1025.0,100.0,25.0,1.3347457627118644
-725.0,-1025.0,100.0,25.0,1.305084745762712
-675.0,-1025.0,100.0,25.0,1.2754237288135593
-625.0,-1025.0,100.0,25.0,1.2457627118644068
-575.0,-1025.0,100.0,25.0,1.2161016949152543
-525.0,-1025.0,100.0,25.0,1.1864406779661016
-475.0,-1025.0,100.0,25.0,1.1567796610169492
-425.0,-1025.0,100.0,25.0,1.1271186440677965
-375.0,-1025.0,100.0,25.0,1.097457627118644
-325.0,-1025.0,100.0,25.0,1.0677966101694916
-275.0,-1025.0,100.0,25.0,1.0381355932203389
-225.0,-1025.0,100.0,25.0,1.0084745762711864
-175.0,-1025.0,100.0,25.0,0.9788135593220338
-125.0,-1025.0,100.0,25.0,0.9491525423728814
-75.0,-1025.0,100.0,25.0,0.9194915254237289
-25.0,-1025.0,100.0,25.0,0.8898305084745762
25.0,-1025.0,100.0,25.0,0.8601694915254238
75.0,-1025.0,100.0,25.0,0.8305084745762712
125.0,-1025.0,100.0,25.0,0.8008474576271186
175.0,-1025.0,100.0,25.0,0.771186440677966
225.0,-1025.0,100.0,25.0,0.7415254237288136
275.0,-1025.0,100.0,25.0,0.7118644067796611
325.0,-1025.0,100.0,25.0,0.6822033898305085
375.0,-1025.0,100.0,25.0,0.652542372881356
425.0,-1025.0,100.0,25.0,0.6228813559322034
475.0,-1025.0,100.0,25.0,0.5932203389830508
525.0,-1025.0,100.0,25.0,0.5635593220338982
575.0,-1025.0,100.0,25.0,0.5338983050847458
625.0,-1025.0,100.0,25.0,0.5042372881355932
675.0,-1025.0,100.0,25.0,0.4745762711864407
725.0,-1025.0,100.0,25.0,0.4449152542372881
775.0,-1025.0,100.0,25.0,0.4152542372881356
825.0,-1025.0,100.0,25.0,0.385593220338983
875.0,-1025.0,100.0,25.0,0.35593220338983056
925.0,-1025.0,100.0,25.0,0.326271186440678
975.0,-1025.0,100.0,25.0,0.2966101694915254
1025.0,-1025.0,100.0,25.0,0.2669491525423729
1075.0,-1025.0,100.0,25.0,0.23728813559322035
1125.0,-1025.0,100.0,25.0,0.2076271186440678
1175.0,-1025.0,100.0,25.0,0.17796610169491528
1225.0,-1025.0,100.0,25.0,0.1483050847457627
1275.0,-1025.0,100.0,25.0,0.11864406779661017
1325.0,-1025.0,100.0,25.0,0.08898305084745764
1375.0,-1025.0,100.0,25.0,0.059322033898305086
1425.0,-1025.0,100.0,25.0,0.029661016949152543
1475.0,-1025.0,100.0,25.0,0.0
-1475.0,-975.0,100.0,25.0,1.75
-1425.0,-975.0,100.0,25.0,1.7203389830508475
-1375.0,-975.0,100.0,25.0,1.6906779661016949
-1325.0,-975.0,100.0,25.0,1.6610169491525424
-1275.0,-975.0,100.0,25.0,1.6313559322033897
-1225.0,-975.0,100.0,25.0,1.6016949152542372
-1175.0,-975.0,100.0,25.0,1.5720338983050848
-1125.0,-975.0,100.0,25.0,1.542372881355932
-1075.0,-975.0,100.0,25.0,1.5127118644067796
-1025.0,-975.0,100.0,25.0,1.4830508474576272
-975.0,-975.0,100.0,25.0,1.4533898305084745
-925.0,-975.0,100.0,25.0,1.4237288135593222
-875.0,-975.0,100.0,25.0,1.3940677966101696
-825.0,-975.0,100.0,25.0,1.364406779661017
-775.0,-975.0,100.0,25.0,1.3347457627118644
-725.0,-975.0,100.0,25.0,1.305084745762712
-675.0,-975.0,100.0,25.0,1.2754237288135593
-625.0,-975.0,100.0,25.0,1.2457627118644068
-575.0,-975.0,100.0,25.0,1.2161016949152543
-525.0,-975.0,100.0,25.0,1.1864406779661016
-475.0,-975.0,100.0,25.0,1.1567796610169492
-425.0,-975.0,100.0,25.0,1.1271186440677965
-375.0,-975.0,100.0,25.0,1.097457627118644
-325.0,-975.0,100.0,25.0,1.0677966101694916
-275.0,-975.0,100.0,25.0,1.0381355932203389
-225.0,-975.0,100.0,25.0,1.0084745762711864
-175.0,-975.0,100.0,25.0,0.9788135593220338
-125.0,-975.0,100.0,25.0,0.9491525423728814
-75.0,-975.0,100.0,25.0,0.9194915254237289
-25.0,-975.0,100.0,25.0,0.8898305084745762
25.0,-975.0,100.0,25.0,0.8601694915254238
75.0,-975.0,100.0,25.0,0.8305084745762712
125.0,-975.0,100.0,25.0,0.8008474576271186
175.0,-975.0,100.0,25.0,0.771186440677966
225.0,-975.0,100.0,25.0,0.7415254237288136
275.0,-975.0,100.0,25.0,0.7118644067796611
325.0,-975.0,100.0,25.0,0.6822033898305085
375.0,-975.0,100.0,25.0,0.652542372881356
425.0,-975.0,100.0,25.0,0.6228813559322034
475.0,-975.0,100.0,25.0,0.5932203389830508
525.0,-975.0,100.0,25.0,0.5635593220338982
575.0,-975.0,100.0,25.0,0.5338983050847458
625.0,-975.0,100.0,25.0,0.5042372881355932
675.0,-975.0,100.0,25.0,0.4745762711864407
725.0,-975.0,100.0,25.0,0.4449152542372881
775.0,-975.0,100.0,25.0,0.4152542372881356
825.0,-975.0,100.0,25.0,0.385593220338983
875.0,-975.0,100.0,25.0,0.35593220338983056
925.0,-975.0,100.0,25.0,0.326271186440678
975.0,-975.0,100.0,25.0,0.2966101694915254
1025.0,-975.0,100.0,25.0,0.2669491525423729
1075.0,-975.0,100.0,25.0,0.23728813559322035
1125.0,-975.0,100.0,25.0,0.2076271186440678
1175.0,-975.0,100.0,25.0,0.17796610169491528
1225.0,-975.0,100.0,25.0,0.1483050847457627
1275.0,-975.0,100.0,25.0,0.11864406779661017
1325.0,-975.0,100.0,25.0,0.08898305084745764
1375.0,-975.0,100.0,25.0,0.059322033898305086
1425.0,-975.0,100.0,25.0,0.029661016949152543
1475.0,-975.0,100.0,25.0,0.0
-1475.0,-925.0,100.0,25.0,1.75
-1425.0,-925.0,100.0,25.0,1.7203389830508475
-1375.0,-925.0,100.0,25.0,1.6906779661016949
-1325.0,-925.0,100.0,25.0,1.6610169491525424
-1275.0,-925.0,100.0,25.0,1.6313559322033897
-1225.0,-925.0,100.0,25.0,1.6016949152542372
-1175.0,-925.0,100.0,25.0,1.5720338983050848
-1125.0,-925.0,100.0,25.0,1.542372881355932
-1075.0,-925.0,100.0,25.0,1.5127118644067796
-1025.0,-925.0,100.0,25.0,1.4830508474576272
-975.0,-925.0,100.0,25.0,1.4533898305084745
-925.0,-925.0,100.0,25.0,1.4237288135593222
-875.0,-925.0,100.0,25.0,1.3940677966101696
-825.0,-925.0,100.0,25.0,1.364406779661017
-775.0,-925.0,100.0,25.0,1.3347457627118644
-725.0,-925.0,100.0,25.0,1.305084745762712
-675.0,-925.0,100.0,25.0,1.2754237288135593
-625.0,-925.0,100.0,25.0,1.2457627118644068
-575.0,-925.0,100.0,25.0,1.2161016949152543
-525.0,-925.0,100.0,25.0,1.1864406779661016
-475.0,-925.0,100.0,25.0,1.1567796610169492
-425.0,-925.0,100.0,25.0,1.1271186440677965
-375.0,-925.0,100.0,25.0,1.097457627118644
-325.0,-925.0,100.0,25.0,1.0677966101694916
-275.0,-925.0,100.0,25.0,1.0381355932203389
-225.0,-925.0,100.0,25.0,1.0084745762711864
-175.0,-925.0,100.0,25.0,0.9788135593220338
-125.0,-925.0,100.0,25.0,0.9491525423728814
-75.0,-925.0,100.0,25.0,0.9194915254237289
-25.0,-925.0,100.0,25.0,0.8898305084745762
25.0,-925.0,100.0,25.0,0.8601694915254238
75.0,-925.0,100.0,25.0,0.8305084745762712
125.0,-925.0,100.0,25.0,0.8008474576271186
175.0,-925.0,100.0,25.0,0.771186440677966
225.0,-925.0,100.0,25.0,0.7415254237288136
275.0,-925.0,100.0,25.0,0.7118644067796611
325.0,-925.0,100.0,25.0,0.6822033898305085
375.0,-925.0,100.0,25.0,0.652542372881356
425.0,-925.0,100.0,25.0,0.6228813559322034
475.0,-925.0,100.0,25.0,0.5932203389830508
525.0,-925.0,100.0,25.0,0.5635593220338982
575.0,-925.0,100.0,25.0,0.5338983050847458
625.0,-925.0,100.0,25.0,0.5042372881355932
675.0,-925.0,100.0,25.0,0.4745762711864407
725.0,-925.0,100.0,25.0,0.4449152542372881
775.0,-925.0,100.0,25.0,0.4152542372881356
825.0,-925.0,100.0,25.0,0.385593220338983
875.0,-925.0,100.0,25.0,0.35593220338983056
925.0,-925.0,100.0,25.0,0.326271186440678
975.0,-925.0,100.0,25.0,0.2966101694915254
1025.0,-925.0,100.0,25.0,0.2669491525423729
1075.0,-925.0,100.0,25.0,0.23728813559322035
1125.0,-925.0,100.0,25.0,0.2076271186440678
1175.0,-925.0,100.0,25.0,0.17796610169491528
1225.0,-925.0,100.0,25.0,0.1483050847457627
1275.0,-925.0,100.0,25.0,0.11864406779661017
1325.0,-925.0,100.0,25.0,0.08898305084745764
1375.0,-925.0,100.0,25.0,0.059322033898305086
1425.0,-925.0,100.0,25.0,0.029661016949152543
1475.0,-925.0,100.0,25.0,0.0
-1475.0,-875.0,100.0,25.0,1.75
-1425.0,-875.0,100.0,25.0,1.7203389830508475
-1375.0,-875.0,100.0,25.0,1.6906779661016949
-1325.0,-875.0,100.0,25.0,1.6610169491525424
-1275.0,-875.0,100.0,25.0,1.6313559322033897
-1225.0,-875.0,100.0,25.0,1.6016949152542372
-1175.0,-875.0,100.0,25.0,1.5720338983050848
-1125.0,-875.0,100.0,25.0,1.542372881355932
-1075.0,-875.0,100.0,25.0,1.5127118644067796
-1025.0,-875.0,100.0,25.0,1.4830508474576272
-975.0,-875.0,100.0,25.0,1.4533898305084745
-925.0,-875.0,100.0,25.0,1.4237288135593222
-875.0,-875.0,100.0,25.0,1.3940677966101696
-825.0,-875.0,100.0,25.0,1.364406779661017
-775.0,-875.0,100.0,25.0,1.3347457627118644
-725.0,-875.0,100.0,25.0,1.305084745762712
-675.0,-875.0,100.0,25.0,1.2754237288135593
-625.0,-875.0,100.0,25.0,1.2457627118644068
-575.0,-875.0,100.0,25.0,1.2161016949152543
-525.0,-875.0,100.0,25.0,1.1864406779661016
-475.0,-875.0,100.0,25.0,1.1567796610169492
-425.0,-875.0,100.0,25.0,1.1271186440677965
-375.0,-875.0,100.0,25.0,1.097457627118644
-325.0,-875.0,100.0,25.0,1.0677966101694916
-275.0,-875.0,100.0,25.0,1.0381355932203389
-225.0,-875.0,100.0,25.0,1.0084745762711864
-175.0,-875.0,100.0,25.0,0.9788135593220338
-125.0,-875.0,100.0,25.0,0.9491525423728814
-75.0,-875.0,100.0,25.0,0.9194915254237289
-25.0,-875.0,100.0,25.0,0.8898305084745762
25.0,-875.0,100.0,25.0,0.8601694915254238
75.0,-875.0,100.0,25.0,0.8305084745762712
125.0,-875.0,100.0,25.0,0.8008474576271186
175.0,-875.0,100.0,25.0,0.771186440677966
225.0,-875.0,100.0,25.0,0.7415254237288136
275.0,-875.0,100.0,25.0,0.7118644067796611
325.0,-875.0,100.0,25.0,0.6822033898305085
375.0,-875.0,100.0,25.0,0.652542372881356
425.0,-875.0,100.0,25.0,0.6228813559322034
475.0,-875.0,100.0,25.0,0.5932203389830508
525.0,-875.0,100.0,25.0,0.5635593220338982
575.0,-875.0,100.0,25.0,0.5338983050847458
625.0,-875.0,100.0,25.0,0.5042372881355932
675.0,-875.0,100.0,25.0,0.4745762711864407
725.0,-875.0,100.0,25.0,0.4449152542372881
775.0,-875.0,100.0,25.0,0.4152542372881356
825.0,-875.0,100.0,25.0,0.385593220338983
875.0,-875.0,100.0,25.0,0.35593220338983056
925.0,-875.0,100.0,25.0,0.326271186440678
975.0,-875.0,100.0,25.0,0.2966101694915254
1025.0,-875.0,100.0,25.0,0.2669491525423729
1075.0,-875.0,100.0,25.0,0.23728813559322035
1125.0,-875.0,100.0,25.0,0.2076271186440678
1175.0,-875.0,100.0,25.0,0.17796610169491528
1225.0,-875.0,100.0,25.0,0.1483050847457627
1275.0,-875.0,100.0,25.0,0.11864406779661017
1325.0,-875.0,100.0,25.0,0.08898305084745764
1375.0,-875.0,100.0,25.0,0.059322033898305086
1425.0,-875.0,100.0,25.0,0.029661016949152543
1475.0,-875.0,100.0,25.0,0.0
-1475.0,-825.0,100.0,25.0,1.75
-1425.0,-825.0,100.0,25.0,1.7203389830508475
-1375.0,-825.0,100.0,25.0,1.6906779661016949
-1325.0,-825.0,100.0,25.0,1.6610169491525424
-1275.0,-825.0,100.0,25.0,1.6313559322033897
-1225.0,-825.0,100.0,25.0,1.6016949152542372
-1175.0,-825.0,100.0,25.0,1.5720338983050848
-1125.0,-825.0,100.0,25.0,1.542372881355932
-1075.0,-825.0,100.0,25.0,1.5127118644067796
-1025.0,-825.0,100.0,25.0,1.4830508474576272
-975.0,-825.0,100.0,25.0,1.4533898305084745
-925.0,-825.0,100.0,25.0,1.4237288135593222
-875.0,-825.0,100.0,25.0,1.3940677966101696
-825.0,-825.0,100.0,25.0,1.364406779661017
-775.0,-825.0,100.0,25.0,1.3347457627118644
-725.0,-825.0,100.0,25.0,1.305084745762712
-675.0,-825.0,100.0,25.0,1.2754237288135593
-625.0,-825.0,100.0,25.0,1.2457627118644068
-575.0,-825.0,100.0,25.0,1.2161016949152543
-525.0,-825.0,100.0,25.0,1.1864406779661016
-475.0,-825.0,100.0,25.0,1.1567796610169492
-425.0,-825.0,100.0,25.0,1.1271186440677965
-375.0,-825.0,100.0,25.0,1.097457627118644
-325.0,-825.0,100.0,25.0,1.0677966101694916
-275.0,-825.0,100.0,25.0,1.0381355932203389
-225.0,-825.0,100.0,25.0,1.0084745762711864
-175.0,-825.0,100.0,25.0,0.9788135593220338
-125.0,-825.0,100.0,25.0,0.9491525423728814
-75.0,-825.0,100.0,25.0,0.9194915254237289
-25.0,-825.0,100.0,25.0,0.8898305084745762
25.0,-825.0,100.0,25.0,0.8601694915254238
75.0,-825.0,100.0,25.0,0.8305084745762712
125.0,-825.0,100.0,25.0,0.8008474576271186
175.0,-825.0,100.0,25.0,0.771186440677966
225.0,-825.0,100.0,25.0,0.7415254237288136
275.0,-825.0,100.0,25.0,0.7118644067796611
325.0,-825.0,100.0,25.0,0.6822033898305085
375.0,-825.0,100.0,25.0,0.652542372881356
425.0,-825.0,100.0,25.0,0.6228813559322034
475.0,-825.0,100.0,25.0,0.5932203389830508
525.0,-825.0,100.0,25.0,0.5635593220338982
575.0,-825.0,100.0,25.0,0.5338983050847458
625.0,-825.0,100.0,25.0,0.5042372881355932
675.0,-825.0,100.0,25.0,0.4745762711864407
725.0,-825.0,100.0,25.0,0.4449152542372881
775.0,-825.0,100.0,25.0,0.4152542372881356
825.0,-825.0,100.0,25.0,0.385593220338983
875.0,-825.0,100.0,25.0,0.35593220338983056
925.0,-825.0,100.0,25.0,0.326271186440678
975.0,-825.0,100.0,25.0,0.2966101694915254
1025.0,-825.0,100.0,25.0,0.2669491525423729
1075.0,-825.0,100.0,25.0,0.23728813559322035
1125.0,-825.0,100.0,25.0,0.2076271186440678
1175.0,-825.0,100.0,25.0,0.17796610169491528
1225.0,-825.0,100.0,25.0,0.1483050847457627
1275.0,-825.0,100.0,25.0,0.11864406779661017
1325.0,-825.0,100.0,25.0,0.08898305084745764
1375.0,-825.0,100.0,25.0,0.059322033898305086
1425.0,-825.0,100.0,25.0,0.029661016949152543
1475.0,-825.0,100.0,25.0,0.0
-1475.0,-775.0,100.0,25.0,1.75
-1425.0,-775.0,100.0,25.0,1.7203389830508475
-1375.0,-775.0,100.0,25.0,1.6906779661016949
-1325.0,-775.0,100.0,25.0,1.6610169491525424
-1275.0,-775.0,100.0,25.0,1.6313559322033897
-1225.0,-775.0,100.0,25.0,1.6016949152542372
-1175.0,-775.0,100.0,25.0,1.5720338983050848
-1125.0,-775.0,100.0,25.0,1.542372881355932
-1075.0,-775.0,100.0,25.0,1.5127118644067796
-1025.0,-775.0,100.0,25.0,1.4830508474576272
-975.0,-775.0,100.0,25.0,1.4533898305084745
-925.0,-775.0,100.0,25.0,1.4237288135593222
-875.0,-775.0,100.0,25.0,1.3940677966101696
-825.0,-775.0,100.0,25.0,1.364406779661017
-775.0,-775.0,100.0,25.0,1.3347457627118644
-725.0,-775.0,100.0,25.0,1.305084745762712
-675.0,-775.0,100.0,25.0,1.2754237288135593
-625.0,-775.0,100.0,25.0,1.2457627118644068
-575.0,-775.0,100.0,25.0,1.2161016949152543
-525.0,-775.0,100.0,25.0,1.1864406779661016
-475.0,-775.0,100.0,25.0,1.1567796610169492
-425.0,-775.0,100.0,25.0,1.1271186440677965
-375.0,-775.0,100.0,25.0,1.097457627118644
-325.0,-775.0,100.0,25.0,1.0677966101694916
-275.0,-775.0,100.0,25.0,1.0381355932203389
-225.0,-775.0,100.0,25.0,1.0084745762711864
-175.0,-775.0,100.0,25.0,0.9788135593220338
-125.0,-775.0,100.0,25.0,0.9491525423728814
-75.0,-775.0,100.0,25.0,0.9194915254237289
-25.0,-775.0,100.0,25.0,0.8898305084745762
25.0,-775.0,100.0,25.0,0.8601694915254238
75.0,-775.0,100.0,25.0,0.8305084745762712
125.0,-775.0,100.0,25.0,0.8008474576271186
175.0,-775.0,100.0,25.0,0.771186440677966
225.0,-775.0,100.0,25.0,0.7415254237288136
275.0,-775.0,100.0,25.0,0.7118644067796611
325.0,-775.0,100.0,25.0,0.6822033898305085
375.0,-775.0,100.0,25.0,0.652542372881356
425.0,-775.0,100.0,25.0,0.6228813559322034
475.0,-775.0,100.0,25.0,0.5932203389830508
525.0,-775.0,100.0,25.0,0.5635593220338982
575.0,-775.0,100.0,25.0,0.5338983050847458
625.0,-775.0,100.0,25.0,0.5042372881355932
675.0,-775.0,100.0,25.0,0.4745762711864407
725.0,-775.0,100.0,25.0,0.4449152542372881
775.0,-775.0,100.0,25.0,0.4152542372881356
825.0,-775.0,100.0,25.0,0.385593220338983
875.0,-775.0,100.0,25.0,0.35593220338983056
925.0,-775.0,100.0,25.0,0.326271186440678
975.0,-775.0,100.0,25.0,0.2966101694915254
1025.0,-775.0,100.0,25.0,0.2669491525423729
1075.0,-775.0,100.0,25.0,0.23728813559322035
1125.0,-775.0,100.0,25.0,0.2076271186440678
1175.0,-775.0,100.0,25.0,0.17796610169491528
1225.0,-775.0,100.0,25.0,0.1483050847457627
1275.0,-775.0,100.0,25.0,0.11864406779661017
1325.0,-775.0,100.0,25.0,0.08898305084745764
1375.0,-775.0,100.0,25.0,0.059322033898305086
1425.0,-775.0,100.0,25.0,0.029661016949152543
1475.0,-775.0,100.0,25.0,0.0
-1475.0,-725.0,100.0,25.0,1.75
-1425.0,-725.0,100.0,25.0,1.7203389830508475
-1375.0,-725.0,100.0,25.0,1.6906779661016949
-1325.0,-725.0,100.0,25.0,1.6610169491525424
-1275.0,-725.0,100.0,25.0,1.6313559322033897
-1225.0,-725.0,100.0,25.0,1.6016949152542372
-1175.0,-725.0,100.0,25.0,1.5720338983050848
-1125.0,-725.0,100.0,25.0,1.542372881355932
-1075.0,-725.0,100.0,25.0,1.5127118644067796
-1025.0,-725.0,100.0,25.0,1.4830508474576272
-975.0,-725.0,100.0,25.0,1.4533898305084745
-925.0,-725.0,100.0,25.0,1.4237288135593222
-875.0,-725.0,100.0,25.0,1.3940677966101696
-825.0,-725.0,100.0,25.0,1.364406779661017
-775.0,-725.0,100.0,25.0,1.3347457627118644
-725.0,-725.0,100.0,25.0,1.305084745762712
-675.0,-725.0,100.0,25.0,1.2754237288135593
-625.0,-725.0,100.0,25.0,1.2457627118644068
-575.0,-725.0,100.0,25.0,1.2161016949152543
-525.0,-725.0,100.0,25.0,1.1864406779661016
-475.0,-725.0,100.0,25.0,1.1567796610169492
-425.0,-725.0,100.0,25.0,1.1271186440677965
-375.0,-725.0,100.0,25.0,1.097457627118644
-325.0,-725.0,100.0,25.0,1.0677966101694916
-275.0,-725.0,100.0,25.0,1.0381355932203389
-225.0,-725.0,100.0,25.0,1.0084745762711864
-175.0,-725.0,100.0,25.0,0.9788135593220338
-125.0,-725.0,100.0,25.0,0.9491525423728814
-75.0,-725.0,100.0,25.0,0.9194915254237289
-25.0,-725.0,100.0,25.0,0.8898305084745762
25.0,-725.0,100.0,25.0,0.8601694915254238
75.0,-725.0,100.0,25.0,0.8305084745762712
125.0,-725.0,100.0,25.0,0.8008474576271186
175.0,-725.0,100.0,25.0,0.771186440677966
225.0,-725.0,100.0,25.0,0.7415254237288136
275.0,-725.0,100.0,25.0,0.7118644067796611
325.0,-725.0,100.0,25.0,0.6822033898305085
375.0,-725.0,100.0,25.0,0.652542372881356
425.0,-725.0,100.0,25.0,0.6228813559322034
475.0,-725.0,100.0,25.0,0.5932203389830508
525.0,-725.0,100.0,25.0,0.5635593220338982
575.0,-725.0,100.0,25.0,0.5338983050847458
625.0,-725.0,100.0,25.0,0.5042372881355932
675.0,-725.0,100.0,25.0,0.4745762711864407
725.0,-725.0,100.0,25.0,0.4449152542372881
775.0,-725.0,100.0,25.0,0.4152542372881356
825.0,-725.0,100.0,25.0,0.385593220338983
875.0,-725.0,100.0,25.0,0.35593220338983056
925.0,-725.0,100.0,25.0,0.326271186440678
975.0,-725.0,100.0,25.0,0.2966101694915254
1025.0,-725.0,100.0,25.0,0.2669491525423729
1075.0,-725.0,100.0,25.0,0.23728813559322035
1125.0,-725.0,100.0,25.0,0.2076271186440678
1175.0,-725.0,100.0,25.0,0.17796610169491528
1225.0,-725.0,100.0,25.0,0.1483050847457627
1275.0,-725.0,100.0,25.0,0.11864406779661017
1325.0,-725.0,100.0,25.0,0.08898305084745764
1375.0,-725.0,100.0,25.0,0.059322033898305086
1425.0,-725.0,100.0,25.0,0.029661016949152543
1475.0,-725.0,100.0,25.0,0.0
-1475.0,-675.0,100.0,25.0,1.75
-1425.0,-675.0,100.0,25.0,1.7203389830508475
-1375.0,-675.0,100.0,25.0,1.6906779661016949
-1325.0,-675.0,100.0,25.0,1.6610169491525424
-1275.0,-675.0,100.0,25.0,1.6313559322033897
-1225.0,-675.0,100.0,25.0,1.6016949152542372
-1175.0,-675.0,100.0,25.0,1.5720338983050848
-1125.0,-675.0,100.0,25.0,1.542372881355932
-1075.0,-675.0,100.0,25.0,1.5127118644067796
-1025.0,-675.0,100.0,25.0,1.4830508474576272
-975.0,-675.0,100.0,25.0,1.4533898305084745
-925.0,-675.0,100.0,25.0,1.4237288135593222
-875.0,-675.0,100.0,25.0,1.3940677966101696
-825.0,-675.0,100.0,25.0,1.364406779661017
-775.0,-675.0,100.0,25.0,1.3347457627118644
-725.0,-675.0,100.0,25.0,1.305084745762712
-675.0,-675.0,100.0,25.0,1.2754237288135593
-625.0,-675.0,100.0,25.0,1.2457627118644068
-575.0,-675.0,100.0,25.0,1.2161016949152543
-525.0,-675.0,100.0,25.0,1.1864406779661016
-475.0,-675.0,100.0,25.0,1.1567796610169492
-425.0,-675.0,100.0,25.0,1.1271186440677965
-375.0,-675.0,100.0,25.0,1.097457627118644
-325.0,-675.0,100.0,25.0,1.0677966101694916
-275.0,-675.0,100.0,25.0,1.0381355932203389
-225.0,-675.0,100.0,25.0,1.0084745762711864
-175.0,-675.0,100.0,25.0,0.9788135593220338
-125.0,-675.0,100.0,25.0,0.9491525423728814
-75.0,-675.0,100.0,25.0,0.9194915254237289
-25.0,-675.0,100.0,25.0,0.8898305084745762
25.0,-675.0,100.0,25.0,0.8601694915254238
75.0,-675.0,100.0,25.0,0.8305084745762712
125.0,-675.0,100.0,25.0,0.8008474576271186
175.0,-675.0,100.0,25.0,0.771186440677966
225.0,-675.0,100.0,25.0,0.7415254237288136
275.0,-675.0,100.0,25.0,0.7118644067796611
325.0,-675.0,100.0,25.0,0.6822033898305085
375.0,-675.0,100.0,25.0,0.652542372881356
425.0,-675.0,100.0,25.0,0.6228813559322034
475.0,-675.0,100.0,25.0,0.5932203389830508
525.0,-675.0,100.0,25.0,0.5635593220338982
575.0,-675.0,100.0,25.0,0.5338983050847458
625.0,-675.0,100.0,25.0,0.5042372881355932
675.0,-675.0,100.0,25.0,0.4745762711864407
725.0,-675.0,100.0,25.0,0.4449152542372881
775.0,-675.0,100.0,25.0,0.4152542372881356
825.0,-675.0,100.0,25.0,0.385593220338983
875.0,-675.0,100.0,25.0,0.35593220338983056
925.0,-675.0,100.0,25.0,0.326271186440678
975.0,-675.0,100.0,25.0,0.2966101694915254
1025.0,-675.0,100.0,25.0,0.2669491525423729
1075.0,-675.0,100.0,25.0,0.23728813559322035
1125.0,-675.0,100.0,25.0,0.2076271186440678
1175.0,-675.0,100.0,25.0,0.17796610169491528
1225.0,-675.0,100.0,25.0,0.1483050847457627
1275.0,-675.0,100.0,25.0,0.11864406779661017
1325.0,-675.0,100.0,25.0,0.08898305084745764
1375.0,-675.0,100.0,25.0,0.059322033898305086
1425.0,-675.0,100.0,25.0,0.029661016949152543
1475.0,-675.0,100.0,25.0,0.0
-1475.0,-625.0,100.0,25.0,1.75
-1425.0,-625.0,100.0,25.0,1.7203389830508475
-1375.0,-625.0,100.0,25.0,1.6906779661016949
-1325.0,-625.0,100.0,25.0,1.6610169491525424
-1275.0,-625.0,100.0,25.0,1.6313559322033897
-1225.0,-625.0,100.0,25.0,1.6016949152542372
-1175.0,-625.0,100.0,25.0,1.5720338983050848
-1125.0,-625.0,100.0,25.0,1.542372881355932
-1075.0,-625.0,100.0,25.0,1.5127118644067796
-1025.0,-625.0,100.0,25.0,1.4830508474576272
-975.0,-625.0,100.0,25.0,1.4533898305084745
-925.0,-625.0,100.0,25.0,1.4237288135593222
-875.0,-625.0,100.0,25.0,1.3940677966101696
-825.0,-625.0,100.0,25.0,1.364406779661017
-775.0,-625.0,100.0,25.0,1.3347457627118644
-725.0,-625.0,100.0,25.0,1.305084745762712
-675.0,-625.0,100.0,25.0,1.2754237288135593
-625.0,-625.0,100.0,25.0,1.2457627118644068
-575.0,-625.0,100.0,25.0,1.2161016949152543
-525.0,-625.0,100.0,25.0,1.1864406779661016
-475.0,-625.0,100.0,25.0,1.1567796610169492
-425.0,-625.0,100.0,25.0,1.1271186440677965
-375.0,-625.0,100.0,25.0,1.097457627118644
-325.0,-625.0,100.0,25.0,1.0677966101694916
-275.0,-625.0,100.0,25.0,1.0381355932203389
-225.0,-625.0,100.0,25.0,1.0084745762711864
-175.0,-625.0,100.0,25.0,0.9788135593220338
-125.0,-625.0,100.0,25.0,0.9491525423728814
-75.0,-625.0,100.0,25.0,0.9194915254237289
-25.0,-625.0,100.0,25.0,0.8898305084745762
25.0,-625.0,100.0,25.0,0.8601694915254238
75.0,-625.0,100.0,25.0,0.8305084745762712
125.0,-625.0,100.0,25.0,0.8008474576271186
175.0,-625.0,100.0,25.0,0.771186440677966
225.0,-625.0,100.0,25.0,0.7415254237288136
275.0,-625.0,100.0,25.0,0.7118644067796611
325.0,-625.0,100.0,25.0,0.6822033898305085
375.0,-625.0,100.0,25.0,0.652542372881356
425.0,-625.0,100.0,25.0,0.6228813559322034
475.0,-625.0,100.0,25.0,0.5932203389830508
525.0,-625.0,100.0,25.0,0.5635593220338982
575.0,-625.0,100.0,25.0,0.5338983050847458
625.0,-625.0,100.0,25.0,0.5042372881355932
675.0,-625.0,100.0,25.0,0.4745762711864407
725.0,-625.0,100.0,25.0,0.4449152542372881
775.0,-625.0,100.0,25.0,0.4152542372881356
825.0,-625.0,100.0,25.0,0.385593220338983
875.0,-625.0,100.0,25.0,0.35593220338983056
925.0,-625.0,100.0,25.0,0.326271186440678
975.0,-625.0,100.0,25.0,0.2966101694915254
1025.0,-625.0,100.0,25.0,0.2669491525423729
1075.0,-625.0,100.0,25.0,0.23728813559322035
1125.0,-625.0,100.0,25.0,0.2076271186440678
1175.0,-625.0,100.0,25.0,0.17796610169491528
1225.0,-625.0,100.0,25.0,0.1483050847457627
1275.0,-625.0,100.0,25.0,0.11864406779661017
1325.0,-625.0,100.0,25.0,0.08898305084745764
1375.0,-625.0,100.0,25.0,0.059322033898305086
1425.0,-625.0,100.0,25.0,0.029661016949152543
1475.0,-625.0,100.0,25.0,0.0
-1475.0,-575.0,100.0,25.0,1.75
-1425.0,-575.0,100.0,25.0,1.7203389830508475
-1375.0,-575.0,100.0,25.0,1.6906779661016949
-1325.0,-575.0,100.0,25.0,1.6610169491525424
-1275.0,-575.0,100.0,25.0,1.6313559322033897
-1225.0,-575.0,100.0,25.0,1.6016949152542372
-1175.0,-575.0,100.0,25.0,1.5720338983050848
-1125.0,-575.0,100.0,25.0,1.542372881355932
-1075.0,-575.0,100.0,25.0,1.5127118644067796
-1025.0,-575.0,100.0,25.0,1.4830508474576272
-975.0,-575.0,100.0,25.0,1.4533898305084745
-925.0,-575.0,100.0,25.0,1.4237288135593222
-875.0,-575.0,100.0,25.0,1.3940677966101696
-825.0,-575.0,100.0,25.0,1.364406779661017
-775.0,-575.0,100.0,25.0,1.3347457627118644
-725.0,-575.0,100.0,25.0,1.305084745762712
-675.0,-575.0,100.0,25.0,1.2754237288135593
-625.0,-575.0,100.0,25.0,1.2457627118644068
-575.0,-575.0,100.0,25.0,1.2161016949152543
-525.0,-575.0,100.0,25.0,1.1864406779661016
-475.0,-575.0,100.0,25.0,1.1567796610169492
-425.0,-575.0,100.0,25.0,1.1271186440677965
-375.0,-575.0,100.0,25.0,1.097457627118644
-325.0,-575.0,100.0,25.0,1.0677966101694916
-275.0,-575.0,100.0,25.0,1.0381355932203389
-225.0,-575.0,100.0,25.0,1.0084745762711864
-175.0,-575.0,100.0,25.0,0.9788135593220338
-125.0,-575.0,100.0,25.0,0.9491525423728814
-75.0,-575.0,100.0,25.0,0.9194915254237289
-25.0,-575.0,100.0,25.0,0.8898305084745762
25.0,-575.0,100.0,25.0,0.8601694915254238
75.0,-575.0,100.0,25.0,0.8305084745762712
125.0,-575.0,100.0,25.0,0.8008474576271186
175.0,-575.0,100.0,25.0,0.771186440677966
225.0,-575.0,100.0,25.0,0.7415254237288136
275.0,-575.0,100.0,25.0,0.7118644067796611
325.0,-575.0,100.0,25.0,0.6822033898305085
375.0,-575.0,100.0,25.0,0.652542372881356
425.0,-575.0,100.0,25.0,0.6228813559322034
475.0,-575.0,100.0,25.0,0.5932203389830508
525.0,-575.0,100.0,25.0,0.5635593220338982
575.0,-575.0,100.0,25.0,0.5338983050847458
625.0,-575.0,100.0,25.0,0.5042372881355932
675.0,-575.0,100.0,25.0,0.4745762711864407
725.0,-575.0,100.0,25.0,0.4449152542372881
775.0,-575.0,100.0,25.0,0.4152542372881356
825.0,-575.0,100.0,25.0,0.385593220338983
875.0,-575.0,100.0,25.0,0.35593220338983056
925.0,-575.0,100.0,25.0,0.326271186440678
975.0,-575.0,100.0,25.0,0.2966101694915254
1025.0,-575.0,100.0,25.0,0.2669491525423729
1075.0,-575.0,100.0,25.0,0.23728813559322035
1125.0,-575.0,100.0,25.0,0.2076271186440678
1175.0,-575.0,100.0,25.0,0.17796610169491528
1225.0,-575.0,100.0,25.0,0.1483050847457627
1275.0,-575.0,100.0,25.0,0.11864406779661017
1325.0,-575.0,100.0,25.0,0.08898305084745764
1375.0,-575.0,100.0,25.0,0.059322033898305086
1425.0,-575.0,100.0,25.0,0.029661016949152543
1475.0,-575.0,100.0,25.0,0.0
-1475.0,-525.0,100.0,25.0,1.75
-1425.0,-525.0,100.0,25.0,1.7203389830508475
-1375.0,-525.0,100.0,25.0,1.6906779661016949
-1325.0,-525.0,100.0,25.0,1.6610169491525424
-1275.0,-525.0,100.0,25.0,1.6313559322033897
-1225.0,-525.0,100.0,25.0,1.6016949152542372
-1175.0,-525.0,100.0,25.0,1.5720338983050848
-1125.0,-525.0,100.0,25.0,1.542372881355932
-1075.0,-525.0,100.0,25.0,1.5127118644067796
-1025.0,-525.0,100.0,25.0,1.4830508474576272
-975.0,-525.0,100.0,25.0,1.4533898305084745
-925.0,-525.0,100.0,25.0,1.4237288135593222
-875.0,-525.0,100.0,25.0,1.3940677966101696
-825.0,-525.0,100.0,25.0,1.364406779661017
-775.0,-525.0,100.0,25.0,1.3347457627118644
-725.0,-525.0,100.0,25.0,1.305084745762712
-675.0,-525.0,100.0,25.0,1.2754237288135593
-625.0,-525.0,100.0,25.0,1.2457627118644068
-575.0,-525.0,100.0,25.0,1.2161016949152543
-525.0,-525.0,100.0,25.0,1.1864406779661016
-475.0,-525.0,100.0,25.0,1.1567796610169492
-425.0,-525.0,100.0,25.0,1.1271186440677965
-375.0,-525.0,100.0,25.0,1.097457627118644
-325.0,-525.0,100.0,25.0,1.0677966101694916
-275.0,-525.0,100.0,25.0,1.0381355932203389
-225.0,-525.0,100.0,25.0,1.0084745762711864
-175.0,-525.0,100.0,25.0,0.9788135593220338
-125.0,-525.0,100.0,25.0,0.9491525423728814
-75.0,-525.0,100.0,25.0,0.9194915254237289
-25.0,-525.0,100.0,25.0,0.8898305084745762
25.0,-525.0,100.0,25.0,0.8601694915254238
75.0,-525.0,100.0,25.0,0.8305084745762712
125.0,-525.0,100.0,25.0,0.8008474576271186
175.0,-525.0,100.0,25.0,0.771186440677966
225.0,-525.0,100.0,25.0,0.7415254237288136
275.0,-525.0,100.0,25.0,0.7118644067796611
325.0,-525.0,100.0,25.0,0.6822033898305085
375.0,-525.0,100.0,25.0,0.652542372881356
425.0,-525.0,100.0,25.0,0.6228813559322034
475.0,-525.0,100.0,25.0,0.5932203389830508
525.0,-525.0,100.0,25.0,0.5635593220338982
575.0,-525.0,100.0,25.0,0.5338983050847458
625.0,-525.0,100.0,25.0,0.5042372881355932
675.0,-525.0,100.0,25.0,0.4745762711864407
725.0,-525.0,100.0,25.0,0.4449152542372881
775.0,-525.0,100.0,25.0,0.4152542372881356
825.0,-525.0,100.0,25.0,0.385593220338983
875.0,-525.0,100.0,25.0,0.35593220338983056
925.0,-525.0,100.0,25.0,0.326271186440678
975.0,-525.0,100.0,25.0,0.2966101694915254
1025.0,-525.0,100.0,25.0,0.2669491525423729
1075.0,-525.0,100.0,25.0,0.23728813559322035
1125.0,-525.0,100.0,25.0,0.2076271186440678
1175.0,-525.0,100.0,25.0,0.17796610169491528
1225.0,-525.0,100.0,25.0,0.1483050847457627
1275.0,-525.0,100.0,25.0,0.11864406779661017
1325.0,-525.0,100.0,25.0,0.08898305084745764
1375.0,-525.0,100.0,25.0,0.059322033898305086
1425.0,-525.0,100.0,25.0,0.029661016949152543
1475.0,-525.0,100.0,25.0,0.0
-1475.0,-475.0,100.0,25.0,1.75
-1425.0,-475.0,100.0,25.0,1.7203389830508475
-1375.0,-475.0,100.0,25.0,1.6906779661016949
-1325.0,-475.0,100.0,25.0,1.6610169491525424
-1275.0,-475.0,100.0,25.0,1.6313559322033897
-1225.0,-475.0,100.0,25.0,1.6016949152542372
-1175.0,-475.0,100.0,25.0,1.5720338983050848
-1125.0,-475.0,100.0,25.0,1.542372881355932
-1075.0,-475.0,100.0,25.0,1.5127118644067796
-1025.0,-475.0,100.0,25.0,1.4830508474576272
-975.0,-475.0,100.0,25.0,1.4533898305084745
-925.0,-475.0,100.0,25.0,1.4237288135593222
-875.0,-475.0,100.0,25.0,1.3940677966101696
-825.0,-475.0,100.0,25.0,1.364406779661017
-775.0,-475.0,100.0,25.0,1.3347457627118644
-725.0,-475.0,100.0,25.0,1.305084745762712
-675.0,-475.0,100.0,25.0,1.2754237288135593
-625.0,-475.0,100.0,25.0,1.2457627118644068
-575.0,-475.0,100.0,25.0,1.2161016949152543
-525.0,-475.0,100.0,25.0,1.1864406779661016
-475.0,-475.0,100.0,25.0,1.1567796610169492
-425.0,-475.0,100.0,25.0,1.1271186440677965
-375.0,-475.0,100.0,25.0,1.097457627118644
-325.0,-475.0,100.0,25.0,1.0677966101694916
-275.0,-475.0,100.0,25.0,1.0381355932203389
-225.0,-475.0,100.0,25.0,1.0084745762711864
-175.0,-475.0,100.0,25.0,0.9788135593220338
-125.0,-475.0,100.0,25.0,0.9491525423728814
-75.0,-475.0,100.0,25.0,0.9194915254237289
-25.0,-475.0,100.0,25.0,0.8898305084745762
25.0,-475.0,100.0,25.0,0.8601694915254238
75.0,-475.0,100.0,25.0,0.8305084745762712
125.0,-475.0,100.0,25.0,0.8008474576271186
175.0,-475.0,100.0,25.0,0.771186440677966
225.0,-475.0,100.0,25.0,0.7415254237288136
275.0,-475.0,100.0,25.0,0.7118644067796611
325.0,-475.0,100.0,25.0,0.6822033898305085
375.0,-475.0,100.0,25.0,0.652542372881356
425.0,-475.0,100.0,25.0,0.6228813559322034
475.0,-475.0,100.0,25.0,0.5932203389830508
525.0,-475.0,100.0,25.0,0.5635593220338982
575.0,-475.0,100.0,25.0,0.5338983050847458
625.0,-475.0,100.0,25.0,0.5042372881355932
675.0,-475.0,100.0,25.0,0.4745762711864407
725.0,-475.0,100.0,25.0,0.4449152542372881
775.0,-475.0,100.0,25.0,0.4152542372881356
825.0,-475.0,100.0,25.0,0.385593220338983
875.0,-475.0,100.0,25.0,0.35593220338983056
925.0,-475.0,100.0,25.0,0.326271186440678
975.0,-475.0,100.0,25.0,0.2966101694915254
1025.0,-475.0,100.0,25.0,0.2669491525423729
1075.0,-475.0,100.0,25.0,0.23728813559322035
1125.0,-475.0,100.0,25.0,0.2076271186440678
1175.0,-475.0,100.0,25.0,0.17796610169491528
1225.0,-475.0,100.0,25.0,0.1483050847457627
1275.0,-475.0,100.0,25.0,0.11864406779661017
1325.0,-475.0,100.0,25.0,0.08898305084745764
1375.0,-475.0,100.0,25.0,0.059322033898305086
1425.0,-475.0,100.0,25.0,0.029661016949152543
1475.0,-475.0,100.0,25.0,0.0
-1475.0,-425.0,100.0,25.0,1.75
-1425.0,-425.0,100.0,25.0,1.7203389830508475
-1375.0,-425.0,100.0,25.0,1.6906779661016949
-1325.0,-425.0,100.0,25.0,1.6610169491525424
-1275.0,-425.0,100.0,25.0,1.6313559322033897
-1225.0,-425.0,100.0,25.0,1.6016949152542372
-1175.0,-425.0,100.0,25.0,1.5720338983050848
-1125.0,-425.0,100.0,25.0,1.542372881355932
-1075.0,-425.0,100.0,25.0,1.5127118644067796
-1025.0,-425.0,100.0,25.0,1.4830508474576272
-975.0,-425.0,100.0,25.0,1.4533898305084745
-925.0,-425.0,100.0,25.0,1.4237288135593222
-875.0,-425.0,100.0,25.0,1.3940677966101696
-825.0,-425.0,100.0,25.0,1.364406779661017
-775.0,-425.0,100.0,25.0,1.3347457627118644
-725.0,-425.0,100.0,25.0,1.305084745762712
-675.0,-425.0,100.0,25.0,1.2754237288135593
-625.0,-425.0,100.0,25.0,1.2457627118644068
-575.0,-425.0,100.0,25.0,1.2161016949152543
-525.0,-425.0,100.0,25.0,1.1864406779661016
-475.0,-425.0,100.0,25.0,1.1567796610169492
-425.0,-425.0,100.0,25.0,1.1271186440677965
-375.0,-425.0,100.0,25.0,1.097457627118644
-325.0,-425.0,100.0,25.0,1.0677966101694916
-275.0,-425.0,100.0,25.0,1.0381355932203389
-225.0,-425.0,100.0,25.0,1.0084745762711864
-175.0,-425.0,100.0,25.0,0.9788135593220338
-125.0,-425.0,100.0,25.0,0.9491525423728814
-75.0,-425.0,100.0,25.0,0.9194915254237289
-25.0,-425.0,100.0,25.0,0.8898305084745762
25.0,-425.0,100.0,25.0,0.8601694915254238
75.0,-425.0,100.0,25.0,0.8305084745762712
125.0,-425.0,100.0,25.0,0.8008474576271186
175.0,-425.0,100.0,25.0,0.771186440677966
225.0,-425.0,100.0,25.0,0.7415254237288136
275.0,-425.0,100.0,25.0,0.7118644067796611
325.0,-425.0,100.0,25.0,0.6822033898305085
375.0,-425.0,100.0,25.0,0.652542372881356
425.0,-425.0,100.0,25.0,0.6228813559322034
475.0,-425.0,100.0,25.0,0.5932203389830508
525.0,-425.0,100.0,25.0,0.5635593220338982
575.0,-425.0,100.0,25.0,0.5338983050847458
625.0,-425.0,100.0,25.0,0.5042372881355932
675.0,-425.0,100.0,25.0,0.4745762711864407
725.0,-425.0,100.0,25.0,0.4449152542372881
775.0,-425.0,100.0,25.0,0.4152542372881356
825.0,-425.0,100.0,25.0,0.385593220338983
875.0,-425.0,100.0,25.0,0.35593220338983056
925.0,-425.0,100.0,25.0,0.326271186440678
975.0,-425.0,100.0,25.0,0.2966101694915254
1025.0,-425.0,100.0,25.0,0.2669491525423729
1075.0,-425.0,100.0,25.0,0.23728813559322035
1125.0,-425.0,100.0,25.0,0.2076271186440678
1175.0,-425.0,100.0,25.0,0.17796610169491528
1225.0,-425.0,100.0,25.0,0.1483050847457627
1275.0,-425.0,100.0,25.0,0.11864406779661017
1325.0,-425.0,100.0,25.0,0.08898305084745764
1375.0,-425.0,100.0,25.0,0.059322033898305086
1425.0,-425.0,100.0,25.0,0.029661016949152543
1475.0,-425.0,100.0,25.0,0.0
-1475.0,-375.0,100.0,25.0,1.75
-1425.0,-375.0,100.0,25.0,1.7203389830508475
-1375.0,-375.0,100.0,25.0,1.6906779661016949
-1325.0,-375.0,100.0,25.0,1.6610169491525424
-1275.0,-375.0,100.0,25.0,1.6313559322033897
-1225.0,-375.0,100.0,25.0,1.6016949152542372
-1175.0,-375.0,100.0,25.0,1.5720338983050848
-1125.0,-375.0,100.0,25.0,1.542372881355932
-1075.0,-375.0,100.0,25.0,1.5127118644067796
-1025.0,-375.0,100.0,25.0,1.4830508474576272
-975.0,-375.0,100.0,25.0,1.4533898305084745
-925.0,-375.0,100.0,25.0,1.4237288135593222
-875.0,-375.0,100.0,25.0,1.3940677966101696
-825.0,-375.0,100.0,25.0,1.364406779661017
-775.0,-375.0,100.0,25.0,1.3347457627118644
-725.0,-375.0,100.0,25.0,1.305084745762712
-675.0,-375.0,100.0,25.0,1.2754237288135593
-625.0,-375.0,100.0,25.0,1.2457627118644068
-575.0,-375.0,100.0,25.0,1.2161016949152543
-525.0,-375.0,100.0,25.0,1.1864406779661016
-475.0,-375.0,100.0,25.0,1.1567796610169492
-425.0,-375.0,100.0,25.0,1.1271186440677965
-375.0,-375.0,100.0,25.0,1.097457627118644
-325.0,-375.0,100.0,25.0,1.0677966101694916
-275.0,-375.0,100.0,25.0,1.0381355932203389
-225.0,-375.0,100.0,25.0,1.0084745762711864
-175.0,-375.0,100.0,25.0,0.9788135593220338
-125.0,-375.0,100.0,25.0,0.9491525423728814
-75.0,-375.0,100.0,25.0,0.9194915254237289
-25.0,-375.0,100.0,25.0,0.8898305084745762
25.0,-375.0,100.0,25.0,0.8601694915254238
75.0,-375.0,100.0,25.0,0.8305084745762712
125.0,-375.0,100.0,25.0,0.8008474576271186
175.0,-375.0,100.0,25.0,0.771186440677966
225.0,-375.0,100.0,25.0,0.7415254237288136
275.0,-375.0,100.0,25.0,0.7118644067796611
325.0,-375.0,100.0,25.0,0.6822033898305085
375.0,-375.0,100.0,25.0,0.652542372881356
425.0,-375.0,100.0,25.0,0.6228813559322034
475.0,-375.0,100.0,25.0,0.5932203389830508
525.0,-375.0,100.0,25.0,0.5635593220338982
575.0,-375.0,100.0,25.0,0.5338983050847458
625.0,-375.0,100.0,25.0,0.5042372881355932
675.0,-375.0,100.0,25.0,0.4745762711864407
725.0,-375.0,100.0,25.0,0.4449152542372881
775.0,-375.0,100.0,25.0,0.4152542372881356
825.0,-375.0,100.0,25.0,0.385593220338983
875.0,-375.0,100.0,25.0,0.35593220338983056
925.0,-375.0,100.0,25.0,0.326271186440678
975.0,-375.0,100.0,25.0,0.2966101694915254
1025.0,-375.0,100.0,25.0,0.2669491525423729
1075.0,-375.0,100.0,25.0,0.23728813559322035
1125.0,-375.0,100.0,25.0,0.2076271186440678
1175.0,-375.0,100.0,25.0,0.17796610169491528
1225.0,-375.0,100.0,25.0,0.1483050847457627
1275.0,-375.0,100.0,25.0,0.11864406779661017
1325.0,-375.0,100.0,25.0,0.08898305084745764
1375.0,-375.0,100.0,25.0,0.059322033898305086
1425.0,-375.0,100.0,25.0,0.029661016949152543
1475.0,-375.0,100.0,25.0,0.0
-1475.0,-325.0,100.0,25.0,1.75
-1425.0,-325.0,100.0,25.0,1.7203389830508475
-1375.0,-325.0,100.0,25.0,1.6906779661016949
-1325.0,-325.0,100.0,25.0,1.6610169491525424
-1275.0,-325.0,100.0,25.0,1.6313559322033897
-1225.0,-325.0,100.0,25.0,1.6016949152542372
-1175.0,-325.0,100.0,25.0,1.5720338983050848
-1125.0,-325.0,100.0,25.0,1.542372881355932
-1075.0,-325.0,100.0,25.0,1.5127118644067796
-1025.0,-325.0,100.0,25.0,1.4830508474576272
-975.0,-325.0,100.0,25.0,1.4533898305084745
-925.0,-325.0,100.0,25.0,1.4237288135593222
-875.0,-325.0,100.0,25.0,1.3940677966101696
-825.0,-325.0,100.0,25.0,1.364406779661017
-775.0,-325.0,100.0,25.0,1.3347457627118644
-725.0,-325.0,100.0,25.0,1.305084745762712
-675.0,-325.0,100.0,25.0,1.2754237288135593
-625.0,-325.0,100.0,25.0,1.2457627118644068
-575.0,-325.0,100.0,25.0,1.2161016949152543
-525.0,-325.0,100.0,25.0,1.1864406779661016
-475.0,-325.0,100.0,25.0,1.1567796610169492
-425.0,-325.0,100.0,25.0,1.1271186440677965
-375.0,-325.0,100.0,25.0,1.097457627118644
-325.0,-325.0,100.0,25.0,1.0677966101694916
-275.0,-325.0,100.0,25.0,1.0381355932203389
-225.0,-325.0,100.0,25.0,1.0084745762711864
-175.0,-325.0,100.0,25.0,0.9788135593220338
-125.0,-325.0,100.0,25.0,0.9491525423728814
-75.0,-325.0,100.0,25.0,0.9194915254237289
-25.0,-325.0,100.0,25.0,0.8898305084745762
25.0,-325.0,100.0,25.0,0.8601694915254238
75.0,-325.0,100.0,25.0,0.8305084745762712
125.0,-325.0,100.0,25.0,0.8008474576271186
175.0,-325.0,100.0,25.0,0.771186440677966
225.0,-325.0,100.0,25.0,0.7415254237288136
275.0,-325.0,100.0,25.0,0.7118644067796611
325.0,-325.0,100.0,25.0,0.6822033898305085
375.0,-325.0,100.0,25.0,0.652542372881356
425.0,-325.0,100.0,25.0,0.6228813559322034
475.0,-325.0,100.0,25.0,0.5932203389830508
525.0,-325.0,100.0,25.0,0.5635593220338982
575.0,-325.0,100.0,25.0,0.5338983050847458
625.0,-325.0,100.0,25.0,0.5042372881355932
675.0,-325.0,100.0,25.0,0.4745762711864407
725.0,-325.0,100.0,25.0,0.4449152542372881
775.0,-325.0,100.0,25.0,0.4152542372881356
825.0,-325.0,100.0,25.0,0.385593220338983
875.0,-325.0,100.0,25.0,0.35593220338983056
925.0,-325.0,100.0,25.0,0.326271186440678
975.0,-325.0,100.0,25.0,0.2966101694915254
1025.0,-325.0,100.0,25.0,0.2669491525423729
1075.0,-325.0,100.0,25.0,0.23728813559322035
1125.0,-325.0,100.0,25.0,0.2076271186440678
1175.0,-325.0,100.0,25.0,0.17796610169491528
1225.0,-325.0,100.0,25.0,0.1483050847457627
1275.0,-325.0,100.0,25.0,0.11864406779661017
1325.0,-325.0,100.0,25.0,0.08898305084745764
1375.0,-325.0,100.0,25.0,0.059322033898305086
1425.0,-325.0,100.0,25.0,0.029661016949152543
1475.0,-325.0,100.0,25.0,0.0
-1475.0,-275.0,100.0,25.0,1.75
-1425.0,-275.0,100.0,25.0,1.7203389830508475
-1375.0,-275.0,100.0,25.0,1.6906779661016949
-1325.0,-275.0,100.0,25.0,1.6610169491525424
-1275.0,-275.0,100.0,25.0,1.6313559322033897
-1225.0,-275.0,100.0,25.0,1.6016949152542372
-1175.0,-275.0,100.0,25.0,1.5720338983050848
-1125.0,-275.0,100.0,25.0,1.542372881355932
-1075.0,-275.0,100.0,25.0,1.5127118644067796
-1025.0,-275.0,100.0,25.0,1.4830508474576272
-975.0,-275.0,100.0,25.0,1.4533898305084745
-925.0,-275.0,100.0,25.0,1.4237288135593222
-875.0,-275.0,100.0,25.0,1.3940677966101696
-825.0,-275.0,100.0,25.0,1.364406779661017
-775.0,-275.0,100.0,25.0,1.3347457627118644
-725.0,-275.0,100.0,25.0,1.305084745762712
-675.0,-275.0,100.0,25.0,1.2754237288135593
-625.0,-275.0,100.0,25.0,1.2457627118644068
-575.0,-275.0,100.0,25.0,1.2161016949152543
-525.0,-275.0,100.0,25.0,1.1864406779661016
-475.0,-275.0,100.0,25.0,1.1567796610169492
-425.0,-275.0,100.0,25.0,1.1271186440677965
-375.0,-275.0,100.0,25.0,1.097457627118644
-325.0,-275.0,100.0,25.0,1.0677966101694916
-275.0,-275.0,100.0,25.0,1.0381355932203389
-225.0,-275.0,100.0,25.0,1.0084745762711864
-175.0,-275.0,100.0,25.0,0.9788135593220338
-125.0,-275.0,100.0,25.0,0.9491525423728814
-75.0,-275.0,100.0,25.0,0.9194915254237289
-25.0,-275.0,100.0,25.0,0.8898305084745762
25.0,-275.0,100.0,25.0,0.8601694915254238
75.0,-275.0,100.0,25.0,0.8305084745762712
125.0,-275.0,100.0,25.0,0.8008474576271186
175.0,-275.0,100.0,25.0,0.771186440677966
225.0,-275.0,100.0,25.0,0.7415254237288136
275.0,-275.0,100.0,25.0,0.7118644067796611
325.0,-275.0,100.0,25.0,0.6822033898305085
375.0,-275.0,100.0,25.0,0.652542372881356
425.0,-275.0,100.0,25.0,0.6228813559322034
475.0,-275.0,100.0,25.0,0.5932203389830508
525.0,-275.0,100.0,25.0,0.5635593220338982
575.0,-275.0,100.0,25.0,0.5338983050847458
625.0,-275.0,100.0,25.0,0.5042372881355932
675.0,-275.0,100.0,25.0,0.4745762711864407
725.0,-275.0,100.0,25.0,0.4449152542372881
775.0,-275.0,100.0,25.0,0.4152542372881356
825.0,-275.0,100.0,25.0,0.385593220338983
875.0,-275.0,100.0,25.0,0.35593220338983056
925.0,-275.0,100.0,25.0,0.326271186440678
975.0,-275.0,100.0,25.0,0.2966101694915254
1025.0,-275.0,100.0,25.0,0.2669491525423729
1075.0,-275.0,100.0,25.0,0.23728813559322035
1125.0,-275.0,100.0,25.0,0.2076271186440678
1175.0,-275.0,100.0,25.0,0.17796610169491528
1225.0,-275.0,100.0,25.0,0.1483050847457627
1275.0,-275.0,100.0,25.0,0.11864406779661017
1325.0,-275.0,100.0,25.0,0.08898305084745764
1375.0,-275.0,100.0,25.0,0.059322033898305086
1425.0,-275.0,100.0,25.0,0.029661016949152543
1475.0,-275.0,100.0,25.0,0.0
-1475.0,-225.0,100.0,25.0,1.75
-1425.0,-225.0,100.0,25.0,1.7203389830508475
-1375.0,-225.0,100.0,25.0,1.6906779661016949
-1325.0,-225.0,100.0,25.0,1.6610169491525424
-1275.0,-225.0,100.0,25.0,1.6313559322033897
-1225.0,-225.0,100.0,25.0,1.6016949152542372
-1175.0,-225.0,100.0,25.0,1.5720338983050848
-1125.0,-225.0,100.0,25.0,1.542372881355932
-1075.0,-225.0,100.0,25.0,1.5127118644067796
-1025.0,-225.0,100.0,25.0,1.4830508474576272
-975.0,-225.0,100.0,25.0,1.4533898305084745
-925.0,-225.0,100.0,25.0,1.4237288135593222
-875.0,-225.0,100.0,25.0,1.3940677966101696
-825.0,-225.0,100.0,25.0,1.364406779661017
-775.0,-225.0,100.0,25.0,1.3347457627118644
-725.0,-225.0,100.0,25.0,1.305084745762712
-675.0,-225.0,100.0,25.0,1.2754237288135593
-625.0,-225.0,100.0,25.0,1.2457627118644068
-575.0,-225.0,100.0,25.0,1.2161016949152543
-525.0,-225.0,100.0,25.0,1.1864406779661016
-475.0,-225.0,100.0,25.0,1.1567796610169492
-425.0,-225.0,100.0,25.0,1.1271186440677965
-375.0,-225.0,100.0,25.0,1.097457627118644
-325.0,-225.0,100.0,25.0,1.0677966101694916
-275.0,-225.0,100.0,25.0,1.0381355932203389
-225.0,-225.0,100.0,25.0,1.0084745762711864
-175.0,-225.0,100.0,25.0,0.9788135593220338
-125.0,-225.0,100.0,25.0,0.9491525423728814
-75.0,-225.0,100.0,25.0,0.9194915254237289
-25.0,-225.0,100.0,25.0,0.8898305084745762
25.0,-225.0,100.0,25.0,0.8601694915254238
75.0,-225.0,100.0,25.0,0.8305084745762712
125.0,-225.0,100.0,25.0,0.8008474576271186
175.0,-225.0,100.0,25.0,0.771186440677966
225.0,-225.0,100.0,25.0,0.7415254237288136
275.0,-225.0,100.0,25.0,0.7118644067796611
325.0,-225.0,100.0,25.0,0.6822033898305085
375.0,-225.0,100.0,25.0,0.652542372881356
425.0,-225.0,100.0,25.0,0.6228813559322034
475.0,-225.0,100.0,25.0,0.5932203389830508
525.0,-225.0,100.0,25.0,0.5635593220338982
575.0,-225.0,100.0,25.0,0.5338983050847458
625.0,-225.0,100.0,25.0,0.5042372881355932
675.0,-225.0,100.0,25.0,0.4745762711864407
725.0,-225.0,100.0,25.0,0.4449152542372881
775.0,-225.0,100.0,25.0,0.4152542372881356
825.0,-225.0,100.0,25.0,0.385593220338983
875.0,-225.0,100.0,25.0,0.35593220338983056
925.0,-225.0,100.0,25.0,0.326271186440678
975.0,-225.0,100.0,25.0,0.2966101694915254
1025.0,-225.0,100.0,25.0,0.2669491525423729
1075.0,-225.0,100.0,25.0,0.23728813559322035
1125.0,-225.0,100.0,25.0,0.2076271186440678
1175.0,-225.0,100.0,25.0,0.17796610169491528
1225.0,-225.0,100.0,25.0,0.1483050847457627
1275.0,-225.0,100.0,25.0,0.11864406779661017
1325.0,-225.0,100.0,25.0,0.08898305084745764
1375.0,-225.0,100.0,25.0,0.059322033898305086
1425.0,-225.0,100.0,25.0,0.029661016949152543
1475.0,-225.0,100.0,25.0,0.0
-1475.0,-175.0,100.0,25.0,1.75
-1425.0,-175.0,100.0,25.0,1.7203389830508475
-1375.0,-175.0,100.0,25.0,1.6906779661016949
-1325.0,-175.0,100.0,25.0,1.6610169491525424
-1275.0,-175.0,100.0,25.0,1.6313559322033897
-1225.0,-175.0,100.0,25.0,1.6016949152542372
-1175.0,-175.0,100.0,25.0,1.5720338983050848
-1125.0,-175.0,100.0,25.0,1.542372881355932
-1075.0,-175.0,100.0,25.0,1.5127118644067796
-1025.0,-175.0,100.0,25.0,1.4830508474576272
-975.0,-175.0,100.0,25.0,1.4533898305084745
-925.0,-175.0,100.0,25.0,1.4237288135593222
-875.0,-175.0,100.0,25.0,1.3940677966101696
-825.0,-175.0,100.0,25.0,1.364406779661017
-775.0,-175.0,100.0,25.0,1.3347457627118644
-725.0,-175.0,100.0,25.0,1.305084745762712
-675.0,-175.0,100.0,25.0,1.2754237288135593
-625.0,-175.0,100.0,25.0,1.2457627118644068
-575.0,-175.0,100.0,25.0,1.2161016949152543
-525.0,-175.0,100.0,25.0,1.1864406779661016
-475.0,-175.0,100.0,25.0,1.1567796610169492
-425.0,-175.0,100.0,25.0,1.1271186440677965
-375.0,-175.0,100.0,25.0,1.097457627118644
-325.0,-175.0,100.0,25.0,1.0677966101694916
-275.0,-175.0,100.0,25.0,1.0381355932203389
-225.0,-175.0,100.0,25.0,1.0084745762711864
-175.0,-175.0,100.0,25.0,0.9788135593220338
-125.0,-175.0,100.0,25.0,0.9491525423728814
-75.0,-175.0,100.0,25.0,0.9194915254237289
-25.0,-175.0,100.0,25.0,0.8898305084745762
25.0,-175.0,100.0,25.0,0.8601694915254238
75.0,-175.0,100.0,25.0,0.8305084745762712
125.0,-175.0,100.0,25.0,0.8008474576271186
175.0,-175.0,100.0,25.0,0.771186440677966
225.0,-175.0,100.0,25.0,0.7415254237288136
275.0,-175.0,100.0,25.0,0.7118644067796611
325.0,-175.0,100.0,25.0,0.6822033898305085
375.0,-175.0,100.0,25.0,0.652542372881356
425.0,-175.0,100.0,25.0,0.6228813559322034
475.0,-175.0,100.0,25.0,0.5932203389830508
525.0,-175.0,100.0,25.0,0.5635593220338982
575.0,-175.0,100.0,25.0,0.5338983050847458
625.0,-175.0,100.0,25.0,0.5042372881355932
675.0,-175.0,100.0,25.0,0.4745762711864407
725.0,-175.0,100.0,25.0,0.4449152542372881
775.0,-175.0,100.0,25.0,0.4152542372881356
825.0,-175.0,100.0,25.0,0.385593220338983
875.0,-175.0,100.0,25.0,0.35593220338983056
925.0,-175.0,100.0,25.0,0.326271186440678
975.0,-175.0,100.0,25.0,0.2966101694915254
1025.0,-175.0,100.0,25.0,0.2669491525423729
1075.0,-175.0,100.0,25.0,0.23728813559322035
1125.0,-175.0,100.0,25.0,0.2076271186440678
1175.0,-175.0,100.0,25.0,0.17796610169491528
1225.0,-175.0,100.0,25.0,0.1483050847457627
1275.0,-175.0,100.0,25.0,0.11864406779661017
1325.0,-175.0,100.0,25.0,0.08898305084745764
1375.0,-175.0,100.0,25.0,0.059322033898305086
1425.0,-175.0,100.0,25.0,0.029661016949152543
1475.0,-175.0,100.0,25.0,0.0
-1475.0,-125.0,100.0,25.0,1.75
-1425.0,-125.0,100.0,25.0,1.7203389830508475
-1375.0,-125.0,100.0,25.0,1.6906779661016949
-1325.0,-125.0,100.0,25.0,1.6610169491525424
-1275.0,-125.0,100.0,25.0,1.6313559322033897
-1225.0,-125.0,100.0,25.0,1.6016949152542372
-1175.0,-125.0,100.0,25.0,1.5720338983050848
-1125.0,-125.0,100.0,25.0,1.542372881355932
-1075.0,-125.0,100.0,25.0,1.5127118644067796
-1025.0,-125.0,100.0,25.0,1.4830508474576272
-975.0,-125.0,100.0,25.0,1.4533898305084745
-925.0,-125.0,100.0,25.0,1.4237288135593222
-875.0,-125.0,100.0,25.0,1.3940677966101696
-825.0,-125.0,100.0,25.0,1.364406779661017
-775.0,-125.0,100.0,25.0,1.3347457627118644
-725.0,-125.0,100.0,25.0,1.305084745762712
-675.0,-125.0,100.0,25.0,1.2754237288135593
-625.0,-125.0,100.0,25.0,1.2457627118644068
-575.0,-125.0,100.0,25.0,1.2161016949152543
-525.0,-125.0,100.0,25.0,1.1864406779661016
-475.0,-125.0,100.0,25.0,1.1567796610169492
-425.0,-125.0,100.0,25.0,1.1271186440677965
-375.0,-125.0,100.0,25.0,1.097457627118644
-325.0,-125.0,100.0,25.0,1.0677966101694916
-275.0,-125.0,100.0,25.0,1.0381355932203389
-225.0,-125.0,100.0,25.0,1.0084745762711864
-175.0,-125.0,100.0,25.0,0.9788135593220338
-125.0,-125.0,100.0,25.0,0.9491525423728814
-75.0,-125.0,100.0,25.0,0.9194915254237289
-25.0,-125.0,100.0,25.0,0.8898305084745762
25.0,-125.0,100.0,25.0,0.8601694915254238
75.0,-125.0,100.0,25.0,0.8305084745762712
125.0,-125.0,100.0,25.0,0.8008474576271186
175.0,-125.0,100.0,25.0,0.771186440677966
225.0,-125.0,100.0,25.0,0.7415254237288136
275.0,-125.0,100.0,25.0,0.7118644067796611
325.0,-125.0,100.0,25.0,0.6822033898305085
375.0,-125.0,100.0,25.0,0.652542372881356
425.0,-125.0,100.0,25.0,0.6228813559322034
475.0,-125.0,100.0,25.0,0.5932203389830508
525.0,-125.0,100.0,25.0,0.5635593220338982
575.0,-125.0,100.0,25.0,0.5338983050847458
625.0,-125.0,100.0,25.0,0.5042372881355932
675.0,-125.0,100.0,25.0,0.4745762711864407
725.0,-125.0,100.0,25.0,0.4449152542372881
775.0,-125.0,100.0,25.0,0.4152542372881356
825.0,-125.0,100.0,25.0,0.385593220338983
875.0,-125.0,100.0,25.0,0.35593220338983056
925.0,-125.0,100.0,25.0,0.326271186440678
975.0,-125.0,100.0,25.0,0.2966101694915254
1025.0,-125.0,100.0,25.0,0.2669491525423729
1075.0,-125.0,100.0,25.0,0.23728813559322035
1125.0,-125.0,100.0,25.0,0.2076271186440678
1175.0,-125.0,100.0,25.0,0.17796610169491528
1225.0,-125.0,100.0,25.0,0.1483050847457627
1275.0,-125.0,100.0,25.0,0.11864406779661017
1325.0,-125.0,100.0,25.0,0.08898305084745764
1375.0,-125.0,100.0,25.0,0.059322033898305086
1425.0,-125.0,100.0,25.0,0.029661016949152543
1475.0,-125.0,100.0,25.0,0.0
-1475.0,-75.0,100.0,25.0,1.75
-1425.0,-75.0,100.0,25.0,1.7203389830508475
-1375.0,-75.0,100.0,25.0,1.6906779661016949
-1325.0,-75.0,100.0,25.0,1.6610169491525424
-1275.0,-75.0,100.0,25.0,1.6313559322033897
-1225.0,-75.0,100.0,25.0,1.6016949152542372
-1175.0,-75.0,100.0,25.0,1.5720338983050848
-1125.0,-75.0,100.0,25.0,1.542372881355932
-1075.0,-75.0,100.0,25.0,1.5127118644067796
-1025.0,-75.0,100.0,25.0,1.4830508474576272
-975.0,-75.0,100.0,25.0,1.4533898305084745
-925.0,-75.0,100.0,25.0,1.4237288135593222
-875.0,-75.0,100.0,25.0,1.3940677966101696
-825.0,-75.0,100.0,25.0,1.364406779661017
-775.0,-75.0,100.0,25.0,1.3347457627118644
-725.0,-75.0,100.0,25.0,1.305084745762712
-675.0,-75.0,100.0,25.0,1.2754237288135593
-625.0,-75.0,100.0,25.0,1.2457627118644068
-575.0,-75.0,100.0,25.0,1.2161016949152543
-525.0,-75.0,100.0,25.0,1.1864406779661016
-475.0,-75.0,100.0,25.0,1.1567796610169492
-425.0,-75.0,100.0,25.0,1.1271186440677965
-375.0,-75.0,100.0,25.0,1.097457627118644
-325.0,-75.0,100.0,25.0,1.0677966101694916
-275.0,-75.0,100.0,25.0,1.0381355932203389
-225.0,-75.0,100.0,25.0,1.0084745762711864
-175.0,-75.0,100.0,25.0,0.9788135593220338
-125.0,-75.0,100.0,25.0,0.9491525423728814
-75.0,-75.0,100.0,25.0,0.9194915254237289
-25.0,-75.0,100.0,25.0,0.8898305084745762
25.0,-75.0,100.0,25.0,0.8601694915254238
75.0,-75.0,100.0,25.0,0.8305084745762712
125.0,-75.0,100.0,25.0,0.8008474576271186
175.0,-75.0,100.0,25.0,0.771186440677966
225.0,-75.0,100.0,25.0,0.7415254237288136
275.0,-75.0,100.0,25.0,0.7118644067796611
325.0,-75.0,100.0,25.0,0.6822033898305085
375.0,-75.0,100.0,25.0,0.652542372881356
425.0,-75.0,100.0,25.0,0.6228813559322034
475.0,-75.0,100.0,25.0,0.5932203389830508
525.0,-75.0,100.0,25.0,0.5635593220338982
575.0,-75.0,100.0,25.0,0.5338983050847458
625.0,-75.0,100.0,25.0,0.5042372881355932
675.0,-75.0,100.0,25.0,0.4745762711864407
725.0,-75.0,100.0,25.0,0.4449152542372881
775.0,-75.0,100.0,25.0,0.4152542372881356
825.0,-75.0,100.0,25.0,0.385593220338983
875.0,-75.0,100.0,25.0,0.35593220338983056
925.0,-75.0,100.0,25.0,0.326271186440678
975.0,-75.0,100.0,25.0,0.2966101694915254
1025.0,-75.0,100.0,25.0,0.2669491525423729
1075.0,-75.0,100.0,25.0,0.23728813559322035
1125.0,-75.0,100.0,25.0,0.2076271186440678
1175.0,-75.0,100.0,25.0,0.17796610169491528
1225.0,-75.0,100.0,25.0,0.1483050847457627
1275.0,-75.0,100.0,25.0,0.11864406779661017
1325.0,-75.0,100.0,25.0,0.08898305084745764
1375.0,-75.0,100.0,25.0,0.059322033898305086
1425.0,-75.0,100.0,25.0,0.029661016949152543
1475.0,-75.0,100.0,25.0,0.0
-1475.0,-25.0,100.0,25.0,1.75
-1425.0,-25.0,100.0,25.0,1.7203389830508475
-1375.0,-25.0,100.0,25.0,1.6906779661016949
-1325.0,-25.0,100.0,25.0,1.6610169491525424
-1275.0,-25.0,100.0,25.0,1.6313559322033897
-1225.0,-25.0,100.0,25.0,1.6016949152542372
-1175.0,-25.0,100.0,25.0,1.5720338983050848
-1125.0,-25.0,100.0,25.0,1.542372881355932
-1075.0,-25.0,100.0,25.0,1.5127118644067796
-1025.0,-25.0,100.0,25.0,1.4830508474576272
-975.0,-25.0,100.0,25.0,1.4533898305084745
-925.0,-25.0,100.0,25.0,1.4237288135593222
-875.0,-25.0,100.0,25.0,1.3940677966101696
-825.0,-25.0,100.0,25.0,1.364406779661017
-775.0,-25.0,100.0,25.0,1.3347457627118644
-725.0,-25.0,100.0,25.0,1.305084745762712
-675.0,-25.0,100.0,25.0,1.2754237288135593
-625.0,-25.0,100.0,25.0,1.2457627118644068
-575.0,-25.0,100.0,25.0,1.2161016949152543
-525.0,-25.0,100.0,25.0,1.1864406779661016
-475.0,-25.0,100.0,25.0,1.1567796610169492
-425.0,-25.0,100.0,25.0,1.1271186440677965
-375.0,-25.0,100.0,25.0,1.097457627118644
-325.0,-25.0,100.0,25.0,1.0677966101694916
-275.0,-25.0,100.0,25.0,1.0381355932203389
-225.0,-25.0,100.0,25.0,1.0084745762711864
-175.0,-25.0,100.0,25.0,0.9788135593220338
-125.0,-25.0,100.0,25.0,0.9491525423728814
-75.0,-25.0,100.0,25.0,0.9194915254237289
-25.0,-25.0,100.0,25.0,0.8898305084745762
25.0,-25.0,100.0,25.0,0.8601694915254238
75.0,-25.0,100.0,25.0,0.8305084745762712
125.0,-25.0,100.0,25.0,0.8008474576271186
175.0,-25.0,100.0,25.0,0.771186440677966
225.0,-25.0,100.0,25.0,0.7415254237288136
275.0,-25.0,100.0,25.0,0.7118644067796611
325.0,-25.0,100.0,25.0,0.6822033898305085
375.0,-25.0,100.0,25.0,0.652542372881356
425.0,-25.0,100.0,25.0,0.6228813559322034
475.0,-25.0,100.0,25.0,0.5932203389830508
525.0,-25.0,100.0,25.0,0.5635593220338982
575.0,-25.0,100.0,25.0,0.5338983050847458
625.0,-25.0,100.0,25.0,0.5042372881355932
675.0,-25.0,100.0,25.0,0.4745762711864407
725.0,-25.0,100.0,25.0,0.4449152542372881
775.0,-25.0,100.0,25.0,0.4152542372881356
825.0,-25.0,100.0,25.0,0.385593220338983
875.0,-25.0,100.0,25.0,0.35593220338983056
925.0,-25.0,100.0,25.0,0.326271186440678
975.0,-25.0,100.0,25.0,0.2966101694915254
1025.0,-25.0,100.0,25.0,0.2669491525423729
1075.0,-25.0,100.0,25.0,0.23728813559322035
1125.0,-25.0,100.0,25.0,0.2076271186440678
1175.0,-25.0,100.0,25.0,0.17796610169491528
1225.0,-25.0,100.0,25.0,0.1483050847457627
1275.0,-25.0,100.0,25.0,0.11864406779661017
1325.0,-25.0,100.0,25.0,0.08898305084745764
1375.0,-25.0,100.0,25.0,0.059322033898305086
1425.0,-25.0,100.0,25.0,0.029661016949152543
1475.0,-25.0,100.0,25.0,0.0
-1475.0,25.0,100.0,25.0,1.75
-1425.0,25.0,100.0,25.0,1.7203389830508475
-1375.0,25.0,100.0,25.0,1.6906779661016949
-1325.0,25.0,100.0,25.0,1.6610169491525424
-1275.0,25.0,100.0,25.0,1.6313559322033897
-1225.0,25.0,100.0,25.0,1.6016949152542372
-1175.0,25.0,100.0,25.0,1.5720338983050848
-1125.0,25.0,100.0,25.0,1.542372881355932
-1075.0,25.0,100.0,25.0,1.5127118644067796
-1025.0,25.0,100.0,25.0,1.4830508474576272
-975.0,25.0,100.0,25.0,1.4533898305084745
-925.0,25.0,100.0,25.0,1.4237288135593222
-875.0,25.0,100.0,25.0,1.3940677966101696
-825.0,25.0,100.0,25.0,1.364406779661017
-775.0,25.0,100.0,25.0,1.3347457627118644
-725.0,25.0,100.0,25.0,1.305084745762712
-675.0,25.0,100.0,25.0,1.2754237288135593
-625.0,25.0,100.0,25.0,1.2457627118644068
-575.0,25.0,100.0,25.0,1.2161016949152543
-525.0,25.0,100.0,25.0,1.1864406779661016
-475.0,25.0,100.0,25.0,1.1567796610169492
-425.0,25.0,100.0,25.0,1.1271186440677965
-375.0,25.0,100.0,25.0,1.097457627118644
-325.0,25.0,100.0,25.0,1.0677966101694916
-275.0,25.0,100.0,25.0,1.0381355932203389
-225.0,25.0,100.0,25.0,1.0084745762711864
-175.0,25.0,100.0,25.0,0.9788135593220338
-125.0,25.0,100.0,25.0,0.9491525423728814
-75.0,25.0,100.0,25.0,0.9194915254237289
-25.0,25.0,100.0,25.0,0.8898305084745762
25.0,25.0,100.0,25.0,0.8601694915254238
75.0,25.0,100.0,25.0,0.8305084745762712
125.0,25.0,100.0,25.0,0.8008474576271186
175.0,25.0,100.0,25.0,0.771186440677966
225.0,25.0,100.0,25.0,0.7415254237288136
275.0,25.0,100.0,25.0,0.7118644067796611
325.0,25.0,100.0,25.0,0.6822033898305085
375.0,25.0,100.0,25.0,0.652542372881356
425.0,25.0,100.0,25.0,0.6228813559322034
475.0,25.0,100.0,25.0,0.5932203389830508
525.0,25.0,100.0,25.0,0.5635593220338982
575.0,25.0,100.0,25.0,0.5338983050847458
625.0,25.0,100.0,25.0,0.5042372881355932
675.0,25.0,100.0,25.0,0.4745762711864407
725.0,25.0,100.0,25.0,0.4449152542372881
775.0,25.0,100.0,25.0,0.4152542372881356
825.0,25.0,100.0,25.0,0.385593220338983
875.0,25.0,100.0,25.0,0.35593220338983056
925.0,25.0,100.0,25.0,0.326271186440678
975.0,25.0,100.0,25.0,0.2966101694915254
1025.0,25.0,100.0,25.0,0.2669491525423729
1075.0,25.0,100.0,25.0,0.23728813559322035
1125.0,25.0,100.0,25.0,0.2076271186440678
1175.0,25.0,100.0,25.0,0.17796610169491528
1225.0,25.0,100.0,25.0,0.1483050847457627
1275.0,25.0,100.0,25.0,0.11864406779661017
1325.0,25.0,100.0,25.0,0.08898305084745764
1375.0,25.0,100.0,25.0,0.059322033898305086
1425.0,25.0,100.0,25.0,0.029661016949152543
1475.0,25.0,100.0,25.0,0.0
-1475.0,75.0,100.0,25.0,1.75
-1425.0,75.0,100.0,25.0,1.7203389830508475
-1375.0,75.0,100.0,25.0,1.6906779661016949
-1325.0,75.0,100.0,25.0,1.6610169491525424
-1275.0,75.0,100.0,25.0,1.6313559322033897
-1225.0,75.0,100.0,25.0,1.6016949152542372
-1175.0,75.0,100.0,25.0,1.5720338983050848
-1125.0,75.0,100.0,25.0,1.542372881355932
-1075.0,75.0,100.0,25.0,1.5127118644067796
-1025.0,75.0,100.0,25.0,1.4830508474576272
-975.0,75.0,100.0,25.0,1.4533898305084745
-925.0,75.0,100.0,25.0,1.4237288135593222
-875.0,75.0,100.0,25.0,1.3940677966101696
-825.0,75.0,100.0,25.0,1.364406779661017
-775.0,75.0,100.0,25.0,1.3347457627118644
-725.0,75.0,100.0,25.0,1.305084745762712
-675.0,75.0,100.0,25.0,1.2754237288135593
-625.0,75.0,100.0,25.0,1.2457627118644068
-575.0,75.0,100.0,25.0,1.2161016949152543
-525.0,75.0,100.0,25.0,1.1864406779661016
-475.0,75.0,100.0,25.0,1.1567796610169492
-425.0,75.0,100.0,25.0,1.1271186440677965
-375.0,75.0,100.0,25.0,1.097457627118644
-325.0,75.0,100.0,25.0,1.0677966101694916
-275.0,75.0,100.0,25.0,1.0381355932203389
-225.0,75.0,100.0,25.0,1.0084745762711864
-175.0,75.0,100.0,25.0,0.9788135593220338
-125.0,75.0,100.0,25.0,0.9491525423728814
-75.0,75.0,100.0,25.0,0.9194915254237289
-25.0,75.0,100.0,25.0,0.8898305084745762
25.0,75.0,100.0,25.0,0.8601694915254238
75.0,75.0,100.0,25.0,0.8305084745762712
125.0,75.0,100.0,25.0,0.8008474576271186
175.0,75.0,100.0,25.0,0.771186440677966
225.0,75.0,100.0,25.0,0.7415254237288136
275.0,75.0,100.0,25.0,0.7118644067796611
325.0,75.0,100.0,25.0,0.6822033898305085
375.0,75.0,100.0,25.0,0.652542372881356
425.0,75.0,100.0,25.0,0.6228813559322034
475.0,75.0,100.0,25.0,0.5932203389830508
525.0,75.0,100.0,25.0,0.5635593220338982
575.0,75.0,100.0,25.0,0.5338983050847458
625.0,75.0,100.0,25.0,0.5042372881355932
675.0,75.0,100.0,25.0,0.4745762711864407
725.0,75.0,100.0,25.0,0.4449152542372881
775.0,75.0,100.0,25.0,0.4152542372881356
825.0,75.0,100.0,25.0,0.385593220338983
875.0,75.0,100.0,25.0,0.35593220338983056
925.0,75.0,100.0,25.0,0.326271186440678
975.0,75.0,100.0,25.0,0.2966101694915254
1025.0,75.0,100.0,25.0,0.2669491525423729
1075.0,75.0,100.0,25.0,0.23728813559322035
1125.0,75.0,100.0,25.0,0.2076271186440678
1175.0,75.0,100.0,25.0,0.17796610169491528
1225.0,75.0,100.0,25.0,0.1483050847457627
1275.0,75.0,100.0,25.0,0.11864406779661017
1325.0,75.0,100.0,25.0,0.08898305084745764
1375.0,75.0,100.0,25.0,0.059322033898305086
1425.0,75.0,100.0,25.0,0.029661016949152543
1475.0,75.0,100.0,25.0,0.0
-1475.0,125.0,100.0,25.0,1.75
-1425.0,125.0,100.0,25.0,1.7203389830508475
-1375.0,125.0,100.0,25.0,1.6906779661016949
-1325.0,125.0,100.0,25.0,1.6610169491525424
-1275.0,125.0,100.0,25.0,1.6313559322033897
-1225.0,125.0,100.0,25.0,1.6016949152542372
-1175.0,125.0,100.0,25.0,1.5720338983050848
-1125.0,125.0,100.0,25.0,1.542372881355932
-1075.0,125.0,100.0,25.0,1.5127118644067796
-1025.0,125.0,100.0,25.0,1.4830508474576272
-975.0,125.0,100.0,25.0,1.4533898305084745
-925.0,125.0,100.0,25.0,1.4237288135593222
-875.0,125.0,100.0,25.0,1.3940677966101696
-825.0,125.0,100.0,25.0,1.364406779661017
-775.0,125.0,100.0,25.0,1.3347457627118644
-725.0,125.0,100.0,25.0,1.305084745762712
-675.0,125.0,100.0,25.0,1.2754237288135593
-625.0,125.0,100.0,25.0,1.2457627118644068
-575.0,125.0,100.0,25.0,1.2161016949152543
-525.0,125.0,100.0,25.0,1.1864406779661016
-475.0,125.0,100.0,25.0,1.1567796610169492
-425.0,125.0,100.0,25.0,1.1271186440677965
-375.0,125.0,100.0,25.0,1.097457627118644
-325.0,125.0,100.0,25.0,1.0677966101694916
-275.0,125.0,100.0,25.0,1.0381355932203389
-225.0,125.0,100.0,25.0,1.0084745762711864
-175.0,125.0,100.0,25.0,0.9788135593220338
-125.0,125.0,100.0,25.0,0.9491525423728814
-75.0,125.0,100.0,25.0,0.9194915254237289
-25.0,125.0,100.0,25.0,0.8898305084745762
25.0,125.0,100.0,25.0,0.8601694915254238
75.0,125.0,100.0,25.0,0.8305084745762712
125.0,125.0,100.0,25.0,0.8008474576271186
175.0,125.0,100.0,25.0,0.771186440677966
225.0,125.0,100.0,25.0,0.7415254237288136
275.0,125.0,100.0,25.0,0.7118644067796611
325.0,125.0,100.0,25.0,0.6822033898305085
375.0,125.0,100.0,25.0,0.652542372881356
425.0,125.0,100.0,25.0,0.6228813559322034
475.0,125.0,100.0,25.0,0.5932203389830508
525.0,125.0,100.0,25.0,0.5635593220338982
575.0,125.0,100.0,25.0,0.5338983050847458
625.0,125.0,100.0,25.0,0.5042372881355932
675.0,125.0,100.0,25.0,0.4745762711864407
725.0,125.0,100.0,25.0,0.4449152542372881
775.0,125.0,100.0,25.0,0.4152542372881356
825.0,125.0,100.0,25.0,0.385593220338983
875.0,125.0,100.0,25.0,0.35593220338983056
925.0,125.0,100.0,25.0,0.326271186440678
975.0,125.0,100.0,25.0,0.2966101694915254
1025.0,125.0,100.0,25.0,0.2669491525423729
1075.0,125.0,100.0,25.0,0.23728813559322035
1125.0,125.0,100.0,25.0,0.2076271186440678
1175.0,125.0,100.0,25.0,0.17796610169491528
1225.0,125.0,100.0,25.0,0.1483050847457627
1275.0,125.0,100.0,25.0,0.11864406779661017
1325.0,125.0,100.0,25.0,0.08898305084745764
1375.0,125.0,100.0,25.0,0.059322033898305086
1425.0,125.0,100.0,25.0,0.029661016949152543
1475.0,125.0,100.0,25.0,0.0
-1475.0,175.0,100.0,25.0,1.75
-1425.0,175.0,100.0,25.0,1.7203389830508475
-1375.0,175.0,100.0,25.0,1.6906779661016949
-1325.0,175.0,100.0,25.0,1.6610169491525424
-1275.0,175.0,100.0,25.0,1.6313559322033897
-1225.0,175.0,100.0,25.0,1.6016949152542372
-1175.0,175.0,100.0,25.0,1.5720338983050848
-1125.0,175.0,100.0,25.0,1.542372881355932
-1075.0,175.0,100.0,25.0,1.5127118644067796
-1025.0,175.0,100.0,25.0,1.4830508474576272
-975.0,175.0,100.0,25.0,1.4533898305084745
-925.0,175.0,100.0,25.0,1.4237288135593222
-875.0,175.0,100.0,25.0,1.3940677966101696
-825.0,175.0,100.0,25.0,1.364406779661017
-775.0,175.0,100.0,25.0,1.3347457627118644
-725.0,175.0,100.0,25.0,1.305084745762712
-675.0,175.0,100.0,25.0,1.2754237288135593
-625.0,175.0,100.0,25.0,1.2457627118644068
-575.0,175.0,100.0,25.0,1.2161016949152543
-525.0,175.0,100.0,25.0,1.1864406779661016
-475.0,175.0,100.0,25.0,1.1567796610169492
-425.0,175.0,100.0,25.0,1.1271186440677965
-375.0,175.0,100.0,25.0,1.097457627118644
-325.0,175.0,100.0,25.0,1.0677966101694916
-275.0,175.0,100.0,25.0,1.0381355932203389
-225.0,175.0,100.0,25.0,1.0084745762711864
-175.0,175.0,100.0,25.0,0.9788135593220338
-125.0,175.0,100.0,25.0,0.9491525423728814
-75.0,175.0,100.0,25.0,0.9194915254237289
-25.0,175.0,100.0,25.0,0.8898305084745762
25.0,175.0,100.0,25.0,0.8601694915254238
75.0,175.0,100.0,25.0,0.8305084745762712
125.0,175.0,100.0,25.0,0.8008474576271186
175.0,175.0,100.0,25.0,0.771186440677966
225.0,175.0,100.0,25.0,0.7415254237288136
275.0,175.0,100.0,25.0,0.7118644067796611
325.0,175.0,100.0,25.0,0.6822033898305085
375.0,175.0,100.0,25.0,0.652542372881356
425.0,175.0,100.0,25.0,0.6228813559322034
475.0,175.0,100.0,25.0,0.5932203389830508
525.0,175.0,100.0,25.0,0.5635593220338982
575.0,175.0,100.0,25.0,0.5338983050847458
625.0,175.0,100.0,25.0,0.5042372881355932
675.0,175.0,100.0,25.0,0.4745762711864407
725.0,175.0,100.0,25.0,0.4449152542372881
775.0,175.0,100.0,25.0,0.4152542372881356
825.0,175.0,100.0,25.0,0.385593220338983
875.0,175.0,100.0,25.0,0.35593220338983056
925.0,175.0,100.0,25.0,0.326271186440678
975.0,175.0,100.0,25.0,0.2966101694915254
1025.0,175.0,100.0,25.0,0.2669491525423729
1075.0,175.0,100.0,25.0,0.23728813559322035
1125.0,175.0,100.0,25.0,0.2076271186440678
1175.0,175.0,100.0,25.0,0.17796610169491528
1225.0,175.0,100.0,25.0,0.1483050847457627
1275.0,175.0,100.0,25.0,0.11864406779661017
1325.0,175.0,100.0,25.0,0.08898305084745764
1375.0,175.0,100.0,25.0,0.059322033898305086
1425.0,175.0,100.0,25.0,0.029661016949152543
1475.0,175.0,100.0,25.0,0.0
-1475.0,225.0,100.0,25.0,1.75
-1425.0,225.0,100.0,25.0,1.7203389830508475
-1375.0,225.0,100.0,25.0,1.6906779661016949
-1325.0,225.0,100.0,25.0,1.6610169491525424
-1275.0,225.0,100.0,25.0,1.6313559322033897
-1225.0,225.0,100.0,25.0,1.6016949152542372
-1175.0,225.0,100.0,25.0,1.5720338983050848
-1125.0,225.0,100.0,25.0,1.542372881355932
-1075.0,225.0,100.0,25.0,1.5127118644067796
-1025.0,225.0,100.0,25.0,1.4830508474576272
-975.0,225.0,100.0,25.0,1.4533898305084745
-925.0,225.0,100.0,25.0,1.4237288135593222
-875.0,225.0,100.0,25.0,1.3940677966101696
-825.0,225.0,100.0,25.0,1.364406779661017
-775.0,225.0,100.0,25.0,1.3347457627118644
-725.0,225.0,100.0,25.0,1.305084745762712
-675.0,225.0,100.0,25.0,1.2754237288135593
-625.0,225.0,100.0,25.0,1.2457627118644068
-575.0,225.0,100.0,25.0,1.2161016949152543
-525.0,225.0,100.0,25.0,1.1864406779661016
-475.0,225.0,100.0,25.0,1.1567796610169492
-425.0,225.0,100.0,25.0,1.1271186440677965
-375.0,225.0,100.0,25.0,1.097457627118644
-325.0,225.0,100.0,25.0,1.0677966101694916
-275.0,225.0,100.0,25.0,1.0381355932203389
-225.0,225.0,100.0,25.0,1.0084745762711864
-175.0,225.0,100.0,25.0,0.9788135593220338
-125.0,225.0,100.0,25.0,0.9491525423728814
-75.0,225.0,100.0,25.0,0.9194915254237289
-25.0,225.0,100.0,25.0,0.8898305084745762
25.0,225.0,100.0,25.0,0.8601694915254238
75.0,225.0,100.0,25.0,0.8305084745762712
125.0,225.0,100.0,25.0,0.8008474576271186
175.0,225.0,100.0,25.0,0.771186440677966
225.0,225.0,100.0,25.0,0.7415254237288136
275.0,225.0,100.0,25.0,0.7118644067796611
325.0,225.0,100.0,25.0,0.6822033898305085
375.0,225.0,100.0,25.0,0.652542372881356
425.0,225.0,100.0,25.0,0.6228813559322034
475.0,225.0,100.0,25.0,0.5932203389830508
525.0,225.0,100.0,25.0,0.5635593220338982
575.0,225.0,100.0,25.0,0.5338983050847458
625.0,225.0,100.0,25.0,0.5042372881355932
675.0,225.0,100.0,25.0,0.4745762711864407
725.0,225.0,100.0,25.0,0.4449152542372881
775.0,225.0,100.0,25.0,0.4152542372881356
825.0,225.0,100.0,25.0,0.385593220338983
875.0,225.0,100.0,25.0,0.35593220338983056
925.0,225.0,100.0,25.0,0.326271186440678
975.0,225.0,100.0,25.0,0.2966101694915254
1025.0,225.0,100.0,25.0,0.2669491525423729
1075.0,225.0,100.0,25.0,0.23728813559322035
1125.0,225.0,100.0,25.0,0.2076271186440678
1175.0,225.0,100.0,25.0,0.17796610169491528
1225.0,225.0,100.0,25.0,0.1483050847457627
1275.0,225.0,100.0,25.0,0.11864406779661017
1325.0,225.0,100.0,25.0,0.08898305084745764
1375.0,225.0,100.0,25.0,0.059322033898305086
1425.0,225.0,100.0,25.0,0.029661016949152543
1475.0,225.0,100.0,25.0,0.0
-1475.0,275.0,100.0,25.0,1.75
-1425.0,275.0,100.0,25.0,1.7203389830508475
-1375.0,275.0,100.0,25.0,1.6906779661016949
-1325.0,275.0,100.0,25.0,1.6610169491525424
-1275.0,275.0,100.0,25.0,1.6313559322033897
-1225.0,275.0,100.0,25.0,1.6016949152542372
-1175.0,275.0,100.0,25.0,1.5720338983050848
-1125.0,275.0,100.0,25.0,1.542372881355932
-1075.0,275.0,100.0,25.0,1.5127118644067796
-1025.0,275.0,100.0,25.0,1.4830508474576272
-975.0,275.0,100.0,25.0,1.4533898305084745
-925.0,275.0,100.0,25.0,1.4237288135593222
-875.0,275.0,100.0,25.0,1.3940677966101696
-825.0,275.0,100.0,25.0,1.364406779661017
-775.0,275.0,100.0,25.0,1.3347457627118644
-725.0,275.0,100.0,25.0,1.305084745762712
-675.0,275.0,100.0,25.0,1.2754237288135593
-625.0,275.0,100.0,25.0,1.2457627118644068
-575.0,275.0,100.0,25.0,1.2161016949152543
-525.0,275.0,100.0,25.0,1.1864406779661016
-475.0,275.0,100.0,25.0,1.1567796610169492
-425.0,275.0,100.0,25.0,1.1271186440677965
-375.0,275.0,100.0,25.0,1.097457627118644
-325.0,275.0,100.0,25.0,1.0677966101694916
-275.0,275.0,100.0,25.0,1.0381355932203389
-225.0,275.0,100.0,25.0,1.0084745762711864
-175.0,275.0,100.0,25.0,0.9788135593220338
-125.0,275.0,100.0,25.0,0.9491525423728814
-75.0,275.0,100.0,25.0,0.9194915254237289
-25.0,275.0,100.0,25.0,0.8898305084745762
25.0,275.0,100.0,25.0,0.8601694915254238
75.0,275.0,100.0,25.0,0.8305084745762712
125.0,275.0,100.0,25.0,0.8008474576271186
175.0,275.0,100.0,25.0,0.771186440677966
225.0,275.0,100.0,25.0,0.7415254237288136
275.0,275.0,100.0,25.0,0.7118644067796611
325.0,275.0,100.0,25.0,0.6822033898305085
375.0,275.0,100.0,25.0,0.652542372881356
425.0,275.0,100.0,25.0,0.6228813559322034
475.0,275.0,100.0,25.0,0.5932203389830508
525.0,275.0,100.0,25.0,0.5635593220338982
575.0,275.0,100.0,25.0,0.5338983050847458
625.0,275.0,100.0,25.0,0.5042372881355932
675.0,275.0,100.0,25.0,0.4745762711864407
725.0,275.0,100.0,25.0,0.4449152542372881
775.0,275.0,100.0,25.0,0.4152542372881356
825.0,275.0,100.0,25.0,0.385593220338983
875.0,275.0,100.0,25.0,0.35593220338983056
925.0,275.0,100.0,25.0,0.326271186440678
975.0,275.0,100.0,25.0,0.2966101694915254
1025.0,275.0,100.0,25.0,0.2669491525423729
1075.0,275.0,100.0,25.0,0.23728813559322035
1125.0,275.0,100.0,25.0,0.2076271186440678
1175.0,275.0,100.0,25.0,0.17796610169491528
1225.0,275.0,100.0,25.0,0.1483050847457627
1275.0,275.0,100.0,25.0,0.11864406779661017
1325.0,275.0,100.0,25.0,0.08898305084745764
1375.0,275.0,100.0,25.0,0.059322033898305086
1425.0,275.0,100.0,25.0,0.029661016949152543
1475.0,275.0,100.0,25.0,0.0
-1475.0,325.0,100.0,25.0,1.75
-1425.0,325.0,100.0,25.0,1.7203389830508475
-1375.0,325.0,100.0,25.0,1.6906779661016949
-1325.0,325.0,100.0,25.0,1.6610169491525424
-1275.0,325.0,100.0,25.0,1.6313559322033897
-1225.0,325.0,100.0,25.0,1.6016949152542372
-1175.0,325.0,100.0,25.0,1.5720338983050848
-1125.0,325.0,100.0,25.0,1.542372881355932
-1075.0,325.0,100.0,25.0,1.5127118644067796
-1025.0,325.0,100.0,25.0,1.4830508474576272
-975.0,325.0,100.0,25.0,1.4533898305084745
-925.0,325.0,100.0,25.0,1.4237288135593222
-875.0,325.0,100.0,25.0,1.3940677966101696
-825.0,325.0,100.0,25.0,1.364406779661017
-775.0,325.0,100.0,25.0,1.3347457627118644
-725.0,325.0,100.0,25.0,1.305084745762712
-675.0,325.0,100.0,25.0,1.2754237288135593
-625.0,325.0,100.0,25.0,1.2457627118644068
-575.0,325.0,100.0,25.0,1.2161016949152543
-525.0,325.0,100.0,25.0,1.1864406779661016
-475.0,325.0,100.0,25.0,1.1567796610169492
-425.0,325.0,100.0,25.0,1.1271186440677965
-375.0,325.0,100.0,25.0,1.097457627118644
-325.0,325.0,100.0,25.0,1.0677966101694916
-275.0,325.0,100.0,25.0,1.0381355932203389
-225.0,325.0,100.0,25.0,1.0084745762711864
-175.0,325.0,100.0,25.0,0.9788135593220338
-125.0,325.0,100.0,25.0,0.9491525423728814
-75.0,325.0,100.0,25.0,0.9194915254237289
-25.0,325.0,100.0,25.0,0.8898305084745762
25.0,325.0,100.0,25.0,0.8601694915254238
75.0,325.0,100.0,25.0,0.8305084745762712
125.0,325.0,100.0,25.0,0.8008474576271186
175.0,325.0,100.0,25.0,0.771186440677966
225.0,325.0,100.0,25.0,0.7415254237288136
275.0,325.0,100.0,25.0,0.7118644067796611
325.0,325.0,100.0,25.0,0.6822033898305085
375.0,325.0,100.0,25.0,0.652542372881356
425.0,325.0,100.0,25.0,0.6228813559322034
475.0,325.0,100.0,25.0,0.5932203389830508
525.0,325.0,100.0,25.0,0.5635593220338982
575.0,325.0,100.0,25.0,0.5338983050847458
625.0,325.0,100.0,25.0,0.5042372881355932
675.0,325.0,100.0,25.0,0.4745762711864407
725.0,325.0,100.0,25.0,0.4449152542372881
775.0,325.0,100.0,25.0,0.4152542372881356
825.0,325.0,100.0,25.0,0.385593220338983
875.0,325.0,100.0,25.0,0.35593220338983056
925.0,325.0,100.0,25.0,0.326271186440678
975.0,325.0,100.0,25.0,0.2966101694915254
1025.0,325.0,100.0,25.0,0.2669491525423729
1075.0,325.0,100.0,25.0,0.23728813559322035
1125.0,325.0,100.0,25.0,0.2076271186440678
1175.0,325.0,100.0,25.0,0.17796610169491528
1225.0,325.0,100.0,25.0,0.1483050847457627
1275.0,325.0,100.0,25.0,0.11864406779661017
1325.0,325.0,100.0,25.0,0.08898305084745764
1375.0,325.0,100.0,25.0,0.059322033898305086
1425.0,325.0,100.0,25.0,0.029661016949152543
1475.0,325.0,100.0,25.0,0.0
-1475.0,375.0,100.0,25.0,1.75
-1425.0,375.0,100.0,25.0,1.7203389830508475
-1375.0,375.0,100.0,25.0,1.6906779661016949
-1325.0,375.0,100.0,25.0,1.6610169491525424
-1275.0,375.0,100.0,25.0,1.6313559322033897
-1225.0,375.0,100.0,25.0,1.6016949152542372
-1175.0,375.0,100.0,25.0,1.5720338983050848
-1125.0,375.0,100.0,25.0,1.542372881355932
-1075.0,375.0,100.0,25.0,1.5127118644067796
-1025.0,375.0,100.0,25.0,1.4830508474576272
-975.0,375.0,100.0,25.0,1.4533898305084745
-925.0,375.0,100.0,25.0,1.4237288135593222
-875.0,375.0,100.0,25.0,1.3940677966101696
-825.0,375.0,100.0,25.0,1.364406779661017
-775.0,375.0,100.0,25.0,1.3347457627118644
-725.0,375.0,100.0,25.0,1.305084745762712
-675.0,375.0,100.0,25.0,1.2754237288135593
-625.0,375.0,100.0,25.0,1.2457627118644068
-575.0,375.0,100.0,25.0,1.2161016949152543
-525.0,375.0,100.0,25.0,1.1864406779661016
-475.0,375.0,100.0,25.0,1.1567796610169492
-425.0,375.0,100.0,25.0,1.1271186440677965
-375.0,375.0,100.0,25.0,1.097457627118644
-325.0,375.0,100.0,25.0,1.0677966101694916
-275.0,375.0,100.0,25.0,1.0381355932203389
-225.0,375.0,100.0,25.0,1.0084745762711864
-175.0,375.0,100.0,25.0,0.9788135593220338
-125.0,375.0,100.0,25.0,0.9491525423728814
-75.0,375.0,100.0,25.0,0.9194915254237289
-25.0,375.0,100.0,25.0,0.8898305084745762
25.0,375.0,100.0,25.0,0.8601694915254238
75.0,375.0,100.0,25.0,0.8305084745762712
125.0,375.0,100.0,25.0,0.8008474576271186
175.0,375.0,100.0,25.0,0.771186440677966
225.0,375.0,100.0,25.0,0.7415254237288136
275.0,375.0,100.0,25.0,0.7118644067796611
325.0,375.0,100.0,25.0,0.6822033898305085
375.0,375.0,100.0,25.0,0.652542372881356
425.0,375.0,100.0,25.0,0.6228813559322034
475.0,375.0,100.0,25.0,0.5932203389830508
525.0,375.0,100.0,25.0,0.5635593220338982
575.0,375.0,100.0,25.0,0.5338983050847458
625.0,375.0,100.0,25.0,0.5042372881355932
675.0,375.0,100.0,25.0,0.4745762711864407
725.0,375.0,100.0,25.0,0.4449152542372881
775.0,375.0,100.0,25.0,0.4152542372881356
825.0,375.0,100.0,25.0,0.385593220338983
875.0,375.0,100.0,25.0,0.35593220338983056
925.0,375.0,100.0,25.0,0.326271186440678
975.0,375.0,100.0,25.0,0.2966101694915254
1025.0,375.0,100.0,25.0,0.2669491525423729
1075.0,375.0,100.0,25.0,0.23728813559322035
1125.0,375.0,100.0,25.0,0.2076271186440678
1175.0,375.0,100.0,25.0,0.17796610169491528
1225.0,375.0,100.0,25.0,0.1483050847457627
1275.0,375.0,100.0,25.0,0.11864406779661017
1325.0,375.0,100.0,25.0,0.08898305084745764
1375.0,375.0,100.0,25.0,0.059322033898305086
1425.0,375.0,100.0,25.0,0.029661016949152543
1475.0,375.0,100.0,25.0,0.0
-1475.0,425.0,100.0,25.0,1.75
-1425.0,425.0,100.0,25.0,1.7203389830508475
-1375.0,425.0,100.0,25.0,1.6906779661016949
-1325.0,425.0,100.0,25.0,1.6610169491525424
-1275.0,425.0,100.0,25.0,1.6313559322033897
-1225.0,425.0,100.0,25.0,1.6016949152542372
-1175.0,425.0,100.0,25.0,1.5720338983050848
-1125.0,425.0,100.0,25.0,1.542372881355932
-1075.0,425.0,100.0,25.0,1.5127118644067796
-1025.0,425.0,100.0,25.0,1.4830508474576272
-975.0,425.0,100.0,25.0,1.4533898305084745
-925.0,425.0,100.0,25.0,1.4237288135593222
-875.0,425.0,100.0,25.0,1.3940677966101696
-825.0,425.0,100.0,25.0,1.364406779661017
-775.0,425.0,100.0,25.0,1.3347457627118644
-725.0,425.0,100.0,25.0,1.305084745762712
-675.0,425.0,100.0,25.0,1.2754237288135593
-625.0,425.0,100.0,25.0,1.2457627118644068
-575.0,425.0,100.0,25.0,1.2161016949152543
-525.0,425.0,100.0,25.0,1.1864406779661016
-475.0,425.0,100.0,25.0,1.1567796610169492
-425.0,425.0,100.0,25.0,1.1271186440677965
-375.0,425.0,100.0,25.0,1.097457627118644
-325.0,425.0,100.0,25.0,1.0677966101694916
-275.0,425.0,100.0,25.0,1.0381355932203389
-225.0,425.0,100.0,25.0,1.0084745762711864
-175.0,425.0,100.0,25.0,0.9788135593220338
-125.0,425.0,100.0,25.0,0.9491525423728814
-75.0,425.0,100.0,25.0,0.9194915254237289
-25.0,425.0,100.0,25.0,0.8898305084745762
25.0,425.0,100.0,25.0,0.8601694915254238
75.0,425.0,100.0,25.0,0.8305084745762712
125.0,425.0,100.0,25.0,0.8008474576271186
175.0,425.0,100.0,25.0,0.771186440677966
225.0,425.0,100.0,25.0,0.7415254237288136
275.0,425.0,100.0,25.0,0.7118644067796611
325.0,425.0,100.0,25.0,0.6822033898305085
375.0,425.0,100.0,25.0,0.652542372881356
425.0,425.0,100.0,25.0,0.6228813559322034
475.0,425.0,100.0,25.0,0.5932203389830508
525.0,425.0,100.0,25.0,0.5635593220338982
575.0,425.0,100.0,25.0,0.5338983050847458
625.0,425.0,100.0,25.0,0.5042372881355932
675.0,425.0,100.0,25.0,0.4745762711864407
725.0,425.0,100.0,25.0,0.4449152542372881
775.0,425.0,100.0,25.0,0.4152542372881356
825.0,425.0,100.0,25.0,0.385593220338983
875.0,425.0,100.0,25.0,0.35593220338983056
925.0,425.0,100.0,25.0,0.326271186440678
975.0,425.0,100.0,25.0,0.2966101694915254
1025.0,425.0,100.0,25.0,0.2669491525423729
1075.0,425.0,100.0,25.0,0.23728813559322035
1125.0,425.0,100.0,25.0,0.2076271186440678
1175.0,425.0,100.0,25.0,0.17796610169491528
1225.0,425.0,100.0,25.0,0.1483050847457627
1275.0,425.0,100.0,25.0,0.11864406779661017
1325.0,425.0,100.0,25.0,0.08898305084745764
1375.0,425.0,100.0,25.0,0.059322033898305086
1425.0,425.0,100.0,25.0,0.029661016949152543
1475.0,425.0,100.0,25.0,0.0
-1475.0,475.0,100.0,25.0,1.75
-1425.0,475.0,100.0,25.0,1.7203389830508475
-1375.0,475.0,100.0,25.0,1.6906779661016949
-1325.0,475.0,100.0,25.0,1.6610169491525424
-1275.0,475.0,100.0,25.0,1.6313559322033897
-1225.0,475.0,100.0,25.0,1.6016949152542372
-1175.0,475.0,100.0,25.0,1.5720338983050848
-1125.0,475.0,100.0,25.0,1.542372881355932
-1075.0,475.0,100.0,25.0,1.5127118644067796
-1025.0,475.0,100.0,25.0,1.4830508474576272
-975.0,475.0,100.0,25.0,1.4533898305084745
-925.0,475.0,100.0,25.0,1.4237288135593222
-875.0,475.0,100.0,25.0,1.3940677966101696
-825.0,475.0,100.0,25.0,1.364406779661017
-775.0,475.0,100.0,25.0,1.3347457627118644
-725.0,475.0,100.0,25.0,1.305084745762712
-675.0,475.0,100.0,25.0,1.2754237288135593
-625.0,475.0,100.0,25.0,1.2457627118644068
-575.0,475.0,100.0,25.0,1.2161016949152543
-525.0,475.0,100.0,25.0,1.1864406779661016
-475.0,475.0,100.0,25.0,1.1567796610169492
-425.0,475.0,100.0,25.0,1.1271186440677965
-375.0,475.0,100.0,25.0,1.097457627118644
-325.0,475.0,100.0,25.0,1.0677966101694916
-275.0,475.0,100.0,25.0,1.0381355932203389
-225.0,475.0,100.0,25.0,1.0084745762711864
-175.0,475.0,100.0,25.0,0.9788135593220338
-125.0,475.0,100.0,25.0,0.9491525423728814
-75.0,475.0,100.0,25.0,0.9194915254237289
-25.0,475.0,100.0,25.0,0.8898305084745762
25.0,475.0,100.0,25.0,0.8601694915254238
75.0,475.0,100.0,25.0,0.8305084745762712
125.0,475.0,100.0,25.0,0.8008474576271186
175.0,475.0,100.0,25.0,0.771186440677966
225.0,475.0,100.0,25.0,0.7415254237288136
275.0,475.0,100.0,25.0,0.7118644067796611
325.0,475.0,100.0,25.0,0.6822033898305085
375.0,475.0,100.0,25.0,0.652542372881356
425.0,475.0,100.0,25.0,0.6228813559322034
475.0,475.0,100.0,25.0,0.5932203389830508
525.0,475.0,100.0,25.0,0.5635593220338982
575.0,475.0,100.0,25.0,0.5338983050847458
625.0,475.0,100.0,25.0,0.5042372881355932
675.0,475.0,100.0,25.0,0.4745762711864407
725.0,475.0,100.0,25.0,0.4449152542372881
775.0,475.0,100.0,25.0,0.4152542372881356
825.0,475.0,100.0,25.0,0.385593220338983
875.0,475.0,100.0,25.0,0.35593220338983056
925.0,475.0,100.0,25.0,0.326271186440678
975.0,475.0,100.0,25.0,0.2966101694915254
1025.0,475.0,100.0,25.0,0.2669491525423729
1075.0,475.0,100.0,25.0,0.23728813559322035
1125.0,475.0,100.0,25.0,0.2076271186440678
1175.0,475.0,100.0,25.0,0.17796610169491528
1225.0,475.0,100.0,25.0,0.1483050847457627
1275.0,475.0,100.0,25.0,0.11864406779661017
1325.0,475.0,100.0,25.0,0.08898305084745764
1375.0,475.0,100.0,25.0,0.059322033898305086
1425.0,475.0,100.0,25.0,0.029661016949152543
1475.0,475.0,100.0,25.0,0.0
-1475.0,525.0,100.0,25.0,1.75
-1425.0,525.0,100.0,25.0,1.7203389830508475
-1375.0,525.0,100.0,25.0,1.6906779661016949
-1325.0,525.0,100.0,25.0,1.6610169491525424
-1275.0,525.0,100.0,25.0,1.6313559322033897
-1225.0,525.0,100.0,25.0,1.6016949152542372
-1175.0,525.0,100.0,25.0,1.5720338983050848
-1125.0,525.0,100.0,25.0,1.542372881355932
-1075.0,525.0,100.0,25.0,1.5127118644067796
-1025.0,525.0,100.0,25.0,1.4830508474576272
-975.0,525.0,100.0,25.0,1.4533898305084745
-925.0,525.0,100.0,25.0,1.4237288135593222
-875.0,525.0,100.0,25.0,1.3940677966101696
-825.0,525.0,100.0,25.0,1.364406779661017
-775.0,525.0,100.0,25.0,1.3347457627118644
-725.0,525.0,100.0,25.0,1.305084745762712
-675.0,525.0,100.0,25.0,1.2754237288135593
-625.0,525.0,100.0,25.0,1.2457627118644068
-575.0,525.0,100.0,25.0,1.2161016949152543
-525.0,525.0,100.0,25.0,1.1864406779661016
-475.0,525.0,100.0,25.0,1.1567796610169492
-425.0,525.0,100.0,25.0,1.1271186440677965
-375.0,525.0,100.0,25.0,1.097457627118644
-325.0,525.0,100.0,25.0,1.0677966101694916
-275.0,525.0,100.0,25.0,1.0381355932203389
-225.0,525.0,100.0,25.0,1.0084745762711864
-175.0,525.0,100.0,25.0,0.9788135593220338
-125.0,525.0,100.0,25.0,0.9491525423728814
-75.0,525.0,100.0,25.0,0.9194915254237289
-25.0,525.0,100.0,25.0,0.8898305084745762
25.0,525.0,100.0,25.0,0.8601694915254238
75.0,525.0,100.0,25.0,0.8305084745762712
125.0,525.0,100.0,25.0,0.8008474576271186
175.0,525.0,100.0,25.0,0.771186440677966
225.0,525.0,100.0,25.0,0.7415254237288136
275.0,525.0,100.0,25.0,0.7118644067796611
325.0,525.0,100.0,25.0,0.6822033898305085
375.0,525.0,100.0,25.0,0.652542372881356
425.0,525.0,100.0,25.0,0.6228813559322034
475.0,525.0,100.0,25.0,0.5932203389830508
525.0,525.0,100.0,25.0,0.5635593220338982
575.0,525.0,100.0,25.0,0.5338983050847458
625.0,525.0,100.0,25.0,0.5042372881355932
675.0,525.0,100.0,25.0,0.4745762711864407
725.0,525.0,100.0,25.0,0.4449152542372881
775.0,525.0,100.0,25.0,0.4152542372881356
825.0,525.0,100.0,25.0,0.385593220338983
875.0,525.0,100.0,25.0,0.35593220338983056
925.0,525.0,100.0,25.0,0.326271186440678
975.0,525.0,100.0,25.0,0.2966101694915254
1025.0,525.0,100.0,25.0,0.2669491525423729
1075.0,525.0,100.0,25.0,0.23728813559322035
1125.0,525.0,100.0,25.0,0.2076271186440678
1175.0,525.0,100.0,25.0,0.17796610169491528
1225.0,525.0,100.0,25.0,0.1483050847457627
1275.0,525.0,100.0,25.0,0.11864406779661017
1325.0,525.0,100.0,25.0,0.08898305084745764
1375.0,525.0,100.0,25.0,0.059322033898305086
1425.0,525.0,100.0,25.0,0.029661016949152543
1475.0,525.0,100.0,25.0,0.0
-1475.0,575.0,100.0,25.0,1.75
-1425.0,575.0,100.0,25.0,1.7203389830508475
-1375.0,575.0,100.0,25.0,1.6906779661016949
-1325.0,575.0,100.0,25.0,1.6610169491525424
-1275.0,575.0,100.0,25.0,1.6313559322033897
-1225.0,575.0,100.0,25.0,1.6016949152542372
-1175.0,575.0,100.0,25.0,1.5720338983050848
-1125.0,575.0,100.0,25.0,1.542372881355932
-1075.0,575.0,100.0,25.0,1.5127118644067796
-1025.0,575.0,100.0,25.0,1.4830508474576272
-975.0,575.0,100.0,25.0,1.4533898305084745
-925.0,575.0,100.0,25.0,1.4237288135593222
-875.0,575.0,100.0,25.0,1.3940677966101696
-825.0,575.0,100.0,25.0,1.364406779661017
-775.0,575.0,100.0,25.0,1.3347457627118644
-725.0,575.0,100.0,25.0,1.305084745762712
-675.0,575.0,100.0,25.0,1.2754237288135593
-625.0,575.0,100.0,25.0,1.2457627118644068
-575.0,575.0,100.0,25.0,1.2161016949152543
-525.0,575.0,100.0,25.0,1.1864406779661016
-475.0,575.0,100.0,25.0,1.1567796610169492
-425.0,575.0,100.0,25.0,1.1271186440677965
-375.0,575.0,100.0,25.0,1.097457627118644
-325.0,575.0,100.0,25.0,1.0677966101694916
-275.0,575.0,100.0,25.0,1.0381355932203389
-225.0,575.0,100.0,25.0,1.0084745762711864
-175.0,575.0,100.0,25.0,0.9788135593220338
-125.0,575.0,100.0,25.0,0.9491525423728814
-75.0,575.0,100.0,25.0,0.9194915254237289
-25.0,575.0,100.0,25.0,0.8898305084745762
25.0,575.0,100.0,25.0,0.8601694915254238
75.0,575.0,100.0,25.0,0.8305084745762712
125.0,575.0,100.0,25.0,0.8008474576271186
175.0,575.0,100.0,25.0,0.771186440677966
225.0,575.0,100.0,25.0,0.7415254237288136
275.0,575.0,100.0,25.0,0.7118644067796611
325.0,575.0,100.0,25.0,0.6822033898305085
375.0,575.0,100.0,25.0,0.652542372881356
425.0,575.0,100.0,25.0,0.6228813559322034
475.0,575.0,100.0,25.0,0.5932203389830508
525.0,575.0,100.0,25.0,0.5635593220338982
575.0,575.0,100.0,25.0,0.5338983050847458
625.0,575.0,100.0,25.0,0.5042372881355932
675.0,575.0,100.0,25.0,0.4745762711864407
725.0,575.0,100.0,25.0,0.4449152542372881
775.0,575.0,100.0,25.0,0.4152542372881356
825.0,575.0,100.0,25.0,0.385593220338983
875.0,575.0,100.0,25.0,0.35593220338983056
925.0,575.0,100.0,25.0,0.326271186440678
975.0,575.0,100.0,25.0,0.2966101694915254
1025.0,575.0,100.0,25.0,0.2669491525423729
1075.0,575.0,100.0,25.0,0.23728813559322035
1125.0,575.0,100.0,25.0,0.2076271186440678
1175.0,575.0,100.0,25.0,0.17796610169491528
1225.0,575.0,100.0,25.0,0.1483050847457627
1275.0,575.0,100.0,25.0,0.11864406779661017
1325.0,575.0,100.0,25.0,0.08898305084745764
1375.0,575.0,100.0,25.0,0.059322033898305086
1425.0,575.0,100.0,25.0,0.029661016949152543
1475.0,575.0,100.0,25.0,0.0
-1475.0,625.0,100.0,25.0,1.75
-1425.0,625.0,100.0,25.0,1.7203389830508475
-1375.0,625.0,100.0,25.0,1.6906779661016949
-1325.0,625.0,100.0,25.0,1.6610169491525424
-1275.0,625.0,100.0,25.0,1.6313559322033897
-1225.0,625.0,100.0,25.0,1.6016949152542372
-1175.0,625.0,100.0,25.0,1.5720338983050848
-1125.0,625.0,100.0,25.0,1.542372881355932
-1075.0,625.0,100.0,25.0,1.5127118644067796
-1025.0,625.0,100.0,25.0,1.4830508474576272
-975.0,625.0,100.0,25.0,1.4533898305084745
-925.0,625.0,100.0,25.0,1.4237288135593222
-875.0,625.0,100.0,25.0,1.3940677966101696
-825.0,625.0,100.0,25.0,1.364406779661017
-775.0,625.0,100.0,25.0,1.3347457627118644
-725.0,625.0,100.0,25.0,1.305084745762712
-675.0,625.0,100.0,25.0,1.2754237288135593
-625.0,625.0,100.0,25.0,1.2457627118644068
-575.0,625.0,100.0,25.0,1.2161016949152543
-525.0,625.0,100.0,25.0,1.1864406779661016
-475.0,625.0,100.0,25.0,1.1567796610169492
-425.0,625.0,100.0,25.0,1.1271186440677965
-375.0,625.0,100.0,25.0,1.097457627118644
-325.0,625.0,100.0,25.0,1.0677966101694916
-275.0,625.0,100.0,25.0,1.0381355932203389
-225.0,625.0,100.0,25.0,1.0084745762711864
-175.0,625.0,100.0,25.0,0.9788135593220338
-125.0,625.0,100.0,25.0,0.9491525423728814
-75.0,625.0,100.0,25.0,0.9194915254237289
-25.0,625.0,100.0,25.0,0.8898305084745762
25.0,625.0,100.0,25.0,0.8601694915254238
75.0,625.0,100.0,25.0,0.8305084745762712
125.0,625.0,100.0,25.0,0.8008474576271186
175.0,625.0,100.0,25.0,0.771186440677966
225.0,625.0,100.0,25.0,0.7415254237288136
275.0,625.0,100.0,25.0,0.7118644067796611
325.0,625.0,100.0,25.0,0.6822033898305085
375.0,625.0,100.0,25.0,0.652542372881356
425.0,625.0,100.0,25.0,0.6228813559322034
475.0,625.0,100.0,25.0,0.5932203389830508
525.0,625.0,100.0,25.0,0.5635593220338982
575.0,625.0,100.0,25.0,0.5338983050847458
625.0,625.0,100.0,25.0,0.5042372881355932
675.0,625.0,100.0,25.0,0.4745762711864407
725.0,625.0,100.0,25.0,0.4449152542372881
775.0,625.0,100.0,25.0,0.4152542372881356
825.0,625.0,100.0,25.0,0.385593220338983
875.0,625.0,100.0,25.0,0.35593220338983056
925.0,625.0,100.0,25.0,0.326271186440678
975.0,625.0,100.0,25.0,0.2966101694915254
1025.0,625.0,100.0,25.0,0.2669491525423729
1075.0,625.0,100.0,25.0,0.23728813559322035
1125.0,625.0,100.0,25.0,0.2076271186440678
1175.0,625.0,100.0,25.0,0.17796610169491528
1225.0,625.0,100.0,25.0,0.1483050847457627
1275.0,625.0,100.0,25.0,0.11864406779661017
1325.0,625.0,100.0,25.0,0.08898305084745764
1375.0,625.0,100.0,25.0,0.059322033898305086
1425.0,625.0,100.0,25.0,0.029661016949152543
1475.0,625.0,100.0,25.0,0.0
-1475.0,675.0,100.0,25.0,1.75
-1425.0,675.0,100.0,25.0,1.7203389830508475
-1375.0,675.0,100.0,25.0,1.6906779661016949
-1325.0,675.0,100.0,25.0,1.6610169491525424
-1275.0,675.0,100.0,25.0,1.6313559322033897
-1225.0,675.0,100.0,25.0,1.6016949152542372
-1175.0,675.0,100.0,25.0,1.5720338983050848
-1125.0,675.0,100.0,25.0,1.542372881355932
-1075.0,675.0,100.0,25.0,1.5127118644067796
-1025.0,675.0,100.0,25.0,1.4830508474576272
-975.0,675.0,100.0,25.0,1.4533898305084745
-925.0,675.0,100.0,25.0,1.4237288135593222
-875.0,675.0,100.0,25.0,1.3940677966101696
-825.0,675.0,100.0,25.0,1.364406779661017
-775.0,675.0,100.0,25.0,1.3347457627118644
-725.0,675.0,100.0,25.0,1.305084745762712
-675.0,675.0,100.0,25.0,1.2754237288135593
-625.0,675.0,100.0,25.0,1.2457627118644068
-575.0,675.0,100.0,25.0,1.2161016949152543
-525.0,675.0,100.0,25.0,1.1864406779661016
-475.0,675.0,100.0,25.0,1.1567796610169492
-425.0,675.0,100.0,25.0,1.1271186440677965
-375.0,675.0,100.0,25.0,1.097457627118644
-325.0,675.0,100.0,25.0,1.0677966101694916
-275.0,675.0,100.0,25.0,1.0381355932203389
-225.0,675.0,100.0,25.0,1.0084745762711864
-175.0,675.0,100.0,25.0,0.9788135593220338
-125.0,675.0,100.0,25.0,0.9491525423728814
-75.0,675.0,100.0,25.0,0.9194915254237289
-25.0,675.0,100.0,25.0,0.8898305084745762
25.0,675.0,100.0,25.0,0.8601694915254238
75.0,675.0,100.0,25.0,0.8305084745762712
125.0,675.0,100.0,25.0,0.8008474576271186
175.0,675.0,100.0,25.0,0.771186440677966
225.0,675.0,100.0,25.0,0.7415254237288136
275.0,675.0,100.0,25.0,0.7118644067796611
325.0,675.0,100.0,25.0,0.6822033898305085
375.0,675.0,100.0,25.0,0.652542372881356
425.0,675.0,100.0,25.0,0.6228813559322034
475.0,675.0,100.0,25.0,0.5932203389830508
525.0,675.0,100.0,25.0,0.5635593220338982
575.0,675.0,100.0,25.0,0.5338983050847458
625.0,675.0,100.0,25.0,0.5042372881355932
675.0,675.0,100.0,25.0,0.4745762711864407
725.0,675.0,100.0,25.0,0.4449152542372881
775.0,675.0,100.0,25.0,0.4152542372881356
825.0,675.0,100.0,25.0,0.385593220338983
875.0,675.0,100.0,25.0,0.35593220338983056
925.0,675.0,100.0,25.0,0.326271186440678
975.0,675.0,100.0,25.0,0.2966101694915254
1025.0,675.0,100.0,25.0,0.2669491525423729
1075.0,675.0,100.0,25.0,0.23728813559322035
1125.0,675.0,100.0,25.0,0.2076271186440678
1175.0,675.0,100.0,25.0,0.17796610169491528
1225.0,675.0,100.0,25.0,0.1483050847457627
1275.0,675.0,100.0,25.0,0.11864406779661017
1325.0,675.0,100.0,25.0,0.08898305084745764
1375.0,675.0,100.0,25.0,0.059322033898305086
1425.0,675.0,100.0,25.0,0.029661016949152543
1475.0,675.0,100.0,25.0,0.0
-1475.0,725.0,100.0,25.0,1.75
-1425.0,725.0,100.0,25.0,1.7203389830508475
-1375.0,725.0,100.0,25.0,1.6906779661016949
-1325.0,725.0,100.0,25.0,1.6610169491525424
-1275.0,725.0,100.0,25.0,1.6313559322033897
-1225.0,725.0,100.0,25.0,1.6016949152542372
-1175.0,725.0,100.0,25.0,1.5720338983050848
-1125.0,725.0,100.0,25.0,1.542372881355932
-1075.0,725.0,100.0,25.0,1.5127118644067796
-1025.0,725.0,100.0,25.0,1.4830508474576272
-975.0,725.0,100.0,25.0,1.4533898305084745
-925.0,725.0,100.0,25.0,1.4237288135593222
-875.0,725.0,100.0,25.0,1.3940677966101696
-825.0,725.0,100.0,25.0,1.364406779661017
-775.0,725.0,100.0,25.0,1.3347457627118644
-725.0,725.0,100.0,25.0,1.305084745762712
-675.0,725.0,100.0,25.0,1.2754237288135593
-625.0,725.0,100.0,25.0,1.2457627118644068
-575.0,725.0,100.0,25.0,1.2161016949152543
-525.0,725.0,100.0,25.0,1.1864406779661016
-475.0,725.0,100.0,25.0,1.1567796610169492
-425.0,725.0,100.0,25.0,1.1271186440677965
-375.0,725.0,100.0,25.0,1.097457627118644
-325.0,725.0,100.0,25.0,1.0677966101694916
-275.0,725.0,100.0,25.0,1.0381355932203389
-225.0,725.0,100.0,25.0,1.0084745762711864
-175.0,725.0,100.0,25.0,0.9788135593220338
-125.0,725.0,100.0,25.0,0.9491525423728814
-75.0,725.0,100.0,25.0,0.9194915254237289
-25.0,725.0,100.0,25.0,0.8898305084745762
25.0,725.0,100.0,25.0,0.8601694915254238
75.0,725.0,100.0,25.0,0.8305084745762712
125.0,725.0,100.0,25.0,0.8008474576271186
175.0,725.0,100.0,25.0,0.771186440677966
225.0,725.0,100.0,25.0,0.7415254237288136
275.0,725.0,100.0,25.0,0.7118644067796611
325.0,725.0,100.0,25.0,0.6822033898305085
375.0,725.0,100.0,25.0,0.652542372881356
425.0,725.0,100.0,25.0,0.6228813559322034
475.0,725.0,100.0,25.0,0.5932203389830508
525.0,725.0,100.0,25.0,0.5635593220338982
575.0,725.0,100.0,25.0,0.5338983050847458
625.0,725.0,100.0,25.0,0.5042372881355932
675.0,725.0,100.0,25.0,0.4745762711864407
725.0,725.0,100.0,25.0,0.4449152542372881
775.0,725.0,100.0,25.0,0.4152542372881356
825.0,725.0,100.0,25.0,0.385593220338983
875.0,725.0,100.0,25.0,0.35593220338983056
925.0,725.0,100.0,25.0,0.326271186440678
975.0,725.0,100.0,25.0,0.2966101694915254
1025.0,725.0,100.0,25.0,0.2669491525423729
1075.0,725.0,100.0,25.0,0.23728813559322035
1125.0,725.0,100.0,25.0,0.2076271186440678
1175.0,725.0,100.0,25.0,0.17796610169491528
1225.0,725.0,100.0,25.0,0.1483050847457627
1275.0,725.0,100.0,25.0,0.11864406779661017
1325.0,725.0,100.0,25.0,0.08898305084745764
1375.0,725.0,100.0,25.0,0.059322033898305086
1425.0,725.0,100.0,25.0,0.029661016949152543
1475.0,725.0,100.0,25.0,0.0
-1475.0,775.0,100.0,25.0,1.75
-1425.0,775.0,100.0,25.0,1.7203389830508475
-1375.0,775.0,100.0,25.0,1.6906779661016949
-1325.0,775.0,100.0,25.0,1.6610169491525424
-1275.0,775.0,100.0,25.0,1.6313559322033897
-1225.0,775.0,100.0,25.0,1.6016949152542372
-1175.0,775.0,100.0,25.0,1.5720338983050848
-1125.0,775.0,100.0,25.0,1.542372881355932
-1075.0,775.0,100.0,25.0,1.5127118644067796
-1025.0,775.0,100.0,25.0,1.4830508474576272
-975.0,775.0,100.0,25.0,1.4533898305084745
-925.0,775.0,100.0,25.0,1.4237288135593222
-875.0,775.0,100.0,25.0,1.3940677966101696
-825.0,775.0,100.0,25.0,1.364406779661017
-775.0,775.0,100.0,25.0,1.3347457627118644
-725.0,775.0,100.0,25.0,1.305084745762712
-675.0,775.0,100.0,25.0,1.2754237288135593
-625.0,775.0,100.0,25.0,1.2457627118644068
-575.0,775.0,100.0,25.0,1.2161016949152543
-525.0,775.0,100.0,25.0,1.1864406779661016
-475.0,775.0,100.0,25.0,1.1567796610169492
-425.0,775.0,100.0,25.0,1.1271186440677965
-375.0,775.0,100.0,25.0,1.097457627118644
-325.0,775.0,100.0,25.0,1.0677966101694916
-275.0,775.0,100.0,25.0,1.0381355932203389
-225.0,775.0,100.0,25.0,1.0084745762711864
-175.0,775.0,100.0,25.0,0.9788135593220338
-125.0,775.0,100.0,25.0,0.9491525423728814
-75.0,775.0,100.0,25.0,0.9194915254237289
-25.0,775.0,100.0,25.0,0.8898305084745762
25.0,775.0,100.0,25.0,0.8601694915254238
75.0,775.0,100.0,25.0,0.8305084745762712
125.0,775.0,100.0,25.0,0.8008474576271186
175.0,775.0,100.0,25.0,0.771186440677966
225.0,775.0,100.0,25.0,0.7415254237288136
275.0,775.0,100.0,25.0,0.7118644067796611
325.0,775.0,100.0,25.0,0.6822033898305085
375.0,775.0,100.0,25.0,0.652542372881356
425.0,775.0,100.0,25.0,0.6228813559322034
475.0,775.0,100.0,25.0,0.5932203389830508
525.0,775.0,100.0,25.0,0.5635593220338982
575.0,775.0,100.0,25.0,0.5338983050847458
625.0,775.0,100.0,25.0,0.5042372881355932
675.0,775.0,100.0,25.0,0.4745762711864407
725.0,775.0,100.0,25.0,0.4449152542372881
775.0,775.0,100.0,25.0,0.4152542372881356
825.0,775.0,100.0,25.0,0.385593220338983
875.0,775.0,100.0,25.0,0.35593220338983056
925.0,775.0,100.0,25.0,0.326271186440678
975.0,775.0,100.0,25.0,0.2966101694915254
1025.0,775.0,100.0,25.0,0.2669491525423729
1075.0,775.0,100.0,25.0,0.23728813559322035
1125.0,775.0,100.0,25.0,0.2076271186440678
1175.0,775.0,100.0,25.0,0.17796610169491528
1225.0,775.0,100.0,25.0,0.1483050847457627
1275.0,775.0,100.0,25.0,0.11864406779661017
1325.0,775.0,100.0,25.0,0.08898305084745764
1375.0,775.0,100.0,25.0,0.059322033898305086
1425.0,775.0,100.0,25.0,0.029661016949152543
1475.0,775.0,100.0,25.0,0.0
-1475.0,825.0,100.0,25.0,1.75
-1425.0,825.0,100.0,25.0,1.7203389830508475
-1375.0,825.0,100.0,25.0,1.6906779661016949
-1325.0,825.0,100.0,25.0,1.6610169491525424
-1275.0,825.0,100.0,25.0,1.6313559322033897
-1225.0,825.0,100.0,25.0,1.6016949152542372
-1175.0,825.0,100.0,25.0,1.5720338983050848
-1125.0,825.0,100.0,25.0,1.542372881355932
-1075.0,825.0,100.0,25.0,1.5127118644067796
-1025.0,825.0,100.0,25.0,1.4830508474576272
-975.0,825.0,100.0,25.0,1.4533898305084745
-925.0,825.0,100.0,25.0,1.4237288135593222
-875.0,825.0,100.0,25.0,1.3940677966101696
-825.0,825.0,100.0,25.0,1.364406779661017
-775.0,825.0,100.0,25.0,1.3347457627118644
-725.0,825.0,100.0,25.0,1.305084745762712
-675.0,825.0,100.0,25.0,1.2754237288135593
-625.0,825.0,100.0,25.0,1.2457627118644068
-575.0,825.0,100.0,25.0,1.2161016949152543
-525.0,825.0,100.0,25.0,1.1864406779661016
-475.0,825.0,100.0,25.0,1.1567796610169492
-425.0,825.0,100.0,25.0,1.1271186440677965
-375.0,825.0,100.0,25.0,1.097457627118644
-325.0,825.0,100.0,25.0,1.0677966101694916
-275.0,825.0,100.0,25.0,1.0381355932203389
-225.0,825.0,100.0,25.0,1.0084745762711864
-175.0,825.0,100.0,25.0,0.9788135593220338
-125.0,825.0,100.0,25.0,0.9491525423728814
-75.0,825.0,100.0,25.0,0.9194915254237289
-25.0,825.0,100.0,25.0,0.8898305084745762
25.0,825.0,100.0,25.0,0.8601694915254238
75.0,825.0,100.0,25.0,0.8305084745762712
125.0,825.0,100.0,25.0,0.8008474576271186
175.0,825.0,100.0,25.0,0.771186440677966
225.0,825.0,100.0,25.0,0.7415254237288136
275.0,825.0,100.0,25.0,0.7118644067796611
325.0,825.0,100.0,25.0,0.6822033898305085
375.0,825.0,100.0,25.0,0.652542372881356
425.0,825.0,100.0,25.0,0.6228813559322034
475.0,825.0,100.0,25.0,0.5932203389830508
525.0,825.0,100.0,25.0,0.5635593220338982
575.0,825.0,100.0,25.0,0.5338983050847458
625.0,825.0,100.0,25.0,0.5042372881355932
675.0,825.0,100.0,25.0,0.4745762711864407
725.0,825.0,100.0,25.0,0.4449152542372881
775.0,825.0,100.0,25.0,0.4152542372881356
825.0,825.0,100.0,25.0,0.385593220338983
875.0,825.0,100.0,25.0,0.35593220338983056
925.0,825.0,100.0,25.0,0.326271186440678
975.0,825.0,100.0,25.0,0.2966101694915254
1025.0,825.0,100.0,25.0,0.2669491525423729
1075.0,825.0,100.0,25.0,0.23728813559322035
1125.0,825.0,100.0,25.0,0.2076271186440678
1175.0,825.0,100.0,25.0,0.17796610169491528
1225.0,825.0,100.0,25.0,0.1483050847457627
1275.0,825.0,100.0,25.0,0.11864406779661017
1325.0,825.0,100.0,25.0,0.08898305084745764
1375.0,825.0,100.0,25.0,0.059322033898305086
1425.0,825.0,100.0,25.0,0.029661016949152543
1475.0,825.0,100.0,25.0,0.0
-1475.0,875.0,100.0,25.0,1.75
-1425.0,875.0,100.0,25.0,1.7203389830508475
-1375.0,875.0,100.0,25.0,1.6906779661016949
-1325.0,875.0,100.0,25.0,1.6610169491525424
-1275.0,875.0,100.0,25.0,1.6313559322033897
-1225.0,875.0,100.0,25.0,1.6016949152542372
-1175.0,875.0,100.0,25.0,1.5720338983050848
-1125.0,875.0,100.0,25.0,1.542372881355932
-1075.0,875.0,100.0,25.0,1.5127118644067796
-1025.0,875.0,100.0,25.0,1.4830508474576272
-975.0,875.0,100.0,25.0,1.4533898305084745
-925.0,875.0,100.0,25.0,1.4237288135593222
-875.0,875.0,100.0,25.0,1.3940677966101696
-825.0,875.0,100.0,25.0,1.364406779661017
-775.0,875.0,100.0,25.0,1.3347457627118644
-725.0,875.0,100.0,25.0,1.305084745762712
-675.0,875.0,100.0,25.0,1.2754237288135593
-625.0,875.0,100.0,25.0,1.2457627118644068
-575.0,875.0,100.0,25.0,1.2161016949152543
-525.0,875.0,100.0,25.0,1.1864406779661016
-475.0,875.0,100.0,25.0,1.1567796610169492
-425.0,875.0,100.0,25.0,1.1271186440677965
-375.0,875.0,100.0,25.0,1.097457627118644
-325.0,875.0,100.0,25.0,1.0677966101694916
-275.0,875.0,100.0,25.0,1.0381355932203389
-225.0,875.0,100.0,25.0,1.0084745762711864
-175.0,875.0,100.0,25.0,0.9788135593220338
-125.0,875.0,100.0,25.0,0.9491525423728814
-75.0,875.0,100.0,25.0,0.9194915254237289
-25.0,875.0,100.0,25.0,0.8898305084745762
25.0,875.0,100.0,25.0,0.8601694915254238
75.0,875.0,100.0,25.0,0.8305084745762712
125.0,875.0,100.0,25.0,0.8008474576271186
175.0,875.0,100.0,25.0,0.771186440677966
225.0,875.0,100.0,25.0,0.7415254237288136
275.0,875.0,100.0,25.0,0.7118644067796611
325.0,875.0,100.0,25.0,0.6822033898305085
375.0,875.0,100.0,25.0,0.652542372881356
425.0,875.0,100.0,25.0,0.6228813559322034
475.0,875.0,100.0,25.0,0.5932203389830508
525.0,875.0,100.0,25.0,0.5635593220338982
575.0,875.0,100.0,25.0,0.5338983050847458
625.0,875.0,100.0,25.0,0.5042372881355932
675.0,875.0,100.0,25.0,0.4745762711864407
725.0,875.0,100.0,25.0,0.4449152542372881
775.0,875.0,100.0,25.0,0.4152542372881356
825.0,875.0,100.0,25.0,0.385593220338983
875.0,875.0,100.0,25.0,0.35593220338983056
925.0,875.0,100.0,25.0,0.326271186440678
975.0,875.0,100.0,25.0,0.2966101694915254
1025.0,875.0,100.0,25.0,0.2669491525423729
1075.0,875.0,100.0,25.0,0.23728813559322035
1125.0,875.0,100.0,25.0,0.2076271186440678
1175.0,875.0,100.0,25.0,0.17796610169491528
1225.0,875.0,100.0,25.0,0.1483050847457627
1275.0,875.0,100.0,25.0,0.11864406779661017
1325.0,875.0,100.0,25.0,0.08898305084745764
1375.0,875.0,100.0,25.0,0.059322033898305086
1425.0,875.0,100.0,25.0,0.029661016949152543
1475.0,875.0,100.0,25.0,0.0
-1475.0,925.0,100.0,25.0,1.75
-1425.0,925.0,100.0,25.0,1.7203389830508475
-1375.0,925.0,100.0,25.0,1.6906779661016949
-1325.0,925.0,100.0,25.0,1.6610169491525424
-1275.0,925.0,100.0,25.0,1.6313559322033897
-1225.0,925.0,100.0,25.0,1.6016949152542372
-1175.0,925.0,100.0,25.0,1.5720338983050848
-1125.0,925.0,100.0,25.0,1.542372881355932
-1075.0,925.0,100.0,25.0,1.5127118644067796
-1025.0,925.0,100.0,25.0,1.4830508474576272
-975.0,925.0,100.0,25.0,1.4533898305084745
-925.0,925.0,100.0,25.0,1.4237288135593222
-875.0,925.0,100.0,25.0,1.3940677966101696
-825.0,925.0,100.0,25.0,1.364406779661017
-775.0,925.0,100.0,25.0,1.3347457627118644
-725.0,925.0,100.0,25.0,1.305084745762712
-675.0,925.0,100.0,25.0,1.2754237288135593
-625.0,925.0,100.0,25.0,1.2457627118644068
-575.0,925.0,100.0,25.0,1.2161016949152543
-525.0,925.0,100.0,25.0,1.1864406779661016
-475.0,925.0,100.0,25.0,1.1567796610169492
-425.0,925.0,100.0,25.0,1.1271186440677965
-375.0,925.0,100.0,25.0,1.097457627118644
-325.0,925.0,100.0,25.0,1.0677966101694916
-275.0,925.0,100.0,25.0,1.0381355932203389
-225.0,925.0,100.0,25.0,1.0084745762711864
-175.0,925.0,100.0,25.0,0.9788135593220338
-125.0,925.0,100.0,25.0,0.9491525423728814
-75.0,925.0,100.0,25.0,0.9194915254237289
-25.0,925.0,100.0,25.0,0.8898305084745762
25.0,925.0,100.0,25.0,0.8601694915254238
75.0,925.0,100.0,25.0,0.8305084745762712
125.0,925.0,100.0,25.0,0.8008474576271186
175.0,925.0,100.0,25.0,0.771186440677966
225.0,925.0,100.0,25.0,0.7415254237288136
275.0,925.0,100.0,25.0,0.7118644067796611
325.0,925.0,100.0,25.0,0.6822033898305085
375.0,925.0,100.0,25.0,0.652542372881356
425.0,925.0,100.0,25.0,0.6228813559322034
475.0,925.0,100.0,25.0,0.5932203389830508
525.0,925.0,100.0,25.0,0.5635593220338982
575.0,925.0,100.0,25.0,0.5338983050847458
625.0,925.0,100.0,25.0,0.5042372881355932
675.0,925.0,100.0,25.0,0.4745762711864407
725.0,925.0,100.0,25.0,0.4449152542372881
775.0,925.0,100.0,25.0,0.4152542372881356
825.0,925.0,100.0,25.0,0.385593220338983
875.0,925.0,100.0,25.0,0.35593220338983056
925.0,925.0,100.0,25.0,0.326271186440678
975.0,925.0,100.0,25.0,0.2966101694915254
1025.0,925.0,100.0,25.0,0.2669491525423729
1075.0,925.0,100.0,25.0,0.23728813559322035
1125.0,925.0,100.0,25.0,0.2076271186440678
1175.0,925.0,100.0,25.0,0.17796610169491528
1225.0,925.0,100.0,25.0,0.1483050847457627
1275.0,925.0,100.0,25.0,0.11864406779661017
1325.0,925.0,100.0,25.0,0.08898305084745764
1375.0,925.0,100.0,25.0,0.059322033898305086
1425.0,925.0,100.0,25.0,0.029661016949152543
1475.0,925.0,100.0,25.0,0.0
-1475.0,975.0,100.0,25.0,1.75
-1425.0,975.0,100.0,25.0,1.7203389830508475
-1375.0,975.0,100.0,25.0,1.6906779661016949
-1325.0,975.0,100.0,25.0,1.6610169491525424
-1275.0,975.0,100.0,25.0,1.6313559322033897
-1225.0,975.0,100.0,25.0,1.6016949152542372
-1175.0,975.0,100.0,25.0,1.5720338983050848
-1125.0,975.0,100.0,25.0,1.542372881355932
-1075.0,975.0,100.0,25.0,1.5127118644067796
-1025.0,975.0,100.0,25.0,1.4830508474576272
-975.0,975.0,100.0,25.0,1.4533898305084745
-925.0,975.0,100.0,25.0,1.4237288135593222
-875.0,975.0,100.0,25.0,1.3940677966101696
-825.0,975.0,100.0,25.0,1.364406779661017
-775.0,975.0,100.0,25.0,1.3347457627118644
-725.0,975.0,100.0,25.0,1.305084745762712
-675.0,975.0,100.0,25.0,1.2754237288135593
-625.0,975.0,100.0,25.0,1.2457627118644068
-575.0,975.0,100.0,25.0,1.2161016949152543
-525.0,975.0,100.0,25.0,1.1864406779661016
-475.0,975.0,100.0,25.0,1.1567796610169492
-425.0,975.0,100.0,25.0,1.1271186440677965
-375.0,975.0,100.0,25.0,1.097457627118644
-325.0,975.0,100.0,25.0,1.0677966101694916
-275.0,975.0,100.0,25.0,1.0381355932203389
-225.0,975.0,100.0,25.0,1.0084745762711864
-175.0,975.0,100.0,25.0,0.9788135593220338
-125.0,975.0,100.0,25.0,0.9491525423728814
-75.0,975.0,100.0,25.0,0.9194915254237289
-25.0,975.0,100.0,25.0,0.8898305084745762
25.0,975.0,100.0,25.0,0.8601694915254238
75.0,975.0,100.0,25.0,0.8305084745762712
125.0,975.0,100.0,25.0,0.8008474576271186
175.0,975.0,100.0,25.0,0.771186440677966
225.0,975.0,100.0,25.0,0.7415254237288136
275.0,975.0,100.0,25.0,0.7118644067796611
325.0,975.0,100.0,25.0,0.6822033898305085
375.0,975.0,100.0,25.0,0.652542372881356
425.0,975.0,100.0,25.0,0.6228813559322034
475.0,975.0,100.0,25.0,0.5932203389830508
525.0,975.0,100.0,25.0,0.5635593220338982
575.0,975.0,100.0,25.0,0.5338983050847458
625.0,975.0,100.0,25.0,0.5042372881355932
675.0,975.0,100.0,25.0,0.4745762711864407
725.0,975.0,100.0,25.0,0.4449152542372881
775.0,975.0,100.0,25.0,0.4152542372881356
825.0,975.0,100.0,25.0,0.385593220338983
875.0,975.0,100.0,25.0,0.35593220338983056
925.0,975.0,100.0,25.0,0.326271186440678
975.0,975.0,100.0,25.0,0.2966101694915254
1025.0,975.0,100.0,25.0,0.2669491525423729
1075.0,975.0,100.0,25.0,0.23728813559322035
1125.0,975.0,100.0,25.0,0.2076271186440678
1175.0,975.0,100.0,25.0,0.17796610169491528
1225.0,975.0,100.0,25.0,0.1483050847457627
1275.0,975.0,100.0,25.0,0.11864406779661017
1325.0,975.0,100.0,25.0,0.08898305084745764
1375.0,975.0,100.0,25.0,0.059322033898305086
1425.0,975.0,100.0,25.0,0.029661016949152543
1475.0,975.0,100.0,25.0,0.0
-1475.0,1025.0,100.0,25.0,1.75
-1425.0,1025.0,100.0,25.0,1.7203389830508475
-1375.0,1025.0,100.0,25.0,1.6906779661016949
-1325.0,1025.0,100.0,25.0,1.6610169491525424
-1275.0,1025.0,100.0,25.0,1.6313559322033897
-1225.0,1025.0,100.0,25.0,1.6016949152542372
-1175.0,1025.0,100.0,25.0,1.5720338983050848
-1125.0,1025.0,100.0,25.0,1.542372881355932
-1075.0,1025.0,100.0,25.0,1.5127118644067796
-1025.0,1025.0,100.0,25.0,1.4830508474576272
-975.0,1025.0,100.0,25.0,1.4533898305084745
-925.0,1025.0,100.0,25.0,1.4237288135593222
-875.0,1025.0,100.0,25.0,1.3940677966101696
-825.0,1025.0,100.0,25.0,1.364406779661017
-775.0,1025.0,100.0,25.0,1.3347457627118644
-725.0,1025.0,100.0,25.0,1.305084745762712
-675.0,1025.0,100.0,25.0,1.2754237288135593
-625.0,1025.0,100.0,25.0,1.2457627118644068
-575.0,1025.0,100.0,25.0,1.2161016949152543
-525.0,1025.0,100.0,25.0,1.1864406779661016
-475.0,1025.0,100.0,25.0,1.1567796610169492
-425.0,1025.0,100.0,25.0,1.1271186440677965
-375.0,1025.0,100.0,25.0,1.097457627118644
-325.0,1025.0,100.0,25.0,1.0677966101694916
-275.0,1025.0,100.0,25.0,1.0381355932203389
-225.0,1025.0,100.0,25.0,1.0084745762711864
-175.0,1025.0,100.0,25.0,0.9788135593220338
-125.0,1025.0,100.0,25.0,0.9491525423728814
-75.0,1025.0,100.0,25.0,0.9194915254237289
-25.0,1025.0,100.0,25.0,0.8898305084745762
25.0,1025.0,100.0,25.0,0.8601694915254238
75.0,1025.0,100.0,25.0,0.8305084745762712
125.0,1025.0,100.0,25.0,0.8008474576271186
175.0,1025.0,100.0,25.0,0.771186440677966
225.0,1025.0,100.0,25.0,0.7415254237288136
275.0,1025.0,100.0,25.0,0.7118644067796611
325.0,1025.0,100.0,25.0,0.6822033898305085
375.0,1025.0,100.0,25.0,0.652542372881356
425.0,1025.0,100.0,25.0,0.6228813559322034
475.0,1025.0,100.0,25.0,0.5932203389830508
525.0,1025.0,100.0,25.0,0.5635593220338982
575.0,1025.0,100.0,25.0,0.5338983050847458
625.0,1025.0,100.0,25.0,0.5042372881355932
675.0,1025.0,100.0,25.0,0.4745762711864407
725.0,1025.0,100.0,25.0,0.4449152542372881
775.0,1025.0,100.0,25.0,0.4152542372881356
825.0,1025.0,100.0,25.0,0.385593220338983
875.0,1025.0,100.0,25.0,0.35593220338983056
925.0,1025.0,100.0,25.0,0.326271186440678
975.0,1025.0,100.0,25.0,0.2966101694915254
1025.0,1025.0,100.0,25.0,0.2669491525423729
1075.0,1025.0,100.0,25.0,0.23728813559322035
1125.0,1025.0,100.0,25.0,0.2076271186440678
1175.0,1025.0,100.0,25.0,0.17796610169491528
1225.0,1025.0,100.0,25.0,0.1483050847457627
1275.0,1025.0,100.0,25.0,0.11864406779661017
1325.0,1025.0,100.0,25.0,0.08898305084745764
1375.0,1025.0,100.0,25.0,0.059322033898305086
1425.0,1025.0,100.0,25.0,0.029661016949152543
1475.0,1025.0,100.0,25.0,0.0
-1475.0,1075.0,100.0,25.0,1.75
-1425.0,1075.0,100.0,25.0,1.7203389830508475
-1375.0,1075.0,100.0,25.0,1.6906779661016949
-1325.0,1075.0,100.0,25.0,1.6610169491525424
-1275.0,1075.0,100.0,25.0,1.6313559322033897
-1225.0,1075.0,100.0,25.0,1.6016949152542372
-1175.0,1075.0,100.0,25.0,1.5720338983050848
-1125.0,1075.0,100.0,25.0,1.542372881355932
-1075.0,1075.0,100.0,25.0,1.5127118644067796
-1025.0,1075.0,100.0,25.0,1.4830508474576272
-975.0,1075.0,100.0,25.0,1.4533898305084745
-925.0,1075.0,100.0,25.0,1.4237288135593222
-875.0,1075.0,100.0,25.0,1.3940677966101696
-825.0,1075.0,100.0,25.0,1.364406779661017
-775.0,1075.0,100.0,25.0,1.3347457627118644
-725.0,1075.0,100.0,25.0,1.305084745762712
-675.0,1075.0,100.0,25.0,1.2754237288135593
-625.0,1075.0,100.0,25.0,1.2457627118644068
-575.0,1075.0,100.0,25.0,1.2161016949152543
-525.0,1075.0,100.0,25.0,1.1864406779661016
-475.0,1075.0,100.0,25.0,1.1567796610169492
-425.0,1075.0,100.0,25.0,1.1271186440677965
-375.0,1075.0,100.0,25.0,1.097457627118644
-325.0,1075.0,100.0,25.0,1.0677966101694916
-275.0,1075.0,100.0,25.0,1.0381355932203389
-225.0,1075.0,100.0,25.0,1.0084745762711864
-175.0,1075.0,100.0,25.0,0.9788135593220338
-125.0,1075.0,100.0,25.0,0.9491525423728814
-75.0,1075.0,100.0,25.0,0.9194915254237289
-25.0,1075.0,100.0,25.0,0.8898305084745762
25.0,1075.0,100.0,25.0,0.8601694915254238
75.0,1075.0,100.0,25.0,0.8305084745762712
125.0,1075.0,100.0,25.0,0.8008474576271186
175.0,1075.0,100.0,25.0,0.771186440677966
225.0,1075.0,100.0,25.0,0.7415254237288136
275.0,1075.0,100.0,25.0,0.7118644067796611
325.0,1075.0,100.0,25.0,0.6822033898305085
375.0,1075.0,100.0,25.0,0.652542372881356
425.0,1075.0,100.0,25.0,0.6228813559322034
475.0,1075.0,100.0,25.0,0.5932203389830508
525.0,1075.0,100.0,25.0,0.5635593220338982
575.0,1075.0,100.0,25.0,0.5338983050847458
625.0,1075.0,100.0,25.0,0.5042372881355932
675.0,1075.0,100.0,25.0,0.4745762711864407
725.0,1075.0,100.0,25.0,0.4449152542372881
775.0,1075.0,100.0,25.0,0.4152542372881356
825.0,1075.0,100.0,25.0,0.385593220338983
875.0,1075.0,100.0,25.0,0.35593220338983056
925.0,1075.0,100.0,25.0,0.326271186440678
975.0,1075.0,100.0,25.0,0.2966101694915254
1025.0,1075.0,100.0,25.0,0.2669491525423729
1075.0,1075.0,100.0,25.0,0.23728813559322035
1125.0,1075.0,100.0,25.0,0.2076271186440678
1175.0,1075.0,100.0,25.0,0.17796610169491528
1225.0,1075.0,100.0,25.0,0.1483050847457627
1275.0,1075.0,100.0,25.0,0.11864406779661017
1325.0,1075.0,100.0,25.0,0.08898305084745764
1375.0,1075.0,100.0,25.0,0.059322033898305086
1425.0,1075.0,100.0,25.0,0.029661016949152543
1475.0,1075.0,100.0,25.0,0.0
-1475.0,1125.0,100.0,25.0,1.75
-1425.0,1125.0,100.0,25.0,1.7203389830508475
-1375.0,1125.0,100.0,25.0,1.6906779661016949
-1325.0,1125.0,100.0,25.0,1.6610169491525424
-1275.0,1125.0,100.0,25.0,1.6313559322033897
-1225.0,1125.0,100.0,25.0,1.6016949152542372
-1175.0,1125.0,100.0,25.0,1.5720338983050848
-1125.0,1125.0,100.0,25.0,1.542372881355932
-1075.0,1125.0,100.0,25.0,1.5127118644067796
-1025.0,1125.0,100.0,25.0,1.4830508474576272
-975.0,1125.0,100.0,25.0,1.4533898305084745
-925.0,1125.0,100.0,25.0,1.4237288135593222
-875.0,1125.0,100.0,25.0,1.3940677966101696
-825.0,1125.0,100.0,25.0,1.364406779661017
-775.0,1125.0,100.0,25.0,1.3347457627118644
-725.0,1125.0,100.0,25.0,1.305084745762712
-675.0,1125.0,100.0,25.0,1.2754237288135593
-625.0,1125.0,100.0,25.0,1.2457627118644068
-575.0,1125.0,100.0,25.0,1.2161016949152543
-525.0,1125.0,100.0,25.0,1.1864406779661016
-475.0,1125.0,100.0,25.0,1.1567796610169492
-425.0,1125.0,100.0,25.0,1.1271186440677965
-375.0,1125.0,100.0,25.0,1.097457627118644
-325.0,1125.0,100.0,25.0,1.0677966101694916
-275.0,1125.0,100.0,25.0,1.0381355932203389
-225.0,1125.0,100.0,25.0,1.0084745762711864
-175.0,1125.0,100.0,25.0,0.9788135593220338
-125.0,1125.0,100.0,25.0,0.9491525423728814
-75.0,1125.0,100.0,25.0,0.9194915254237289
-25.0,1125.0,100.0,25.0,0.8898305084745762
25.0,1125.0,100.0,25.0,0.8601694915254238
75.0,1125.0,100.0,25.0,0.8305084745762712
125.0,1125.0,100.0,25.0,0.8008474576271186
175.0,1125.0,100.0,25.0,0.771186440677966
225.0,1125.0,100.0,25.0,0.7415254237288136
275.0,1125.0,100.0,25.0,0.7118644067796611
325.0,1125.0,100.0,25.0,0.6822033898305085
375.0,1125.0,100.0,25.0,0.652542372881356
425.0,1125.0,100.0,25.0,0.6228813559322034
475.0,1125.0,100.0,25.0,0.5932203389830508
525.0,1125.0,100.0,25.0,0.5635593220338982
575.0,1125.0,100.0,25.0,0.5338983050847458
625.0,1125.0,100.0,25.0,0.5042372881355932
675.0,1125.0,100.0,25.0,0.4745762711864407
725.0,1125.0,100.0,25.0,0.4449152542372881
775.0,1125.0,100.0,25.0,0.4152542372881356
825.0,1125.0,100.0,25.0,0.385593220338983
875.0,1125.0,100.0,25.0,0.35593220338983056
925.0,1125.0,100.0,25.0,0.326271186440678
975.0,1125.0,100.0,25.0,0.2966101694915254
1025.0,1125.0,100.0,25.0,0.2669491525423729
1075.0,1125.0,100.0,25.0,0.23728813559322035
1125.0,1125.0,100.0,25.0,0.2076271186440678
1175.0,1125.0,100.0,25.0,0.17796610169491528
1225.0,1125.0,100.0,25.0,0.1483050847457627
1275.0,1125.0,100.0,25.0,0.11864406779661017
1325.0,1125.0,100.0,25.0,0.08898305084745764
1375.0,1125.0,100.0,25.0,0.059322033898305086
1425.0,1125.0,100.0,25.0,0.029661016949152543
1475.0,1125.0,100.0,25.0,0.0
-1475.0,1175.0,100.0,25.0,1.75
-1425.0,1175.0,100.0,25.0,1.7203389830508475
-1375.0,1175.0,100.0,25.0,1.6906779661016949
-1325.0,1175.0,100.0,25.0,1.6610169491525424
-1275.0,1175.0,100.0,25.0,1.6313559322033897
-1225.0,1175.0,100.0,25.0,1.6016949152542372
-1175.0,1175.0,100.0,25.0,1.5720338983050848
-1125.0,1175.0,100.0,25.0,1.542372881355932
-1075.0,1175.0,100.0,25.0,1.5127118644067796
-1025.0,1175.0,100.0,25.0,1.4830508474576272
-975.0,1175.0,100.0,25.0,1.4533898305084745
-925.0,1175.0,100.0,25.0,1.4237288135593222
-875.0,1175.0,100.0,25.0,1.3940677966101696
-825.0,1175.0,100.0,25.0,1.364406779661017
-775.0,1175.0,100.0,25.0,1.3347457627118644
-725.0,1175.0,100.0,25.0,1.305084745762712
-675.0,1175.0,100.0,25.0,1.2754237288135593
-625.0,1175.0,100.0,25.0,1.2457627118644068
-575.0,1175.0,100.0,25.0,1.2161016949152543
-525.0,1175.0,100.0,25.0,1.1864406779661016
-475.0,1175.0,100.0,25.0,1.1567796610169492
-425.0,1175.0,100.0,25.0,1.1271186440677965
-375.0,1175.0,100.0,25.0,1.097457627118644
-325.0,1175.0,100.0,25.0,1.0677966101694916
-275.0,1175.0,100.0,25.0,1.0381355932203389
-225.0,1175.0,100.0,25.0,1.0084745762711864
-175.0,1175.0,100.0,25.0,0.9788135593220338
-125.0,1175.0,100.0,25.0,0.9491525423728814
-75.0,1175.0,100.0,25.0,0.9194915254237289
-25.0,1175.0,100.0,25.0,0.8898305084745762
25.0,1175.0,100.0,25.0,0.8601694915254238
75.0,1175.0,100.0,25.0,0.8305084745762712
125.0,1175.0,100.0,25.0,0.8008474576271186
175.0,1175.0,100.0,25.0,0.771186440677966
225.0,1175.0,100.0,25.0,0.7415254237288136
275.0,1175.0,100.0,25.0,0.7118644067796611
325.0,1175.0,100.0,25.0,0.6822033898305085
375.0,1175.0,100.0,25.0,0.652542372881356
425.0,1175.0,100.0,25.0,0.6228813559322034
475.0,1175.0,100.0,25.0,0.5932203389830508
525.0,1175.0,100.0,25.0,0.5635593220338982
575.0,1175.0,100.0,25.0,0.5338983050847458
625.0,1175.0,100.0,25.0,0.5042372881355932
675.0,1175.0,100.0,25.0,0.4745762711864407
725.0,1175.0,100.0,25.0,0.4449152542372881
775.0,1175.0,100.0,25.0,0.4152542372881356
825.0,1175.0,100.0,25.0,0.385593220338983
875.0,1175.0,100.0,25.0,0.35593220338983056
925.0,1175.0,100.0,25.0,0.326271186440678
975.0,1175.0,100.0,25.0,0.2966101694915254
1025.0,1175.0,100.0,25.0,0.2669491525423729
1075.0,1175.0,100.0,25.0,0.23728813559322035
1125.0,1175.0,100.0,25.0,0.2076271186440678
1175.0,1175.0,100.0,25.0,0.17796610169491528
1225.0,1175.0,100.0,25.0,0.1483050847457627
1275.0,1175.0,100.0,25.0,0.11864406779661017
1325.0,1175.0,100.0,25.0,0.08898305084745764
1375.0,1175.0,100.0,25.0,0.059322033898305086
1425.0,1175.0,100.0,25.0,0.029661016949152543
1475.0,1175.0,100.0,25.0,0.0
-1475.0,1225.0,100.0,25.0,1.75
-1425.0,1225.0,100.0,25.0,1.7203389830508475
-1375.0,1225.0,100.0,25.0,1.6906779661016949
-1325.0,1225.0,100.0,25.0,1.6610169491525424
-1275.0,1225.0,100.0,25.0,1.6313559322033897
-1225.0,1225.0,100.0,25.0,1.6016949152542372
-1175.0,1225.0,100.0,25.0,1.5720338983050848
-1125.0,1225.0,100.0,25.0,1.542372881355932
-1075.0,1225.0,100.0,25.0,1.5127118644067796
-1025.0,1225.0,100.0,25.0,1.4830508474576272
-975.0,1225.0,100.0,25.0,1.4533898305084745
-925.0,1225.0,100.0,25.0,1.4237288135593222
-875.0,1225.0,100.0,25.0,1.3940677966101696
-825.0,1225.0,100.0,25.0,1.364406779661017
-775.0,1225.0,100.0,25.0,1.3347457627118644
-725.0,1225.0,100.0,25.0,1.305084745762712
-675.0,1225.0,100.0,25.0,1.2754237288135593
-625.0,1225.0,100.0,25.0,1.2457627118644068
-575.0,1225.0,100.0,25.0,1.2161016949152543
-525.0,1225.0,100.0,25.0,1.1864406779661016
-475.0,1225.0,100.0,25.0,1.1567796610169492
-425.0,1225.0,100.0,25.0,1.1271186440677965
-375.0,1225.0,100.0,25.0,1.097457627118644
-325.0,1225.0,100.0,25.0,1.0677966101694916
-275.0,1225.0,100.0,25.0,1.0381355932203389
-225.0,1225.0,100.0,25.0,1.0084745762711864
-175.0,1225.0,100.0,25.0,0.9788135593220338
-125.0,1225.0,100.0,25.0,0.9491525423728814
-75.0,1225.0,100.0,25.0,0.9194915254237289
-25.0,1225.0,100.0,25.0,0.8898305084745762
25.0,1225.0,100.0,25.0,0.8601694915254238
75.0,1225.0,100.0,25.0,0.8305084745762712
125.0,1225.0,100.0,25.0,0.8008474576271186
175.0,1225.0,100.0,25.0,0.771186440677966
225.0,1225.0,100.0,25.0,0.7415254237288136
275.0,1225.0,100.0,25.0,0.7118644067796611
325.0,1225.0,100.0,25.0,0.6822033898305085
375.0,1225.0,100.0,25.0,0.652542372881356
425.0,1225.0,100.0,25.0,0.6228813559322034
475.0,1225.0,100.0,25.0,0.5932203389830508
525.0,1225.0,100.0,25.0,0.5635593220338982
575.0,1225.0,100.0,25.0,0.5338983050847458
625.0,1225.0,100.0,25.0,0.5042372881355932
675.0,1225.0,100.0,25.0,0.4745762711864407
725.0,1225.0,100.0,25.0,0.4449152542372881
775.0,1225.0,100.0,25.0,0.4152542372881356
825.0,1225.0,100.0,25.0,0.385593220338983
875.0,1225.0,100.0,25.0,0.35593220338983056
925.0,1225.0,100.0,25.0,0.326271186440678
975.0,1225.0,100.0,25.0,0.2966101694915254
1025.0,1225.0,100.0,25.0,0.2669491525423729
1075.0,1225.0,100.0,25.0,0.23728813559322035
1125.0,1225.0,100.0,25.0,0.2076271186440678
1175.0,1225.0,100.0,25.0,0.17796610169491528
1225.0,1225.0,100.0,25.0,0.1483050847457627
1275.0,1225.0,100.0,25.0,0.11864406779661017
1325.0,1225.0,100.0,25.0,0.08898305084745764
1375.0,1225.0,100.0,25.0,0.059322033898305086
1425.0,1225.0,100.0,25.0,0.029661016949152543
1475.0,1225.0,100.0,25.0,0.0
-1475.0,1275.0,100.0,25.0,1.75
-1425.0,1275.0,100.0,25.0,1.7203389830508475
-1375.0,1275.0,100.0,25.0,1.6906779661016949
-1325.0,1275.0,100.0,25.0,1.6610169491525424
-1275.0,1275.0,100.0,25.0,1.6313559322033897
-1225.0,1275.0,100.0,25.0,1.6016949152542372
-1175.0,1275.0,100.0,25.0,1.5720338983050848
-1125.0,1275.0,100.0,25.0,1.542372881355932
-1075.0,1275.0,100.0,25.0,1.5127118644067796
-1025.0,1275.0,100.0,25.0,1.4830508474576272
-975.0,1275.0,100.0,25.0,1.4533898305084745
-925.0,1275.0,100.0,25.0,1.4237288135593222
-875.0,1275.0,100.0,25.0,1.3940677966101696
-825.0,1275.0,100.0,25.0,1.364406779661017
-775.0,1275.0,100.0,25.0,1.3347457627118644
-725.0,1275.0,100.0,25.0,1.305084745762712
-675.0,1275.0,100.0,25.0,1.2754237288135593
-625.0,1275.0,100.0,25.0,1.2457627118644068
-575.0,1275.0,100.0,25.0,1.2161016949152543
-525.0,1275.0,100.0,25.0,1.1864406779661016
-475.0,1275.0,100.0,25.0,1.1567796610169492
-425.0,1275.0,100.0,25.0,1.1271186440677965
-375.0,1275.0,100.0,25.0,1.097457627118644
-325.0,1275.0,100.0,25.0,1.0677966101694916
-275.0,1275.0,100.0,25.0,1.0381355932203389
-225.0,1275.0,100.0,25.0,1.0084745762711864
-175.0,1275.0,100.0,25.0,0.9788135593220338
-125.0,1275.0,100.0,25.0,0.9491525423728814
-75.0,1275.0,100.0,25.0,0.9194915254237289
-25.0,1275.0,100.0,25.0,0.8898305084745762
25.0,1275.0,100.0,25.0,0.8601694915254238
75.0,1275.0,100.0,25.0,0.8305084745762712
125.0,1275.0,100.0,25.0,0.8008474576271186
175.0,1275.0,100.0,25.0,0.771186440677966
225.0,1275.0,100.0,25.0,0.7415254237288136
275.0,1275.0,100.0,25.0,0.7118644067796611
325.0,1275.0,100.0,25.0,0.6822033898305085
375.0,1275.0,100.0,25.0,0.652542372881356
425.0,1275.0,100.0,25.0,0.6228813559322034
475.0,1275.0,100.0,25.0,0.5932203389830508
525.0,1275.0,100.0,25.0,0.5635593220338982
575.0,1275.0,100.0,25.0,0.5338983050847458
625.0,1275.0,100.0,25.0,0.5042372881355932
675.0,1275.0,100.0,25.0,0.4745762711864407
725.0,1275.0,100.0,25.0,0.4449152542372881
775.0,1275.0,100.0,25.0,0.4152542372881356
825.0,1275.0,100.0,25.0,0.385593220338983
875.0,1275.0,100.0,25.0,0.35593220338983056
925.0,1275.0,100.0,25.0,0.326271186440678
975.0,1275.0,100.0,25.0,0.2966101694915254
1025.0,1275.0,100.0,25.0,0.2669491525423729
1075.0,1275.0,100.0,25.0,0.23728813559322035
1125.0,1275.0,100.0,25.0,0.2076271186440678
1175.0,1275.0,100.0,25.0,0.17796610169491528
1225.0,1275.0,100.0,25.0,0.1483050847457627
1275.0,1275.0,100.0,25.0,0.11864406779661017
1325.0,1275.0,100.0,25.0,0.08898305084745764
1375.0,1275.0,100.0,25.0,0.059322033898305086
1425.0,1275.0,100.0,25.0,0.029661016949152543
1475.0,1275.0,100.0,25.0,0.0
-1475.0,1325.0,100.0,25.0,1.75
-1425.0,1325.0,100.0,25.0,1.7203389830508475
-1375.0,1325.0,100.0,25.0,1.6906779661016949
-1325.0,1325.0,100.0,25.0,1.6610169491525424
-1275.0,1325.0,100.0,25.0,1.6313559322033897
-1225.0,1325.0,100.0,25.0,1.6016949152542372
-1175.0,1325.0,100.0,25.0,1.5720338983050848
-1125.0,1325.0,100.0,25.0,1.542372881355932
-1075.0,1325.0,100.0,25.0,1.5127118644067796
-1025.0,1325.0,100.0,25.0,1.4830508474576272
-975.0,1325.0,100.0,25.0,1.4533898305084745
-925.0,1325.0,100.0,25.0,1.4237288135593222
-875.0,1325.0,100.0,25.0,1.3940677966101696
-825.0,1325.0,100.0,25.0,1.364406779661017
-775.0,1325.0,100.0,25.0,1.3347457627118644
-725.0,1325.0,100.0,25.0,1.305084745762712
-675.0,1325.0,100.0,25.0,1.2754237288135593
-625.0,1325.0,100.0,25.0,1.2457627118644068
-575.0,1325.0,100.0,25.0,1.2161016949152543
-525.0,1325.0,100.0,25.0,1.1864406779661016
-475.0,1325.0,100.0,25.0,1.1567796610169492
-425.0,1325.0,100.0,25.0,1.1271186440677965
-375.0,1325.0,100.0,25.0,1.097457627118644
-325.0,1325.0,100.0,25.0,1.0677966101694916
-275.0,1325.0,100.0,25.0,1.0381355932203389
-225.0,1325.0,100.0,25.0,1.0084745762711864
-175.0,1325.0,100.0,25.0,0.9788135593220338
-125.0,1325.0,100.0,25.0,0.9491525423728814
-75.0,1325.0,100.0,25.0,0.9194915254237289
-25.0,1325.0,100.0,25.0,0.8898305084745762
25.0,1325.0,100.0,25.0,0.8601694915254238
75.0,1325.0,100.0,25.0,0.8305084745762712
125.0,1325.0,100.0,25.0,0.8008474576271186
175.0,1325.0,100.0,25.0,0.771186440677966
225.0,1325.0,100.0,25.0,0.7415254237288136
275.0,1325.0,100.0,25.0,0.7118644067796611
325.0,1325.0,100.0,25.0,0.6822033898305085
375.0,1325.0,100.0,25.0,0.652542372881356
425.0,1325.0,100.0,25.0,0.6228813559322034
475.0,1325.0,100.0,25.0,0.5932203389830508
525.0,1325.0,100.0,25.0,0.5635593220338982
575.0,1325.0,100.0,25.0,0.5338983050847458
625.0,1325.0,100.0,25.0,0.5042372881355932
675.0,1325.0,100.0,25.0,0.4745762711864407
725.0,1325.0,100.0,25.0,0.4449152542372881
775.0,1325.0,100.0,25.0,0.4152542372881356
825.0,1325.0,100.0,25.0,0.385593220338983
875.0,1325.0,100.0,25.0,0.35593220338983056
925.0,1325.0,100.0,25.0,0.326271186440678
975.0,1325.0,100.0,25.0,0.2966101694915254
1025.0,1325.0,100.0,25.0,0.2669491525423729
1075.0,1325.0,100.0,25.0,0.23728813559322035
1125.0,1325.0,100.0,25.0,0.2076271186440678
1175.0,1325.0,100.0,25.0,0.17796610169491528
1225.0,1325.0,100.0,25.0,0.1483050847457627
1275.0,1325.0,100.0,25.0,0.11864406779661017
1325.0,1325.0,100.0,25.0,0.08898305084745764
1375.0,1325.0,100.0,25.0,0.059322033898305086
1425.0,1325.0,100.0,25.0,0.029661016949152543
1475.0,1325.0,100.0,25.0,0.0
-1475.0,1375.0,100.0,25.0,1.75
-1425.0,1375.0,100.0,25.0,1.7203389830508475
-1375.0,1375.0,100.0,25.0,1.6906779661016949
-1325.0,1375.0,100.0,25.0,1.6610169491525424
-1275.0,1375.0,100.0,25.0,1.6313559322033897
-1225.0,1375.0,100.0,25.0,1.6016949152542372
-1175.0,1375.0,100.0,25.0,1.5720338983050848
-1125.0,1375.0,100.0,25.0,1.542372881355932
-1075.0,1375.0,100.0,25.0,1.5127118644067796
-1025.0,1375.0,100.0,25.0,1.4830508474576272
-975.0,1375.0,100.0,25.0,1.4533898305084745
-925.0,1375.0,100.0,25.0,1.4237288135593222
-875.0,1375.0,100.0,25.0,1.3940677966101696
-825.0,1375.0,100.0,25.0,1.364406779661017
-775.0,1375.0,100.0,25.0,1.3347457627118644
-725.0,1375.0,100.0,25.0,1.305084745762712
-675.0,1375.0,100.0,25.0,1.2754237288135593
-625.0,1375.0,100.0,25.0,1.2457627118644068
-575.0,1375.0,100.0,25.0,1.2161016949152543
-525.0,1375.0,100.0,25.0,1.1864406779661016
-475.0,1375.0,100.0,25.0,1.1567796610169492
-425.0,1375.0,100.0,25.0,1.1271186440677965
-375.0,1375.0,100.0,25.0,1.097457627118644
-325.0,1375.0,100.0,25.0,1.0677966101694916
-275.0,1375.0,100.0,25.0,1.0381355932203389
-225.0,1375.0,100.0,25.0,1.0084745762711864
-175.0,1375.0,100.0,25.0,0.9788135593220338
-125.0,1375.0,100.0,25.0,0.9491525423728814
-75.0,1375.0,100.0,25.0,0.9194915254237289
-25.0,1375.0,100.0,25.0,0.8898305084745762
25.0,1375.0,100.0,25.0,0.8601694915254238
75.0,1375.0,100.0,25.0,0.8305084745762712
125.0,1375.0,100.0,25.0,0.8008474576271186
175.0,1375.0,100.0,25.0,0.771186440677966
225.0,1375.0,100.0,25.0,0.7415254237288136
275.0,1375.0,100.0,25.0,0.7118644067796611
325.0,1375.0,100.0,25.0,0.6822033898305085
375.0,1375.0,100.0,25.0,0.652542372881356
425.0,1375.0,100.0,25.0,0.6228813559322034
475.0,1375.0,100.0,25.0,0.5932203389830508
525.0,1375.0,100.0,25.0,0.5635593220338982
575.0,1375.0,100.0,25.0,0.5338983050847458
625.0,1375.0,100.0,25.0,0.5042372881355932
675.0,1375.0,100.0,25.0,0.4745762711864407
725.0,1375.0,100.0,25.0,0.4449152542372881
775.0,1375.0,100.0,25.0,0.4152542372881356
825.0,1375.0,100.0,25.0,0.385593220338983
875.0,1375.0,100.0,25.0,0.35593220338983056
925.0,1375.0,100.0,25.0,0.326271186440678
975.0,1375.0,100.0,25.0,0.2966101694915254
1025.0,1375.0,100.0,25.0,0.2669491525423729
1075.0,1375.0,100.0,25.0,0.23728813559322035
1125.0,1375.0,100.0,25.0,0.2076271186440678
1175.0,1375.0,100.0,25.0,0.17796610169491528
1225.0,1375.0,100.0,25.0,0.1483050847457627
1275.0,1375.0,100.0,25.0,0.11864406779661017
1325.0,1375.0,100.0,25.0,0.08898305084745764
1375.0,1375.0,100.0,25.0,0.059322033898305086
1425.0,1375.0,100.0,25.0,0.029661016949152543
1475.0,1375.0,100.0,25.0,0.0
-1475.0,1425.0,100.0,25.0,1.75
-1425.0,1425.0,100.0,25.0,1.7203389830508475
-1375.0,1425.0,100.0,25.0,1.6906779661016949
-1325.0,1425.0,100.0,25.0,1.6610169491525424
-1275.0,1425.0,100.0,25.0,1.6313559322033897
-1225.0,1425.0,100.0,25.0,1.6016949152542372
-1175.0,1425.0,100.0,25.0,1.5720338983050848
-1125.0,1425.0,100.0,25.0,1.542372881355932
-1075.0,1425.0,100.0,25.0,1.5127118644067796
-1025.0,1425.0,100.0,25.0,1.4830508474576272
-975.0,1425.0,100.0,25.0,1.4533898305084745
-925.0,1425.0,100.0,25.0,1.4237288135593222
-875.0,1425.0,100.0,25.0,1.3940677966101696
-825.0,1425.0,100.0,25.0,1.364406779661017
-775.0,1425.0,100.0,25.0,1.3347457627118644
-725.0,1425.0,100.0,25.0,1.305084745762712
-675.0,1425.0,100.0,25.0,1.2754237288135593
-625.0,1425.0,100.0,25.0,1.2457627118644068
-575.0,1425.0,100.0,25.0,1.2161016949152543
-525.0,1425.0,100.0,25.0,1.1864406779661016
-475.0,1425.0,100.0,25.0,1.1567796610169492
-425.0,1425.0,100.0,25.0,1.1271186440677965
-375.0,1425.0,100.0,25.0,1.097457627118644
-325.0,1425.0,100.0,25.0,1.0677966101694916
-275.0,1425.0,100.0,25.0,1.0381355932203389
-225.0,1425.0,100.0,25.0,1.0084745762711864
-175.0,1425.0,100.0,25.0,0.9788135593220338
-125.0,1425.0,100.0,25.0,0.9491525423728814
-75.0,1425.0,100.0,25.0,0.9194915254237289
-25.0,1425.0,100.0,25.0,0.8898305084745762
25.0,1425.0,100.0,25.0,0.8601694915254238
75.0,1425.0,100.0,25.0,0.8305084745762712
125.0,1425.0,100.0,25.0,0.8008474576271186
175.0,1425.0,100.0,25.0,0.771186440677966
225.0,1425.0,100.0,25.0,0.7415254237288136
275.0,1425.0,100.0,25.0,0.7118644067796611
325.0,1425.0,100.0,25.0,0.6822033898305085
375.0,1425.0,100.0,25.0,0.652542372881356
425.0,1425.0,100.0,25.0,0.6228813559322034
475.0,1425.0,100.0,25.0,0.5932203389830508
525.0,1425.0,100.0,25.0,0.5635593220338982
575.0,1425.0,100.0,25.0,0.5338983050847458
625.0,1425.0,100.0,25.0,0.5042372881355932
675.0,1425.0,100.0,25.0,0.4745762711864407
725.0,1425.0,100.0,25.0,0.4449152542372881
775.0,1425.0,100.0,25.0,0.4152542372881356
825.0,1425.0,100.0,25.0,0.385593220338983
875.0,1425.0,100.0,25.0,0.35593220338983056
925.0,1425.0,100.0,25.0,0.326271186440678
975.0,1425.0,100.0,25.0,0.2966101694915254
1025.0,1425.0,100.0,25.0,0.2669491525423729
1075.0,1425.0,100.0,25.0,0.23728813559322035
1125.0,1425.0,100.0,25.0,0.2076271186440678
1175.0,1425.0,100.0,25.0,0.17796610169491528
1225.0,1425.0,100.0,25.0,0.1483050847457627
1275.0,1425.0,100.0,25.0,0.11864406779661017
1325.0,1425.0,100.0,25.0,0.08898305084745764
1375.0,1425.0,100.0,25.0,0.059322033898305086
1425.0,1425.0,100.0,25.0,0.029661016949152543
1475.0,1425.0,100.0,25.0,0.0
-1475.0,1475.0,100.0,25.0,1.75
-1425.0,1475.0,100.0,25.0,1.7203389830508475
-1375.0,1475.0,100.0,25.0,1.6906779661016949
-1325.0,1475.0,100.0,25.0,1.6610169491525424
-1275.0,1475.0,100.0,25.0,1.6313559322033897
-1225.0,1475.0,100.0,25.0,1.6016949152542372
-1175.0,1475.0,100.0,25.0,1.5720338983050848
-1125.0,1475.0,100.0,25.0,1.542372881355932
-1075.0,1475.0,100.0,25.0,1.5127118644067796
-1025.0,1475.0,100.0,25.0,1.4830508474576272
-975.0,1475.0,100.0,25.0,1.4533898305084745
-925.0,1475.0,100.0,25.0,1.4237288135593222
-875.0,1475.0,100.0,25.0,1.3940677966101696
-825.0,1475.0,100.0,25.0,1.364406779661017
-775.0,1475.0,100.0,25.0,1.3347457627118644
-725.0,1475.0,100.0,25.0,1.305084745762712
-675.0,1475.0,100.0,25.0,1.2754237288135593
-625.0,1475.0,100.0,25.0,1.2457627118644068
-575.0,1475.0,100.0,25.0,1.2161016949152543
-525.0,1475.0,100.0,25.0,1.1864406779661016
-475.0,1475.0,100.0,25.0,1.1567796610169492
-425.0,1475.0,100.0,25.0,1.1271186440677965
-375.0,1475.0,100.0,25.0,1.097457627118644
-325.0,1475.0,100.0,25.0,1.0677966101694916
-275.0,1475.0,100.0,25.0,1.0381355932203389
-225.0,1475.0,100.0,25.0,1.0084745762711864
-175.0,1475.0,100.0,25.0,0.9788135593220338
-125.0,1475.0,100.0,25.0,0.9491525423728814
-75.0,1475.0,100.0,25.0,0.9194915254237289
-25.0,1475.0,100.0,25.0,0.8898305084745762
25.0,1475.0,100.0,25.0,0.8601694915254238
75.0,1475.0,100.0,25.0,0.8305084745762712
125.0,1475.0,100.0,25.0,0.8008474576271186
175.0,1475.0,100.0,25.0,0.771186440677966
225.0,1475.0,100.0,25.0,0.7415254237288136
275.0,1475.0,100.0,25.0,0.7118644067796611
325.0,1475.0,100.0,25.0,0.6822033898305085
375.0,1475.0,100.0,25.0,0.652542372881356
425.0,1475.0,100.0,25.0,0.6228813559322034
475.0,1475.0,100.0,25.0,0.5932203389830508
525.0,1475.0,100.0,25.0,0.5635593220338982
575.0,1475.0,100.0,25.0,0.5338983050847458
625.0,1475.0,100.0,25.0,0.5042372881355932
675.0,1475.0,100.0,25.0,0.4745762711864407
725.0,1475.0,100.0,25.0,0.4449152542372881
775.0,1475.0,100.0,25.0,0.4152542372881356
825.0,1475.0,100.0,25.0,0.385593220338983
875.0,1475.0,100.0,25.0,0.35593220338983056
925.0,1475.0,100.0,25.0,0.326271186440678
975.0,1475.0,100.0,25.0,0.2966101694915254
1025.0,1475.0,100.0,25.0,0.2669491525423729
1075.0,1475.0,100.0,25.0,0.23728813559322035
1125.0,1475.0,100.0,25.0,0.2076271186440678
1175.0,1475.0,100.0,25.0,0.17796610169491528
1225.0,1475.0,100.0,25.0,0.1483050847457627
1275.0,1475.0,100.0,25.0,0.11864406779661017
1325.0,1475.0,100.0,25.0,0.08898305084745764
1375.0,1475.0,100.0,25.0,0.059322033898305086
1425.0,1475.0,100.0,25.0,0.029661016949152543
1475.0,1475.0,100.0,25.0,0.0
