x,y,z,oxygen,glucose
-1475.0,-1475.0,100.0,0.0,1.75
-1425.0,-1475.0,100.0,0.423728813559322,1.75
-1375.0,-1475.0,100.0,0.847457627118644,1.75
-1325.0,-1475.0,100.0,1.2711864406779663,1.75
-1275.0,-1475.0,100.0,1.694915254237288,1.75
-1225.0,-1475.0,100.0,2.11864406779661,1.75
-1175.0,-1475.0,100.0,2.5423728813559325,1.75
-1125.0,-1475.0,100.0,2.9661016949152543,1.75
-1075.0,-1475.0,100.0,3.389830508474576,1.75
-1025.0,-1475.0,100.0,3.8135593220338984,1.75
-975.0,-1475.0,100.0,4.23728813559322,1.75
-925.0,-1475.0,100.0,4.661016949152542,1.75
-875.0,-1475.0,100.0,5.084745762711865,1.75
-825.0,-1475.0,100.0,5.508474576271186,1.75
-775.0,-1475.0,100.0,5.932203389830509,1.75
-725.0,-1475.0,100.0,6.3559322033898304,1.75
-675.0,-1475.0,100.0,6.779661016949152,1.75
-625.0,-1475.0,100.0,7.203389830508475,1.75
-575.0,-1475.0,100.0,7.627118644067797,1.75
-525.0,-1475.0,100.0,8.050847457627118,1.75
-475.0,-1475.0,100.0,8.47457627118644,1.75
-425.0,-1475.0,100.0,8.898305084745763,1.75
-375.0,-1475.0,100.0,9.322033898305085,1.75
-325.0,-1475.0,100.0,9.745762711864407,1.75
-275.0,-1475.0,100.0,10.16949152542373,1.75
-225.0,-1475.0,100.0,10.59322033898305,1.75
-175.0,-1475.0,100.0,11.016949152542372,1.75
-125.0,-1475.0,100.0,11.440677966101696,1.75
-75.0,-1475.0,100.0,11.864406779661017,1.75
-25.0,-1475.0,100.0,12.288135593220339,1.75
25.0,-1475.0,100.0,12.711864406779661,1.75
75.0,-1475.0,100.0,13.135593220338984,1.75
125.0,-1475.0,100.0,13.559322033898304,1.75
175.0,-1475.0,100.0,13.983050847457626,1.75
225.0,-1475.0,100.0,14.40677966101695,1.75
275.0,-1475.0,100.0,14.83050847457627,1.75
325.0,-1475.0,100.0,15.254237288135593,1.75
375.0,-1475.0,100.0,15.677966101694915,1.75
425.0,-1475.0,100.0,16.101694915254235,1.75
475.0,-1475.0,100.0,16.52542372881356,1.75
525.0,-1475.0,100.0,16.94915254237288,1.75
575.0,-1475.0,100.0,17.372881355932204,1.75
625.0,-1475.0,100.0,17.796610169491526,1.75
675.0,-1475.0,100.0,18.220338983050848,1.75
725.0,-1475.0,100.0,18.64406779661017,1.75
775.0,-1475.0,100.0,19.06779661016949,1.75
825.0,-1475.0,100.0,19.491525423728813,1.75
875.0,-1475.0,100.0,19.915254237288135,1.75
925.0,-1475.0,100.0,20.33898305084746,1.75
975.0,-1475.0,100.0,20.76271186440678,1.75
1025.0,-1475.0,100.0,21.1864406779661,1.75
1075.0,-1475.0,100.0,21.610169491525426,1.75
1125.0,-1475.0,100.0,22.033898305084744,1.75
1175.0,-1475.0,100.0,22.45762711864407,1.75
1225.0,-1475.0,100.0,22.88135593220339,1.75
1275.0,-1475.0,100.0,23.30508474576271,1.75
1325.0,-1475.0,100.0,23.728813559322035,1.75
1375.0,-1475.0,100.0,24.152542372881356,1.75
1425.0,-1475.0,100.0,24.576271186440678,1.75
1475.0,-1475.0,100.0,25.0,1.75
-1475.0,-1425.0,100.0,0.0,1.75
-1425.0,-1425.0,100.0,0.423728813559322,1.75
-1375.0,-1425.0,100.0,0.847457627118644,1.75
-1325.0,-1425.0,100.0,1.2711864406779663,1.75
-1275.0,-1425.0,100.0,1.694915254237288,1.75
-1225.0,-1425.0,100.0,2.11864406779661,1.75
-1175.0,-1425.0,100.0,2.5423728813559325,1.75
-1125.0,-1425.0,100.0,2.9661016949152543,1.75
-1075.0,-1425.0,100.0,3.389830508474576,1.75
-1025.0,-1425.0,100.0,3.8135593220338984,1.75
-975.0,-1425.0,100.0,4.23728813559322,1.75
-925.0,-1425.0,100.0,4.661016949152542,1.75
-875.0,-1425.0,100.0,5.084745762711865,1.75
-825.0,-1425.0,100.0,5.508474576271186,1.75
-775.0,-1425.0,100.0,5.932203389830509,1.75
-725.0,-1425.0,100.0,6.3559322033898304,1.75
-675.0,-1425.0,100.0,6.779661016949152,1.75
-625.0,-1425.0,100.0,7.203389830508475,1.75
-575.0,-1425.0,100.0,7.627118644067797,1.75
-525.0,-1425.0,100.0,8.050847457627118,1.75
-475.0,-1425.0,100.0,8.47457627118644,1.75
-425.0,-1425.0,100.0,8.898305084745763,1.75
-375.0,-1425.0,100.0,9.322033898305085,1.75
-325.0,-1425.0,100.0,9.745762711864407,1.75
-275.0,-1425.0,100.0,10.16949152542373,1.75
-225.0,-1425.0,100.0,10.59322033898305,1.75
-175.0,-1425.0,100.0,11.016949152542372,1.75
-125.0,-1425.0,100.0,11.440677966101696,1.75
-75.0,-1425.0,100.0,11.864406779661017,1.75
-25.0,-1425.0,100.0,12.288135593220339,1.75
25.0,-1425.0,100.0,12.711864406779661,1.75
75.0,-1425.0,100.0,13.135593220338984,1.75
125.0,-1425.0,100.0,13.559322033898304,1.75
175.0,-1425.0,100.0,13.983050847457626,1.75
225.0,-1425.0,100.0,14.40677966101695,1.75
275.0,-1425.0,100.0,14.83050847457627,1.75
325.0,-1425.0,100.0,15.254237288135593,1.75
375.0,-1425.0,100.0,15.677966101694915,1.75
425.0,-1425.0,100.0,16.101694915254235,1.75
475.0,-1425.0,100.0,16.52542372881356,1.75
525.0,-1425.0,100.0,16.94915254237288,1.75
575.0,-1425.0,100.0,17.372881355932204,1.75
625.0,-1425.0,100.0,17.796610169491526,1.75
675.0,-1425.0,100.0,18.220338983050848,1.75
725.0,-1425.0,100.0,18.64406779661017,1.75
775.0,-1425.0,100.0,19.06779661016949,1.75
825.0,-1425.0,100.0,19.491525423728813,1.75
875.0,-1425.0,100.0,19.915254237288135,1.75
925.0,-1425.0,100.0,20.33898305084746,1.75
975.0,-1425.0,100.0,20.76271186440678,1.75
1025.0,-1425.0,100.0,21.1864406779661,1.75
1075.0,-1425.0,100.0,21.610169491525426,1.75
1125.0,-1425.0,100.0,22.033898305084744,1.75
1175.0,-1425.0,100.0,22.45762711864407,1.75
1225.0,-1425.0,100.0,22.88135593220339,1.75
1275.0,-1425.0,100.0,23.30508474576271,1.75
1325.0,-1425.0,100.0,23.728813559322035,1.75
1375.0,-1425.0,100.0,24.152542372881356,1.75
1425.0,-1425.0,100.0,24.576271186440678,1.75
1475.0,-1425.0,100.0,25.0,1.75
-1475.0,-1375.0,100.0,0.0,1.75
-1425.0,-1375.0,100.0,0.423728813559322,1.75
-1375.0,-1375.0,100.0,0.847457627118644,1.75
-1325.0,-1375.0,100.0,1.2711864406779663,1.75
-1275.0,-1375.0,100.0,1.694915254237288,1.75
-1225.0,-1375.0,100.0,2.11864406779661,1.75
-1175.0,-1375.0,100.0,2.5423728813559325,1.75
-1125.0,-1375.0,100.0,2.9661016949152543,1.75
-1075.0,-1375.0,100.0,3.389830508474576,1.75
-1025.0,-1375.0,100.0,3.8135593220338984,1.75
-975.0,-1375.0,100.0,4.23728813559322,1.75
-925.0,-1375.0,100.0,4.661016949152542,1.75
-875.0,-1375.0,100.0,5.084745762711865,1.75
-825.0,-1375.0,100.0,5.508474576271186,1.75
-775.0,-1375.0,100.0,5.932203389830509,1.75
-725.0,-1375.0,100.0,6.3559322033898304,1.75
-675.0,-1375.0,100.0,6.779661016949152,1.75
-625.0,-1375.0,100.0,7.203389830508475,1.75
-575.0,-1375.0,100.0,7.627118644067797,1.75
-525.0,-1375.0,100.0,8.050847457627118,1.75
-475.0,-1375.0,100.0,8.47457627118644,1.75
-425.0,-1375.0,100.0,8.898305084745763,1.75
-375.0,-1375.0,100.0,9.322033898305085,1.75
-325.0,-1375.0,100.0,9.745762711864407,1.75
-275.0,-1375.0,100.0,10.16949152542373,1.75
-225.0,-1375.0,100.0,10.59322033898305,1.75
-175.0,-1375.0,100.0,11.016949152542372,1.75
-125.0,-1375.0,100.0,11.440677966101696,1.75
-75.0,-1375.0,100.0,11.864406779661017,1.75
-25.0,-1375.0,100.0,12.288135593220339,1.75
25.0,-1375.0,100.0,12.711864406779661,1.75
75.0,-1375.0,100.0,13.135593220338984,1.75
125.0,-1375.0,100.0,13.559322033898304,1.75
175.0,-1375.0,100.0,13.983050847457626,1.75
225.0,-1375.0,100.0,14.40677966101695,1.75
275.0,-1375.0,100.0,14.83050847457627,1.75
325.0,-1375.0,100.0,15.254237288135593,1.75
375.0,-1375.0,100.0,15.677966101694915,1.75
425.0,-1375.0,100.0,16.101694915254235,1.75
475.0,-1375.0,100.0,16.52542372881356,1.75
525.0,-1375.0,100.0,16.94915254237288,1.75
575.0,-1375.0,100.0,17.372881355932204,1.75
625.0,-1375.0,100.0,17.796610169491526,1.75
675.0,-1375.0,100.0,18.220338983050848,1.75
725.0,-1375.0,100.0,18.64406779661017,1.75
775.0,-1375.0,100.0,19.06779661016949,1.75
825.0,-1375.0,100.0,19.491525423728813,1.75
875.0,-1375.0,100.0,19.915254237288135,1.75
925.0,-1375.0,100.0,20.33898305084746,1.75
975.0,-1375.0,100.0,20.76271186440678,1.75
1025.0,-1375.0,100.0,21.1864406779661,1.75
1075.0,-1375.0,100.0,21.610169491525426,1.75
1125.0,-1375.0,100.0,22.033898305084744,1.75
1175.0,-1375.0,100.0,22.45762711864407,1.75
1225.0,-1375.0,100.0,22.88135593220339,1.75
1275.0,-1375.0,100.0,23.30508474576271,1.75
1325.0,-1375.0,100.0,23.728813559322035,1.75
1375.0,-1375.0,100.0,24.152542372881356,1.75
1425.0,-1375.0,100.0,24.576271186440678,1.75
1475.0,-1375.0,100.0,25.0,1.75
-1475.0,-1325.0,100.0,0.0,1.75
-1425.0,-1325.0,100.0,0.423728813559322,1.75
-1375.0,-1325.0,100.0,0.847457627118644,1.75
-1325.0,-1325.0,100.0,1.2711864406779663,1.75
-1275.0,-1325.0,100.0,1.694915254237288,1.75
-1225.0,-1325.0,100.0,2.11864406779661,1.75
-1175.0,-1325.0,100.0,2.5423728813559325,1.75
-1125.0,-1325.0,100.0,2.9661016949152543,1.75
-1075.0,-1325.0,100.0,3.389830508474576,1.75
-1025.0,-1325.0,100.0,3.8135593220338984,1.75
-975.0,-1325.0,100.0,4.23728813559322,1.75
-925.0,-1325.0,100.0,4.661016949152542,1.75
-875.0,-1325.0,100.0,5.084745762711865,1.75
-825.0,-1325.0,100.0,5.508474576271186,1.75
-775.0,-1325.0,100.0,5.932203389830509,1.75
-725.0,-1325.0,100.0,6.3559322033898304,1.75
-675.0,-1325.0,100.0,6.779661016949152,1.75
-625.0,-1325.0,100.0,7.203389830508475,1.75
-575.0,-1325.0,100.0,7.627118644067797,1.75
-525.0,-1325.0,100.0,8.050847457627118,1.75
-475.0,-1325.0,100.0,8.47457627118644,1.75
-425.0,-1325.0,100.0,8.898305084745763,1.75
-375.0,-1325.0,100.0,9.322033898305085,1.75
-325.0,-1325.0,100.0,9.745762711864407,1.75
-275.0,-1325.0,100.0,10.16949152542373,1.75
-225.0,-1325.0,100.0,10.59322033898305,1.75
-175.0,-1325.0,100.0,11.016949152542372,1.75
-125.0,-1325.0,100.0,11.440677966101696,1.75
-75.0,-1325.0,100.0,11.864406779661017,1.75
-25.0,-1325.0,100.0,12.288135593220339,1.75
25.0,-1325.0,100.0,12.711864406779661,1.75
75.0,-1325.0,100.0,13.135593220338984,1.75
125.0,-1325.0,100.0,13.559322033898304,1.75
175.0,-1325.0,100.0,13.983050847457626,1.75
225.0,-1325.0,100.0,14.40677966101695,1.75
275.0,-1325.0,100.0,14.83050847457627,1.75
325.0,-1325.0,100.0,15.254237288135593,1.75
375.0,-1325.0,100.0,15.677966101694915,1.75
425.0,-1325.0,100.0,16.101694915254235,1.75
475.0,-1325.0,100.0,16.52542372881356,1.75
525.0,-1325.0,100.0,16.94915254237288,1.75
575.0,-1325.0,100.0,17.372881355932204,1.75
625.0,-1325.0,100.0,17.796610169491526,1.75
675.0,-1325.0,100.0,18.220338983050848,1.75
725.0,-1325.0,100.0,18.64406779661017,1.75
775.0,-1325.0,100.0,19.06779661016949,1.75
825.0,-1325.0,100.0,19.491525423728813,1.75
875.0,-1325.0,100.0,19.915254237288135,1.75
925.0,-1325.0,100.0,20.33898305084746,1.75
975.0,-1325.0,100.0,20.76271186440678,1.75
1025.0,-1325.0,100.0,21.1864406779661,1.75
1075.0,-1325.0,100.0,21.610169491525426,1.75
1125.0,-1325.0,100.0,22.033898305084744,1.75
1175.0,-1325.0,100.0,22.45762711864407,1.75
1225.0,-1325.0,100.0,22.88135593220339,1.75
1275.0,-1325.0,100.0,23.30508474576271,1.75
1325.0,-1325.0,100.0,23.728813559322035,1.75
1375.0,-1325.0,100.0,24.152542372881356,1.75
1425.0,-1325.0,100.0,24.576271186440678,1.75
1475.0,-1325.0,100.0,25.0,1.75
-1475.0,-1275.0,100.0,0.0,1.75
-1425.0,-1275.0,100.0,0.423728813559322,1.75
-1375.0,-1275.0,100.0,0.847457627118644,1.75
-1325.0,-1275.0,100.0,1.2711864406779663,1.75
-1275.0,-1275.0,100.0,1.694915254237288,1.75
-1225.0,-1275.0,100.0,2.11864406779661,1.75
-1175.0,-1275.0,100.0,2.5423728813559325,1.75
-1125.0,-1275.0,100.0,2.9661016949152543,1.75
-1075.0,-1275.0,100.0,3.389830508474576,1.75
-1025.0,-1275.0,100.0,3.8135593220338984,1.75
-975.0,-1275.0,100.0,4.23728813559322,1.75
-925.0,-1275.0,100.0,4.661016949152542,1.75
-875.0,-1275.0,100.0,5.084745762711865,1.75
-825.0,-1275.0,100.0,5.508474576271186,1.75
-775.0,-1275.0,100.0,5.932203389830509,1.75
-725.0,-1275.0,100.0,6.3559322033898304,1.75
-675.0,-1275.0,100.0,6.779661016949152,1.75
-625.0,-1275.0,100.0,7.203389830508475,1.75
-575.0,-1275.0,100.0,7.627118644067797,1.75
-525.0,-1275.0,100.0,8.050847457627118,1.75
-475.0,-1275.0,100.0,8.47457627118644,1.75
-425.0,-1275.0,100.0,8.898305084745763,1.75
-375.0,-1275.0,100.0,9.322033898305085,1.75
-325.0,-1275.0,100.0,9.745762711864407,1.75
-275.0,-1275.0,100.0,10.16949152542373,1.75
-225.0,-1275.0,100.0,10.59322033898305,1.75
-175.0,-1275.0,100.0,11.016949152542372,1.75
-125.0,-1275.0,100.0,11.440677966101696,1.75
-75.0,-1275.0,100.0,11.864406779661017,1.75
-25.0,-1275.0,100.0,12.288135593220339,1.75
25.0,-1275.0,100.0,12.711864406779661,1.75
75.0,-1275.0,100.0,13.135593220338984,1.75
125.0,-1275.0,100.0,13.559322033898304,1.75
175.0,-1275.0,100.0,13.983050847457626,1.75
225.0,-1275.0,100.0,14.40677966101695,1.75
275.0,-1275.0,100.0,14.83050847457627,1.75
325.0,-1275.0,100.0,15.254237288135593,1.75
375.0,-1275.0,100.0,15.677966101694915,1.75
425.0,-1275.0,100.0,16.101694915254235,1.75
475.0,-1275.0,100.0,16.52542372881356,1.75
525.0,-1275.0,100.0,16.94915254237288,1.75
575.0,-1275.0,100.0,17.372881355932204,1.75
625.0,-1275.0,100.0,17.796610169491526,1.75
675.0,-1275.0,100.0,18.220338983050848,1.75
725.0,-1275.0,100.0,18.64406779661017,1.75
775.0,-1275.0,100.0,19.06779661016949,1.75
825.0,-1275.0,100.0,19.491525423728813,1.75
875.0,-1275.0,100.0,19.915254237288135,1.75
925.0,-1275.0,100.0,20.33898305084746,1.75
975.0,-1275.0,100.0,20.76271186440678,1.75
1025.0,-1275.0,100.0,21.1864406779661,1.75
1075.0,-1275.0,100.0,21.610169491525426,1.75
1125.0,-1275.0,100.0,22.033898305084744,1.75
1175.0,-1275.0,100.0,22.45762711864407,1.75
1225.0,-1275.0,100.0,22.88135593220339,1.75
1275.0,-1275.0,100.0,23.30508474576271,1.75
1325.0,-1275.0,100.0,23.728813559322035,1.75
1375.0,-1275.0,100.0,24.152542372881356,1.75
1425.0,-1275.0,100.0,24.576271186440678,1.75
1475.0,-1275.0,100.0,25.0,1.75
-1475.0,-1225.0,100.0,0.0,1.75
-1425.0,-1225.0,100.0,0.423728813559322,1.75
-1375.0,-1225.0,100.0,0.847457627118644,1.75
-1325.0,-1225.0,100.0,1.2711864406779663,1.75
-1275.0,-1225.0,100.0,1.694915254237288,1.75
-1225.0,-1225.0,100.0,2.11864406779661,1.75
-1175.0,-1225.0,100.0,2.5423728813559325,1.75
-1125.0,-1225.0,100.0,2.9661016949152543,1.75
-1075.0,-1225.0,100.0,3.389830508474576,1.75
-1025.0,-1225.0,100.0,3.8135593220338984,1.75
-975.0,-1225.0,100.0,4.23728813559322,1.75
-925.0,-1225.0,100.0,4.661016949152542,1.75
-875.0,-1225.0,100.0,5.084745762711865,1.75
-825.0,-1225.0,100.0,5.508474576271186,1.75
-775.0,-1225.0,100.0,5.932203389830509,1.75
-725.0,-1225.0,100.0,6.3559322033898304,1.75
-675.0,-1225.0,100.0,6.779661016949152,1.75
-625.0,-1225.0,100.0,7.203389830508475,1.75
-575.0,-1225.0,100.0,7.627118644067797,1.75
-525.0,-1225.0,100.0,8.050847457627118,1.75
-475.0,-1225.0,100.0,8.47457627118644,1.75
-425.0,-1225.0,100.0,8.898305084745763,1.75
-375.0,-1225.0,100.0,9.322033898305085,1.75
-325.0,-1225.0,100.0,9.745762711864407,1.75
-275.0,-1225.0,100.0,10.16949152542373,1.75
-225.0,-1225.0,100.0,10.59322033898305,1.75
-175.0,-1225.0,100.0,11.016949152542372,1.75
-125.0,-1225.0,100.0,11.440677966101696,1.75
-75.0,-1225.0,100.0,11.864406779661017,1.75
-25.0,-1225.0,100.0,12.288135593220339,1.75
25.0,-1225.0,100.0,12.711864406779661,1.75
75.0,-1225.0,100.0,13.135593220338984,1.75
125.0,-1225.0,100.0,13.559322033898304,1.75
175.0,-1225.0,100.0,13.983050847457626,1.75
225.0,-1225.0,100.0,14.40677966101695,1.75
275.0,-1225.0,100.0,14.83050847457627,1.75
325.0,-1225.0,100.0,15.254237288135593,1.75
375.0,-1225.0,100.0,15.677966101694915,1.75
425.0,-1225.0,100.0,16.101694915254235,1.75
475.0,-1225.0,100.0,16.52542372881356,1.75
525.0,-1225.0,100.0,16.94915254237288,1.75
575.0,-1225.0,100.0,17.372881355932204,1.75
625.0,-1225.0,100.0,17.796610169491526,1.75
675.0,-1225.0,100.0,18.220338983050848,1.75
725.0,-1225.0,100.0,18.64406779661017,1.75
775.0,-1225.0,100.0,19.06779661016949,1.75
825.0,-1225.0,100.0,19.491525423728813,1.75
875.0,-1225.0,100.0,19.915254237288135,1.75
925.0,-1225.0,100.0,20.33898305084746,1.75
975.0,-1225.0,100.0,20.76271186440678,1.75
1025.0,-1225.0,100.0,21.1864406779661,1.75
1075.0,-1225.0,100.0,21.610169491525426,1.75
1125.0,-1225.0,100.0,22.033898305084744,1.75
1175.0,-1225.0,100.0,22.45762711864407,1.75
1225.0,-1225.0,100.0,22.88135593220339,1.75
1275.0,-1225.0,100.0,23.30508474576271,1.75
1325.0,-1225.0,100.0,23.728813559322035,1.75
1375.0,-1225.0,100.0,24.152542372881356,1.75
1425.0,-1225.0,100.0,24.576271186440678,1.75
1475.0,-1225.0,100.0,25.0,1.75
-1475.0,-1175.0,100.0,0.0,1.75
-1425.0,-1175.0,100.0,0.423728813559322,1.75
-1375.0,-1175.0,100.0,0.847457627118644,1.75
-1325.0,-1175.0,100.0,1.2711864406779663,1.75
-1275.0,-1175.0,100.0,1.694915254237288,1.75
-1225.0,-1175.0,100.0,2.11864406779661,1.75
-1175.0,-1175.0,100.0,2.5423728813559325,1.75
-1125.0,-1175.0,100.0,2.9661016949152543,1.75
-1075.0,-1175.0,100.0,3.389830508474576,1.75
-1025.0,-1175.0,100.0,3.8135593220338984,1.75
-975.0,-1175.0,100.0,4.23728813559322,1.75
-925.0,-1175.0,100.0,4.661016949152542,1.75
-875.0,-1175.0,100.0,5.084745762711865,1.75
-825.0,-1175.0,100.0,5.508474576271186,1.75
-775.0,-1175.0,100.0,5.932203389830509,1.75
-725.0,-1175.0,100.0,6.3559322033898304,1.75
-675.0,-1175.0,100.0,6.779661016949152,1.75
-625.0,-1175.0,100.0,7.203389830508475,1.75
-575.0,-1175.0,100.0,7.627118644067797,1.75
-525.0,-1175.0,100.0,8.050847457627118,1.75
-475.0,-1175.0,100.0,8.47457627118644,1.75
-425.0,-1175.0,100.0,8.898305084745763,1.75
-375.0,-1175.0,100.0,9.322033898305085,1.75
-325.0,-1175.0,100.0,9.745762711864407,1.75
-275.0,-1175.0,100.0,10.16949152542373,1.75
-225.0,-1175.0,100.0,10.59322033898305,1.75
-175.0,-1175.0,100.0,11.016949152542372,1.75
-125.0,-1175.0,100.0,11.440677966101696,1.75
-75.0,-1175.0,100.0,11.864406779661017,1.75
-25.0,-1175.0,100.0,12.288135593220339,1.75
25.0,-1175.0,100.0,12.711864406779661,1.75
75.0,-1175.0,100.0,13.135593220338984,1.75
125.0,-1175.0,100.0,13.559322033898304,1.75
175.0,-1175.0,100.0,13.983050847457626,1.75
225.0,-1175.0,100.0,14.40677966101695,1.75
275.0,-1175.0,100.0,14.83050847457627,1.75
325.0,-1175.0,100.0,15.254237288135593,1.75
375.0,-1175.0,100.0,15.677966101694915,1.75
425.0,-1175.0,100.0,16.101694915254235,1.75
475.0,-1175.0,100.0,16.52542372881356,1.75
525.0,-1175.0,100.0,16.94915254237288,1.75
575.0,-1175.0,100.0,17.372881355932204,1.75
625.0,-1175.0,100.0,17.796610169491526,1.75
675.0,-1175.0,100.0,18.220338983050848,1.75
725.0,-1175.0,100.0,18.64406779661017,1.75
775.0,-1175.0,100.0,19.06779661016949,1.75
825.0,-1175.0,100.0,19.491525423728813,1.75
875.0,-1175.0,100.0,19.915254237288135,1.75
925.0,-1175.0,100.0,20.33898305084746,1.75
975.0,-1175.0,100.0,20.76271186440678,1.75
1025.0,-1175.0,100.0,21.1864406779661,1.75
1075.0,-1175.0,100.0,21.610169491525426,1.75
1125.0,-1175.0,100.0,22.033898305084744,1.75
1175.0,-1175.0,100.0,22.45762711864407,1.75
1225.0,-1175.0,100.0,22.88135593220339,1.75
1275.0,-1175.0,100.0,23.30508474576271,1.75
1325.0,-1175.0,100.0,23.728813559322035,1.75
1375.0,-1175.0,100.0,24.152542372881356,1.75
1425.0,-1175.0,100.0,24.576271186440678,1.75
1475.0,-1175.0,100.0,25.0,1.75
-1475.0,-1125.0,100.0,0.0,1.75
-1425.0,-1125.0,100.0,0.423728813559322,1.75
-1375.0,-1125.0,100.0,0.847457627118644,1.75
-1325.0,-1125.0,100.0,1.2711864406779663,1.75
-1275.0,-1125.0,100.0,1.694915254237288,1.75
-1225.0,-1125.0,100.0,2.11864406779661,1.75
-1175.0,-1125.0,100.0,2.5423728813559325,1.75
-1125.0,-1125.0,100.0,2.9661016949152543,1.75
-1075.0,-1125.0,100.0,3.389830508474576,1.75
-1025.0,-1125.0,100.0,3.8135593220338984,1.75
-975.0,-1125.0,100.0,4.23728813559322,1.75
-925.0,-1125.0,100.0,4.661016949152542,1.75
-875.0,-1125.0,100.0,5.084745762711865,1.75
-825.0,-1125.0,100.0,5.508474576271186,1.75
-775.0,-1125.0,100.0,5.932203389830509,1.75
-725.0,-1125.0,100.0,6.3559322033898304,1.75
-675.0,-1125.0,100.0,6.779661016949152,1.75
-625.0,-1125.0,100.0,7.203389830508475,1.75
-575.0,-1125.0,100.0,7.627118644067797,1.75
-525.0,-1125.0,100.0,8.050847457627118,1.75
-475.0,-1125.0,100.0,8.47457627118644,1.75
-425.0,-1125.0,100.0,8.898305084745763,1.75
-375.0,-1125.0,100.0,9.322033898305085,1.75
-325.0,-1125.0,100.0,9.745762711864407,1.75
-275.0,-1125.0,100.0,10.16949152542373,1.75
-225.0,-1125.0,100.0,10.59322033898305,1.75
-175.0,-1125.0,100.0,11.016949152542372,1.75
-125.0,-1125.0,100.0,11.440677966101696,1.75
-75.0,-1125.0,100.0,11.864406779661017,1.75
-25.0,-1125.0,100.0,12.288135593220339,1.75
25.0,-1125.0,100.0,12.711864406779661,1.75
75.0,-1125.0,100.0,13.135593220338984,1.75
125.0,-1125.0,100.0,13.559322033898304,1.75
175.0,-1125.0,100.0,13.983050847457626,1.75
225.0,-1125.0,100.0,14.40677966101695,1.75
275.0,-1125.0,100.0,14.83050847457627,1.75
325.0,-1125.0,100.0,15.254237288135593,1.75
375.0,-1125.0,100.0,15.677966101694915,1.75
425.0,-1125.0,100.0,16.101694915254235,1.75
475.0,-1125.0,100.0,16.52542372881356,1.75
525.0,-1125.0,100.0,16.94915254237288,1.75
575.0,-1125.0,100.0,17.372881355932204,1.75
625.0,-1125.0,100.0,17.796610169491526,1.75
675.0,-1125.0,100.0,18.220338983050848,1.75
725.0,-1125.0,100.0,18.64406779661017,1.75
775.0,-1125.0,100.0,19.06779661016949,1.75
825.0,-1125.0,100.0,19.491525423728813,1.75
875.0,-1125.0,100.0,19.915254237288135,1.75
925.0,-1125.0,100.0,20.33898305084746,1.75
975.0,-1125.0,100.0,20.76271186440678,1.75
1025.0,-1125.0,100.0,21.1864406779661,1.75
1075.0,-1125.0,100.0,21.610169491525426,1.75
1125.0,-1125.0,100.0,22.033898305084744,1.75
1175.0,-1125.0,100.0,22.45762711864407,1.75
1225.0,-1125.0,100.0,22.88135593220339,1.75
1275.0,-1125.0,100.0,23.30508474576271,1.75
1325.0,-1125.0,100.0,23.728813559322035,1.75
1375.0,-1125.0,100.0,24.152542372881356,1.75
1425.0,-1125.0,100.0,24.576271186440678,1.75
1475.0,-1125.0,100.0,25.0,1.75
-1475.0,-1075.0,100.0,0.0,1.75
-1425.0,-1075.0,100.0,0.423728813559322,1.75
-1375.0,-1075.0,100.0,0.847457627118644,1.75
-1325.0,-1075.0,100.0,1.2711864406779663,1.75
-1275.0,-1075.0,100.0,1.694915254237288,1.75
-1225.0,-1075.0,100.0,2.11864406779661,1.75
-1175.0,-1075.0,100.0,2.5423728813559325,1.75
-1125.0,-1075.0,100.0,2.9661016949152543,1.75
-1075.0,-1075.0,100.0,3.389830508474576,1.75
-1025.0,-1075.0,100.0,3.8135593220338984,1.75
-975.0,-1075.0,100.0,4.23728813559322,1.75
-925.0,-1075.0,100.0,4.661016949152542,1.75
-875.0,-1075.0,100.0,5.084745762711865,1.75
-825.0,-1075.0,100.0,5.508474576271186,1.75
-775.0,-1075.0,100.0,5.932203389830509,1.75
-725.0,-1075.0,100.0,6.3559322033898304,1.75
-675.0,-1075.0,100.0,6.779661016949152,1.75
-625.0,-1075.0,100.0,7.203389830508475,1.75
-575.0,-1075.0,100.0,7.627118644067797,1.75
-525.0,-1075.0,100.0,8.050847457627118,1.75
-475.0,-1075.0,100.0,8.47457627118644,1.75
-425.0,-1075.0,100.0,8.898305084745763,1.75
-375.0,-1075.0,100.0,9.322033898305085,1.75
-325.0,-1075.0,100.0,9.745762711864407,1.75
-275.0,-1075.0,100.0,10.16949152542373,1.75
-225.0,-1075.0,100.0,10.59322033898305,1.75
-175.0,-1075.0,100.0,11.016949152542372,1.75
-125.0,-1075.0,100.0,11.440677966101696,1.75
-75.0,-1075.0,100.0,11.864406779661017,1.75
-25.0,-1075.0,100.0,12.288135593220339,1.75
25.0,-1075.0,100.0,12.711864406779661,1.75
75.0,-1075.0,100.0,13.135593220338984,1.75
125.0,-1075.0,100.0,13.559322033898304,1.75
175.0,-1075.0,100.0,13.983050847457626,1.75
225.0,-1075.0,100.0,14.40677966101695,1.75
275.0,-1075.0,100.0,14.83050847457627,1.75
325.0,-1075.0,100.0,15.254237288135593,1.75
375.0,-1075.0,100.0,15.677966101694915,1.75
425.0,-1075.0,100.0,16.101694915254235,1.75
475.0,-1075.0,100.0,16.52542372881356,1.75
525.0,-1075.0,100.0,16.94915254237288,1.75
575.0,-1075.0,100.0,17.372881355932204,1.75
625.0,-1075.0,100.0,17.796610169491526,1.75
675.0,-1075.0,100.0,18.220338983050848,1.75
725.0,-1075.0,100.0,18.64406779661017,1.75
775.0,-1075.0,100.0,19.06779661016949,1.75
825.0,-1075.0,100.0,19.491525423728813,1.75
875.0,-1075.0,100.0,19.915254237288135,1.75
925.0,-1075.0,100.0,20.33898305084746,1.75
975.0,-1075.0,100.0,20.76271186440678,1.75
1025.0,-1075.0,100.0,21.1864406779661,1.75
1075.0,-1075.0,100.0,21.610169491525426,1.75
1125.0,-1075.0,100.0,22.033898305084744,1.75
1175.0,-1075.0,100.0,22.45762711864407,1.75
1225.0,-1075.0,100.0,22.88135593220339,1.75
1275.0,-1075.0,100.0,23.30508474576271,1.75
1325.0,-1075.0,100.0,23.728813559322035,1.75
1375.0,-1075.0,100.0,24.152542372881356,1.75
1425.0,-1075.0,100.0,24.576271186440678,1.75
1475.0,-1075.0,100.0,25.0,1.75
-1475.0,-1025.0,100.0,0.0,1.75
-1425.0,-1025.0,100.0,0.423728813559322,1.75
-1375.0,-1025.0,100.0,0.847457627118644,1.75
-1325.0,-1025.0,100.0,1.2711864406779663,1.75
-1275.0,-1025.0,100.0,1.694915254237288,1.75
-1225.0,-1025.0,100.0,2.11864406779661,1.75
-1175.0,-1025.0,100.0,2.5423728813559325,1.75
-1125.0,-1025.0,100.0,2.9661016949152543,1.75
-1075.0,-1025.0,100.0,3.389830508474576,1.75
-1025.0,-1025.0,100.0,3.8135593220338984,1.75
-975.0,-1025.0,100.0,4.23728813559322,1.75
-925.0,-1025.0,100.0,4.661016949152542,1.75
-875.0,-1025.0,100.0,5.084745762711865,1.75
-825.0,-1025.0,100.0,5.508474576271186,1.75
-775.0,-1025.0,100.0,5.932203389830509,1.75
-725.0,-1025.0,100.0,6.3559322033898304,1.75
-675.0,-1025.0,100.0,6.779661016949152,1.75
-625.0,-1025.0,100.0,7.203389830508475,1.75
-575.0,-1025.0,100.0,7.627118644067797,1.75
-525.0,-1025.0,100.0,8.050847457627118,1.75
-475.0,-1025.0,100.0,8.47457627118644,1.75
-425.0,-1025.0,100.0,8.898305084745763,1.75
-375.0,-1025.0,100.0,9.322033898305085,1.75
-325.0,-1025.0,100.0,9.745762711864407,1.75
-275.0,-1025.0,100.0,10.16949152542373,1.75
-225.0,-1025.0,100.0,10.59322033898305,1.75
-175.0,-1025.0,100.0,11.016949152542372,1.75
-125.0,-1025.0,100.0,11.440677966101696,1.75
-75.0,-1025.0,100.0,11.864406779661017,1.75
-25.0,-1025.0,100.0,12.288135593220339,1.75
25.0,-1025.0,100.0,12.711864406779661,1.75
75.0,-1025.0,100.0,13.135593220338984,1.75
125.0,-1025.0,100.0,13.559322033898304,1.75
175.0,-1025.0,100.0,13.983050847457626,1.75
225.0,-1025.0,100.0,14.40677966101695,1.75
275.0,-1025.0,100.0,14.83050847457627,1.75
325.0,-1025.0,100.0,15.254237288135593,1.75
375.0,-1025.0,100.0,15.677966101694915,1.75
425.0,-1025.0,100.0,16.101694915254235,1.75
475.0,-1025.0,100.0,16.52542372881356,1.75
525.0,-1025.0,100.0,16.94915254237288,1.75
575.0,-1025.0,100.0,17.372881355932204,1.75
625.0,-1025.0,100.0,17.796610169491526,1.75
675.0,-1025.0,100.0,18.220338983050848,1.75
725.0,-1025.0,100.0,18.64406779661017,1.75
775.0,-1025.0,100.0,19.06779661016949,1.75
825.0,-1025.0,100.0,19.491525423728813,1.75
875.0,-1025.0,100.0,19.915254237288135,1.75
925.0,-1025.0,100.0,20.33898305084746,1.75
975.0,-1025.0,100.0,20.76271186440678,1.75
1025.0,-1025.0,100.0,21.1864406779661,1.75
1075.0,-1025.0,100.0,21.610169491525426,1.75
1125.0,-1025.0,100.0,22.033898305084744,1.75
1175.0,-1025.0,100.0,22.45762711864407,1.75
1225.0,-1025.0,100.0,22.88135593220339,1.75
1275.0,-1025.0,100.0,23.30508474576271,1.75
1325.0,-1025.0,100.0,23.728813559322035,1.75
1375.0,-1025.0,100.0,24.152542372881356,1.75
1425.0,-1025.0,100.0,24.576271186440678,1.75
1475.0,-1025.0,100.0,25.0,1.75
-1475.0,-975.0,100.0,0.0,1.75
-1425.0,-975.0,100.0,0.423728813559322,1.75
-1375.0,-975.0,100.0,0.847457627118644,1.75
-1325.0,-975.0,100.0,1.2711864406779663,1.75
-1275.0,-975.0,100.0,1.694915254237288,1.75
-1225.0,-975.0,100.0,2.11864406779661,1.75
-1175.0,-975.0,100.0,2.5423728813559325,1.75
-1125.0,-975.0,100.0,2.9661016949152543,1.75
-1075.0,-975.0,100.0,3.389830508474576,1.75
-1025.0,-975.0,100.0,3.8135593220338984,1.75
-975.0,-975.0,100.0,4.23728813559322,1.75
-925.0,-975.0,100.0,4.661016949152542,1.75
-875.0,-975.0,100.0,5.084745762711865,1.75
-825.0,-975.0,100.0,5.508474576271186,1.75
-775.0,-975.0,100.0,5.932203389830509,1.75
-725.0,-975.0,100.0,6.3559322033898304,1.75
-675.0,-975.0,100.0,6.779661016949152,1.75
-625.0,-975.0,100.0,7.203389830508475,1.75
-575.0,-975.0,100.0,7.627118644067797,1.75
-525.0,-975.0,100.0,8.050847457627118,1.75
-475.0,-975.0,100.0,8.47457627118644,1.75
-425.0,-975.0,100.0,8.898305084745763,1.75
-375.0,-975.0,100.0,9.322033898305085,1.75
-325.0,-975.0,100.0,9.745762711864407,1.75
-275.0,-975.0,100.0,10.16949152542373,1.75
-225.0,-975.0,100.0,10.59322033898305,1.75
-175.0,-975.0,100.0,11.016949152542372,1.75
-125.0,-975.0,100.0,11.440677966101696,1.75
-75.0,-975.0,100.0,11.864406779661017,1.75
-25.0,-975.0,100.0,12.288135593220339,1.75
25.0,-975.0,100.0,12.711864406779661,1.75
75.0,-975.0,100.0,13.135593220338984,1.75
125.0,-975.0,100.0,13.559322033898304,1.75
175.0,-975.0,100.0,13.983050847457626,1.75
225.0,-975.0,100.0,14.40677966101695,1.75
275.0,-975.0,100.0,14.83050847457627,1.75
325.0,-975.0,100.0,15.254237288135593,1.75
375.0,-975.0,100.0,15.677966101694915,1.75
425.0,-975.0,100.0,16.101694915254235,1.75
475.0,-975.0,100.0,16.52542372881356,1.75
525.0,-975.0,100.0,16.94915254237288,1.75
575.0,-975.0,100.0,17.372881355932204,1.75
625.0,-975.0,100.0,17.796610169491526,1.75
675.0,-975.0,100.0,18.220338983050848,1.75
725.0,-975.0,100.0,18.64406779661017,1.75
775.0,-975.0,100.0,19.06779661016949,1.75
825.0,-975.0,100.0,19.491525423728813,1.75
875.0,-975.0,100.0,19.915254237288135,1.75
925.0,-975.0,100.0,20.33898305084746,1.75
975.0,-975.0,100.0,20.76271186440678,1.75
1025.0,-975.0,100.0,21.1864406779661,1.75
1075.0,-975.0,100.0,21.610169491525426,1.75
1125.0,-975.0,100.0,22.033898305084744,1.75
1175.0,-975.0,100.0,22.45762711864407,1.75
1225.0,-975.0,100.0,22.88135593220339,1.75
1275.0,-975.0,100.0,23.30508474576271,1.75
1325.0,-975.0,100.0,23.728813559322035,1.75
1375.0,-975.0,100.0,24.152542372881356,1.75
1425.0,-975.0,100.0,24.576271186440678,1.75
1475.0,-975.0,100.0,25.0,1.75
-1475.0,-925.0,100.0,0.0,1.75
-1425.0,-925.0,100.0,0.423728813559322,1.75
-1375.0,-925.0,100.0,0.847457627118644,1.75
-1325.0,-925.0,100.0,1.2711864406779663,1.75
-1275.0,-925.0,100.0,1.694915254237288,1.75
-1225.0,-925.0,100.0,2.11864406779661,1.75
-1175.0,-925.0,100.0,2.5423728813559325,1.75
-1125.0,-925.0,100.0,2.9661016949152543,1.75
-1075.0,-925.0,100.0,3.389830508474576,1.75
-1025.0,-925.0,100.0,3.8135593220338984,1.75
-975.0,-925.0,100.0,4.23728813559322,1.75
-925.0,-925.0,100.0,4.661016949152542,1.75
-875.0,-925.0,100.0,5.084745762711865,1.75
-825.0,-925.0,100.0,5.508474576271186,1.75
-775.0,-925.0,100.0,5.932203389830509,1.75
-725.0,-925.0,100.0,6.3559322033898304,1.75
-675.0,-925.0,100.0,6.779661016949152,1.75
-625.0,-925.0,100.0,7.203389830508475,1.75
-575.0,-925.0,100.0,7.627118644067797,1.75
-525.0,-925.0,100.0,8.050847457627118,1.75
-475.0,-925.0,100.0,8.47457627118644,1.75
-425.0,-925.0,100.0,8.898305084745763,1.75
-375.0,-925.0,100.0,9.322033898305085,1.75
-325.0,-925.0,100.0,9.745762711864407,1.75
-275.0,-925.0,100.0,10.16949152542373,1.75
-225.0,-925.0,100.0,10.59322033898305,1.75
-175.0,-925.0,100.0,11.016949152542372,1.75
-125.0,-925.0,100.0,11.440677966101696,1.75
-75.0,-925.0,100.0,11.864406779661017,1.75
-25.0,-925.0,100.0,12.288135593220339,1.75
25.0,-925.0,100.0,12.711864406779661,1.75
75.0,-925.0,100.0,13.135593220338984,1.75
125.0,-925.0,100.0,13.559322033898304,1.75
175.0,-925.0,100.0,13.983050847457626,1.75
225.0,-925.0,100.0,14.40677966101695,1.75
275.0,-925.0,100.0,14.83050847457627,1.75
325.0,-925.0,100.0,15.254237288135593,1.75
375.0,-925.0,100.0,15.677966101694915,1.75
425.0,-925.0,100.0,16.101694915254235,1.75
475.0,-925.0,100.0,16.52542372881356,1.75
525.0,-925.0,100.0,16.94915254237288,1.75
575.0,-925.0,100.0,17.372881355932204,1.75
625.0,-925.0,100.0,17.796610169491526,1.75
675.0,-925.0,100.0,18.220338983050848,1.75
725.0,-925.0,100.0,18.64406779661017,1.75
775.0,-925.0,100.0,19.06779661016949,1.75
825.0,-925.0,100.0,19.491525423728813,1.75
875.0,-925.0,100.0,19.915254237288135,1.75
925.0,-925.0,100.0,20.33898305084746,1.75
975.0,-925.0,100.0,20.76271186440678,1.75
1025.0,-925.0,100.0,21.1864406779661,1.75
1075.0,-925.0,100.0,21.610169491525426,1.75
1125.0,-925.0,100.0,22.033898305084744,1.75
1175.0,-925.0,100.0,22.45762711864407,1.75
1225.0,-925.0,100.0,22.88135593220339,1.75
1275.0,-925.0,100.0,23.30508474576271,1.75
1325.0,-925.0,100.0,23.728813559322035,1.75
1375.0,-925.0,100.0,24.152542372881356,1.75
1425.0,-925.0,100.0,24.576271186440678,1.75
1475.0,-925.0,100.0,25.0,1.75
-1475.0,-875.0,100.0,0.0,1.75
-1425.0,-875.0,100.0,0.423728813559322,1.75
-1375.0,-875.0,100.0,0.847457627118644,1.75
-1325.0,-875.0,100.0,1.2711864406779663,1.75
-1275.0,-875.0,100.0,1.694915254237288,1.75
-1225.0,-875.0,100.0,2.11864406779661,1.75
-1175.0,-875.0,100.0,2.5423728813559325,1.75
-1125.0,-875.0,100.0,2.9661016949152543,1.75
-1075.0,-875.0,100.0,3.389830508474576,1.75
-1025.0,-875.0,100.0,3.8135593220338984,1.75
-975.0,-875.0,100.0,4.23728813559322,1.75
-925.0,-875.0,100.0,4.661016949152542,1.75
-875.0,-875.0,100.0,5.084745762711865,1.75
-825.0,-875.0,100.0,5.508474576271186,1.75
-775.0,-875.0,100.0,5.932203389830509,1.75
-725.0,-875.0,100.0,6.3559322033898304,1.75
-675.0,-875.0,100.0,6.779661016949152,1.75
-625.0,-875.0,100.0,7.203389830508475,1.75
-575.0,-875.0,100.0,7.627118644067797,1.75
-525.0,-875.0,100.0,8.050847457627118,1.75
-475.0,-875.0,100.0,8.47457627118644,1.75
-425.0,-875.0,100.0,8.898305084745763,1.75
-375.0,-875.0,100.0,9.322033898305085,1.75
-325.0,-875.0,100.0,9.745762711864407,1.75
-275.0,-875.0,100.0,10.16949152542373,1.75
-225.0,-875.0,100.0,10.59322033898305,1.75
-175.0,-875.0,100.0,11.016949152542372,1.75
-125.0,-875.0,100.0,11.440677966101696,1.75
-75.0,-875.0,100.0,11.864406779661017,1.75
-25.0,-875.0,100.0,12.288135593220339,1.75
25.0,-875.0,100.0,12.711864406779661,1.75
75.0,-875.0,100.0,13.135593220338984,1.75
125.0,-875.0,100.0,13.559322033898304,1.75
175.0,-875.0,100.0,13.983050847457626,1.75
225.0,-875.0,100.0,14.40677966101695,1.75
275.0,-875.0,100.0,14.83050847457627,1.75
325.0,-875.0,100.0,15.254237288135593,1.75
375.0,-875.0,100.0,15.677966101694915,1.75
425.0,-875.0,100.0,16.101694915254235,1.75
475.0,-875.0,100.0,16.52542372881356,1.75
525.0,-875.0,100.0,16.94915254237288,1.75
575.0,-875.0,100.0,17.372881355932204,1.75
625.0,-875.0,100.0,17.796610169491526,1.75
675.0,-875.0,100.0,18.220338983050848,1.75
725.0,-875.0,100.0,18.64406779661017,1.75
775.0,-875.0,100.0,19.06779661016949,1.75
825.0,-875.0,100.0,19.491525423728813,1.75
875.0,-875.0,100.0,19.915254237288135,1.75
925.0,-875.0,100.0,20.33898305084746,1.75
975.0,-875.0,100.0,20.76271186440678,1.75
1025.0,-875.0,100.0,21.1864406779661,1.75
1075.0,-875.0,100.0,21.610169491525426,1.75
1125.0,-875.0,100.0,22.033898305084744,1.75
1175.0,-875.0,100.0,22.45762711864407,1.75
1225.0,-875.0,100.0,22.88135593220339,1.75
1275.0,-875.0,100.0,23.30508474576271,1.75
1325.0,-875.0,100.0,23.728813559322035,1.75
1375.0,-875.0,100.0,24.152542372881356,1.75
1425.0,-875.0,100.0,24.576271186440678,1.75
1475.0,-875.0,100.0,25.0,1.75
-1475.0,-825.0,100.0,0.0,1.75
-1425.0,-825.0,100.0,0.423728813559322,1.75
-1375.0,-825.0,100.0,0.847457627118644,1.75
-1325.0,-825.0,100.0,1.2711864406779663,1.75
-1275.0,-825.0,100.0,1.694915254237288,1.75
-1225.0,-825.0,100.0,2.11864406779661,1.75
-1175.0,-825.0,100.0,2.5423728813559325,1.75
-1125.0,-825.0,100.0,2.9661016949152543,1.75
-1075.0,-825.0,100.0,3.389830508474576,1.75
-1025.0,-825.0,100.0,3.8135593220338984,1.75
-975.0,-825.0,100.0,4.23728813559322,1.75
-925.0,-825.0,100.0,4.661016949152542,1.75
-875.0,-825.0,100.0,5.084745762711865,1.75
-825.0,-825.0,100.0,5.508474576271186,1.75
-775.0,-825.0,100.0,5.932203389830509,1.75
-725.0,-825.0,100.0,6.3559322033898304,1.75
-675.0,-825.0,100.0,6.779661016949152,1.75
-625.0,-825.0,100.0,7.203389830508475,1.75
-575.0,-825.0,100.0,7.627118644067797,1.75
-525.0,-825.0,100.0,8.050847457627118,1.75
-475.0,-825.0,100.0,8.47457627118644,1.75
-425.0,-825.0,100.0,8.898305084745763,1.75
-375.0,-825.0,100.0,9.322033898305085,1.75
-325.0,-825.0,100.0,9.745762711864407,1.75
-275.0,-825.0,100.0,10.16949152542373,1.75
-225.0,-825.0,100.0,10.59322033898305,1.75
-175.0,-825.0,100.0,11.016949152542372,1.75
-125.0,-825.0,100.0,11.440677966101696,1.75
-75.0,-825.0,100.0,11.864406779661017,1.75
-25.0,-825.0,100.0,12.288135593220339,1.75
25.0,-825.0,100.0,12.711864406779661,1.75
75.0,-825.0,100.0,13.135593220338984,1.75
125.0,-825.0,100.0,13.559322033898304,1.75
175.0,-825.0,100.0,13.983050847457626,1.75
225.0,-825.0,100.0,14.40677966101695,1.75
275.0,-825.0,100.0,14.83050847457627,1.75
325.0,-825.0,100.0,15.254237288135593,1.75
375.0,-825.0,100.0,15.677966101694915,1.75
425.0,-825.0,100.0,16.101694915254235,1.75
475.0,-825.0,100.0,16.52542372881356,1.75
525.0,-825.0,100.0,16.94915254237288,1.75
575.0,-825.0,100.0,17.372881355932204,1.75
625.0,-825.0,100.0,17.796610169491526,1.75
675.0,-825.0,100.0,18.220338983050848,1.75
725.0,-825.0,100.0,18.64406779661017,1.75
775.0,-825.0,100.0,19.06779661016949,1.75
825.0,-825.0,100.0,19.491525423728813,1.75
875.0,-825.0,100.0,19.915254237288135,1.75
925.0,-825.0,100.0,20.33898305084746,1.75
975.0,-825.0,100.0,20.76271186440678,1.75
1025.0,-825.0,100.0,21.1864406779661,1.75
1075.0,-825.0,100.0,21.610169491525426,1.75
1125.0,-825.0,100.0,22.033898305084744,1.75
1175.0,-825.0,100.0,22.45762711864407,1.75
1225.0,-825.0,100.0,22.88135593220339,1.75
1275.0,-825.0,100.0,23.30508474576271,1.75
1325.0,-825.0,100.0,23.728813559322035,1.75
1375.0,-825.0,100.0,24.152542372881356,1.75
1425.0,-825.0,100.0,24.576271186440678,1.75
1475.0,-825.0,100.0,25.0,1.75
-1475.0,-775.0,100.0,0.0,1.75
-1425.0,-775.0,100.0,0.423728813559322,1.75
-1375.0,-775.0,100.0,0.847457627118644,1.75
-1325.0,-775.0,100.0,1.2711864406779663,1.75
-1275.0,-775.0,100.0,1.694915254237288,1.75
-1225.0,-775.0,100.0,2.11864406779661,1.75
-1175.0,-775.0,100.0,2.5423728813559325,1.75
-1125.0,-775.0,100.0,2.9661016949152543,1.75
-1075.0,-775.0,100.0,3.389830508474576,1.75
-1025.0,-775.0,100.0,3.8135593220338984,1.75
-975.0,-775.0,100.0,4.23728813559322,1.75
-925.0,-775.0,100.0,4.661016949152542,1.75
-875.0,-775.0,100.0,5.084745762711865,1.75
-825.0,-775.0,100.0,5.508474576271186,1.75
-775.0,-775.0,100.0,5.932203389830509,1.75
-725.0,-775.0,100.0,6.3559322033898304,1.75
-675.0,-775.0,100.0,6.779661016949152,1.75
-625.0,-775.0,100.0,7.203389830508475,1.75
-575.0,-775.0,100.0,7.627118644067797,1.75
-525.0,-775.0,100.0,8.050847457627118,1.75
-475.0,-775.0,100.0,8.47457627118644,1.75
-425.0,-775.0,100.0,8.898305084745763,1.75
-375.0,-775.0,100.0,9.322033898305085,1.75
-325.0,-775.0,100.0,9.745762711864407,1.75
-275.0,-775.0,100.0,10.16949152542373,1.75
-225.0,-775.0,100.0,10.59322033898305,1.75
-175.0,-775.0,100.0,11.016949152542372,1.75
-125.0,-775.0,100.0,11.440677966101696,1.75
-75.0,-775.0,100.0,11.864406779661017,1.75
-25.0,-775.0,100.0,12.288135593220339,1.75
25.0,-775.0,100.0,12.711864406779661,1.75
75.0,-775.0,100.0,13.135593220338984,1.75
125.0,-775.0,100.0,13.559322033898304,1.75
175.0,-775.0,100.0,13.983050847457626,1.75
225.0,-775.0,100.0,14.40677966101695,1.75
275.0,-775.0,100.0,14.83050847457627,1.75
325.0,-775.0,100.0,15.254237288135593,1.75
375.0,-775.0,100.0,15.677966101694915,1.75
425.0,-775.0,100.0,16.101694915254235,1.75
475.0,-775.0,100.0,16.52542372881356,1.75
525.0,-775.0,100.0,16.94915254237288,1.75
575.0,-775.0,100.0,17.372881355932204,1.75
625.0,-775.0,100.0,17.796610169491526,1.75
675.0,-775.0,100.0,18.220338983050848,1.75
725.0,-775.0,100.0,18.64406779661017,1.75
775.0,-775.0,100.0,19.06779661016949,1.75
825.0,-775.0,100.0,19.491525423728813,1.75
875.0,-775.0,100.0,19.915254237288135,1.75
925.0,-775.0,100.0,20.33898305084746,1.75
975.0,-775.0,100.0,20.76271186440678,1.75
1025.0,-775.0,100.0,21.1864406779661,1.75
1075.0,-775.0,100.0,21.610169491525426,1.75
1125.0,-775.0,100.0,22.033898305084744,1.75
1175.0,-775.0,100.0,22.45762711864407,1.75
1225.0,-775.0,100.0,22.88135593220339,1.75
1275.0,-775.0,100.0,23.30508474576271,1.75
1325.0,-775.0,100.0,23.728813559322035,1.75
1375.0,-775.0,100.0,24.152542372881356,1.75
1425.0,-775.0,100.0,24.576271186440678,1.75
1475.0,-775.0,100.0,25.0,1.75
-1475.0,-725.0,100.0,0.0,1.75
-1425.0,-725.0,100.0,0.423728813559322,1.75
-1375.0,-725.0,100.0,0.847457627118644,1.75
-1325.0,-725.0,100.0,1.2711864406779663,1.75
-1275.0,-725.0,100.0,1.694915254237288,1.75
-1225.0,-725.0,100.0,2.11864406779661,1.75
-1175.0,-725.0,100.0,2.5423728813559325,1.75
-1125.0,-725.0,100.0,2.9661016949152543,1.75
-1075.0,-725.0,100.0,3.389830508474576,1.75
-1025.0,-725.0,100.0,3.8135593220338984,1.75
-975.0,-725.0,100.0,4.23728813559322,1.75
-925.0,-725.0,100.0,4.661016949152542,1.75
-875.0,-725.0,100.0,5.084745762711865,1.75
-825.0,-725.0,100.0,5.508474576271186,1.75
-775.0,-725.0,100.0,5.932203389830509,1.75
-725.0,-725.0,100.0,6.3559322033898304,1.75
-675.0,-725.0,100.0,6.779661016949152,1.75
-625.0,-725.0,100.0,7.203389830508475,1.75
-575.0,-725.0,100.0,7.627118644067797,1.75
-525.0,-725.0,100.0,8.050847457627118,1.75
-475.0,-725.0,100.0,8.47457627118644,1.75
-425.0,-725.0,100.0,8.898305084745763,1.75
-375.0,-725.0,100.0,9.322033898305085,1.75
-325.0,-725.0,100.0,9.745762711864407,1.75
-275.0,-725.0,100.0,10.16949152542373,1.75
-225.0,-725.0,100.0,10.59322033898305,1.75
-175.0,-725.0,100.0,11.016949152542372,1.75
-125.0,-725.0,100.0,11.440677966101696,1.75
-75.0,-725.0,100.0,11.864406779661017,1.75
-25.0,-725.0,100.0,12.288135593220339,1.75
25.0,-725.0,100.0,12.711864406779661,1.75
75.0,-725.0,100.0,13.135593220338984,1.75
125.0,-725.0,100.0,13.559322033898304,1.75
175.0,-725.0,100.0,13.983050847457626,1.75
225.0,-725.0,100.0,14.40677966101695,1.75
275.0,-725.0,100.0,14.83050847457627,1.75
325.0,-725.0,100.0,15.254237288135593,1.75
375.0,-725.0,100.0,15.677966101694915,1.75
425.0,-725.0,100.0,16.101694915254235,1.75
475.0,-725.0,100.0,16.52542372881356,1.75
525.0,-725.0,100.0,16.94915254237288,1.75
575.0,-725.0,100.0,17.372881355932204,1.75
625.0,-725.0,100.0,17.796610169491526,1.75
675.0,-725.0,100.0,18.220338983050848,1.75
725.0,-725.0,100.0,18.64406779661017,1.75
775.0,-725.0,100.0,19.06779661016949,1.75
825.0,-725.0,100.0,19.491525423728813,1.75
875.0,-725.0,100.0,19.915254237288135,1.75
925.0,-725.0,100.0,20.33898305084746,1.75
975.0,-725.0,100.0,20.76271186440678,1.75
1025.0,-725.0,100.0,21.1864406779661,1.75
1075.0,-725.0,100.0,21.610169491525426,1.75
1125.0,-725.0,100.0,22.033898305084744,1.75
1175.0,-725.0,100.0,22.45762711864407,1.75
1225.0,-725.0,100.0,22.88135593220339,1.75
1275.0,-725.0,100.0,23.30508474576271,1.75
1325.0,-725.0,100.0,23.728813559322035,1.75
1375.0,-725.0,100.0,24.152542372881356,1.75
1425.0,-725.0,100.0,24.576271186440678,1.75
1475.0,-725.0,100.0,25.0,1.75
-1475.0,-675.0,100.0,0.0,1.75
-1425.0,-675.0,100.0,0.423728813559322,1.75
-1375.0,-675.0,100.0,0.847457627118644,1.75
-1325.0,-675.0,100.0,1.2711864406779663,1.75
-1275.0,-675.0,100.0,1.694915254237288,1.75
-1225.0,-675.0,100.0,2.11864406779661,1.75
-1175.0,-675.0,100.0,2.5423728813559325,1.75
-1125.0,-675.0,100.0,2.9661016949152543,1.75
-1075.0,-675.0,100.0,3.389830508474576,1.75
-1025.0,-675.0,100.0,3.8135593220338984,1.75
-975.0,-675.0,100.0,4.23728813559322,1.75
-925.0,-675.0,100.0,4.661016949152542,1.75
-875.0,-675.0,100.0,5.084745762711865,1.75
-825.0,-675.0,100.0,5.508474576271186,1.75
-775.0,-675.0,100.0,5.932203389830509,1.75
-725.0,-675.0,100.0,6.3559322033898304,1.75
-675.0,-675.0,100.0,6.779661016949152,1.75
-625.0,-675.0,100.0,7.203389830508475,1.75
-575.0,-675.0,100.0,7.627118644067797,1.75
-525.0,-675.0,100.0,8.050847457627118,1.75
-475.0,-675.0,100.0,8.47457627118644,1.75
-425.0,-675.0,100.0,8.898305084745763,1.75
-375.0,-675.0,100.0,9.322033898305085,1.75
-325.0,-675.0,100.0,9.745762711864407,1.75
-275.0,-675.0,100.0,10.16949152542373,1.75
-225.0,-675.0,100.0,10.59322033898305,1.75
-175.0,-675.0,100.0,11.016949152542372,1.75
-125.0,-675.0,100.0,11.440677966101696,1.75
-75.0,-675.0,100.0,11.864406779661017,1.75
-25.0,-675.0,100.0,12.288135593220339,1.75
25.0,-675.0,100.0,12.711864406779661,1.75
75.0,-675.0,100.0,13.135593220338984,1.75
125.0,-675.0,100.0,13.559322033898304,1.75
175.0,-675.0,100.0,13.983050847457626,1.75
225.0,-675.0,100.0,14.40677966101695,1.75
275.0,-675.0,100.0,14.83050847457627,1.75
325.0,-675.0,100.0,15.254237288135593,1.75
375.0,-675.0,100.0,15.677966101694915,1.75
425.0,-675.0,100.0,16.101694915254235,1.75
475.0,-675.0,100.0,16.52542372881356,1.75
525.0,-675.0,100.0,16.94915254237288,1.75
575.0,-675.0,100.0,17.372881355932204,1.75
625.0,-675.0,100.0,17.796610169491526,1.75
675.0,-675.0,100.0,18.220338983050848,1.75
725.0,-675.0,100.0,18.64406779661017,1.75
775.0,-675.0,100.0,19.06779661016949,1.75
825.0,-675.0,100.0,19.491525423728813,1.75
875.0,-675.0,100.0,19.915254237288135,1.75
925.0,-675.0,100.0,20.33898305084746,1.75
975.0,-675.0,100.0,20.76271186440678,1.75
1025.0,-675.0,100.0,21.1864406779661,1.75
1075.0,-675.0,100.0,21.610169491525426,1.75
1125.0,-675.0,100.0,22.033898305084744,1.75
1175.0,-675.0,100.0,22.45762711864407,1.75
1225.0,-675.0,100.0,22.88135593220339,1.75
1275.0,-675.0,100.0,23.30508474576271,1.75
1325.0,-675.0,100.0,23.728813559322035,1.75
1375.0,-675.0,100.0,24.152542372881356,1.75
1425.0,-675.0,100.0,24.576271186440678,1.75
1475.0,-675.0,100.0,25.0,1.75
-1475.0,-625.0,100.0,0.0,1.75
-1425.0,-625.0,100.0,0.423728813559322,1.75
-1375.0,-625.0,100.0,0.847457627118644,1.75
-1325.0,-625.0,100.0,1.2711864406779663,1.75
-1275.0,-625.0,100.0,1.694915254237288,1.75
-1225.0,-625.0,100.0,2.11864406779661,1.75
-1175.0,-625.0,100.0,2.5423728813559325,1.75
-1125.0,-625.0,100.0,2.9661016949152543,1.75
-1075.0,-625.0,100.0,3.389830508474576,1.75
-1025.0,-625.0,100.0,3.8135593220338984,1.75
-975.0,-625.0,100.0,4.23728813559322,1.75
-925.0,-625.0,100.0,4.661016949152542,1.75
-875.0,-625.0,100.0,5.084745762711865,1.75
-825.0,-625.0,100.0,5.508474576271186,1.75
-775.0,-625.0,100.0,5.932203389830509,1.75
-725.0,-625.0,100.0,6.3559322033898304,1.75
-675.0,-625.0,100.0,6.779661016949152,1.75
-625.0,-625.0,100.0,7.203389830508475,1.75
-575.0,-625.0,100.0,7.627118644067797,1.75
-525.0,-625.0,100.0,8.050847457627118,1.75
-475.0,-625.0,100.0,8.47457627118644,1.75
-425.0,-625.0,100.0,8.898305084745763,1.75
-375.0,-625.0,100.0,9.322033898305085,1.75
-325.0,-625.0,100.0,9.745762711864407,1.75
-275.0,-625.0,100.0,10.16949152542373,1.75
-225.0,-625.0,100.0,10.59322033898305,1.75
-175.0,-625.0,100.0,11.016949152542372,1.75
-125.0,-625.0,100.0,11.440677966101696,1.75
-75.0,-625.0,100.0,11.864406779661017,1.75
-25.0,-625.0,100.0,12.288135593220339,1.75
25.0,-625.0,100.0,12.711864406779661,1.75
75.0,-625.0,100.0,13.135593220338984,1.75
125.0,-625.0,100.0,13.559322033898304,1.75
175.0,-625.0,100.0,13.983050847457626,1.75
225.0,-625.0,100.0,14.40677966101695,1.75
275.0,-625.0,100.0,14.83050847457627,1.75
325.0,-625.0,100.0,15.254237288135593,1.75
375.0,-625.0,100.0,15.677966101694915,1.75
425.0,-625.0,100.0,16.101694915254235,1.75
475.0,-625.0,100.0,16.52542372881356,1.75
525.0,-625.0,100.0,16.94915254237288,1.75
575.0,-625.0,100.0,17.372881355932204,1.75
625.0,-625.0,100.0,17.796610169491526,1.75
675.0,-625.0,100.0,18.220338983050848,1.75
725.0,-625.0,100.0,18.64406779661017,1.75
775.0,-625.0,100.0,19.06779661016949,1.75
825.0,-625.0,100.0,19.491525423728813,1.75
875.0,-625.0,100.0,19.915254237288135,1.75
925.0,-625.0,100.0,20.33898305084746,1.75
975.0,-625.0,100.0,20.76271186440678,1.75
1025.0,-625.0,100.0,21.1864406779661,1.75
1075.0,-625.0,100.0,21.610169491525426,1.75
1125.0,-625.0,100.0,22.033898305084744,1.75
1175.0,-625.0,100.0,22.45762711864407,1.75
1225.0,-625.0,100.0,22.88135593220339,1.75
1275.0,-625.0,100.0,23.30508474576271,1.75
1325.0,-625.0,100.0,23.728813559322035,1.75
1375.0,-625.0,100.0,24.152542372881356,1.75
1425.0,-625.0,100.0,24.576271186440678,1.75
1475.0,-625.0,100.0,25.0,1.75
-1475.0,-575.0,100.0,0.0,1.75
-1425.0,-575.0,100.0,0.423728813559322,1.75
-1375.0,-575.0,100.0,0.847457627118644,1.75
-1325.0,-575.0,100.0,1.2711864406779663,1.75
-1275.0,-575.0,100.0,1.694915254237288,1.75
-1225.0,-575.0,100.0,2.11864406779661,1.75
-1175.0,-575.0,100.0,2.5423728813559325,1.75
-1125.0,-575.0,100.0,2.9661016949152543,1.75
-1075.0,-575.0,100.0,3.389830508474576,1.75
-1025.0,-575.0,100.0,3.8135593220338984,1.75
-975.0,-575.0,100.0,4.23728813559322,1.75
-925.0,-575.0,100.0,4.661016949152542,1.75
-875.0,-575.0,100.0,5.084745762711865,1.75
-825.0,-575.0,100.0,5.508474576271186,1.75
-775.0,-575.0,100.0,5.932203389830509,1.75
-725.0,-575.0,100.0,6.3559322033898304,1.75
-675.0,-575.0,100.0,6.779661016949152,1.75
-625.0,-575.0,100.0,7.203389830508475,1.75
-575.0,-575.0,100.0,7.627118644067797,1.75
-525.0,-575.0,100.0,8.050847457627118,1.75
-475.0,-575.0,100.0,8.47457627118644,1.75
-425.0,-575.0,100.0,8.898305084745763,1.75
-375.0,-575.0,100.0,9.322033898305085,1.75
-325.0,-575.0,100.0,9.745762711864407,1.75
-275.0,-575.0,100.0,10.16949152542373,1.75
-225.0,-575.0,100.0,10.59322033898305,1.75
-175.0,-575.0,100.0,11.016949152542372,1.75
-125.0,-575.0,100.0,11.440677966101696,1.75
-75.0,-575.0,100.0,11.864406779661017,1.75
-25.0,-575.0,100.0,12.288135593220339,1.75
25.0,-575.0,100.0,12.711864406779661,1.75
75.0,-575.0,100.0,13.135593220338984,1.75
125.0,-575.0,100.0,13.559322033898304,1.75
175.0,-575.0,100.0,13.983050847457626,1.75
225.0,-575.0,100.0,14.40677966101695,1.75
275.0,-575.0,100.0,14.83050847457627,1.75
325.0,-575.0,100.0,15.254237288135593,1.75
375.0,-575.0,100.0,15.677966101694915,1.75
425.0,-575.0,100.0,16.101694915254235,1.75
475.0,-575.0,100.0,16.52542372881356,1.75
525.0,-575.0,100.0,16.94915254237288,1.75
575.0,-575.0,100.0,17.372881355932204,1.75
625.0,-575.0,100.0,17.796610169491526,1.75
675.0,-575.0,100.0,18.220338983050848,1.75
725.0,-575.0,100.0,18.64406779661017,1.75
775.0,-575.0,100.0,19.06779661016949,1.75
825.0,-575.0,100.0,19.491525423728813,1.75
875.0,-575.0,100.0,19.915254237288135,1.75
925.0,-575.0,100.0,20.33898305084746,1.75
975.0,-575.0,100.0,20.76271186440678,1.75
1025.0,-575.0,100.0,21.1864406779661,1.75
1075.0,-575.0,100.0,21.610169491525426,1.75
1125.0,-575.0,100.0,22.033898305084744,1.75
1175.0,-575.0,100.0,22.45762711864407,1.75
1225.0,-575.0,100.0,22.88135593220339,1.75
1275.0,-575.0,100.0,23.30508474576271,1.75
1325.0,-575.0,100.0,23.728813559322035,1.75
1375.0,-575.0,100.0,24.152542372881356,1.75
1425.0,-575.0,100.0,24.576271186440678,1.75
1475.0,-575.0,100.0,25.0,1.75
-1475.0,-525.0,100.0,0.0,1.75
-1425.0,-525.0,100.0,0.423728813559322,1.75
-1375.0,-525.0,100.0,0.847457627118644,1.75
-1325.0,-525.0,100.0,1.2711864406779663,1.75
-1275.0,-525.0,100.0,1.694915254237288,1.75
-1225.0,-525.0,100.0,2.11864406779661,1.75
-1175.0,-525.0,100.0,2.5423728813559325,1.75
-1125.0,-525.0,100.0,2.9661016949152543,1.75
-1075.0,-525.0,100.0,3.389830508474576,1.75
-1025.0,-525.0,100.0,3.8135593220338984,1.75
-975.0,-525.0,100.0,4.23728813559322,1.75
-925.0,-525.0,100.0,4.661016949152542,1.75
-875.0,-525.0,100.0,5.084745762711865,1.75
-825.0,-525.0,100.0,5.508474576271186,1.75
-775.0,-525.0,100.0,5.932203389830509,1.75
-725.0,-525.0,100.0,6.3559322033898304,1.75
-675.0,-525.0,100.0,6.779661016949152,1.75
-625.0,-525.0,100.0,7.203389830508475,1.75
-575.0,-525.0,100.0,7.627118644067797,1.75
-525.0,-525.0,100.0,8.050847457627118,1.75
-475.0,-525.0,100.0,8.47457627118644,1.75
-425.0,-525.0,100.0,8.898305084745763,1.75
-375.0,-525.0,100.0,9.322033898305085,1.75
-325.0,-525.0,100.0,9.745762711864407,1.75
-275.0,-525.0,100.0,10.16949152542373,1.75
-225.0,-525.0,100.0,10.59322033898305,1.75
-175.0,-525.0,100.0,11.016949152542372,1.75
-125.0,-525.0,100.0,11.440677966101696,1.75
-75.0,-525.0,100.0,11.864406779661017,1.75
-25.0,-525.0,100.0,12.288135593220339,1.75
25.0,-525.0,100.0,12.711864406779661,1.75
75.0,-525.0,100.0,13.135593220338984,1.75
125.0,-525.0,100.0,13.559322033898304,1.75
175.0,-525.0,100.0,13.983050847457626,1.75
225.0,-525.0,100.0,14.40677966101695,1.75
275.0,-525.0,100.0,14.83050847457627,1.75
325.0,-525.0,100.0,15.254237288135593,1.75
375.0,-525.0,100.0,15.677966101694915,1.75
425.0,-525.0,100.0,16.101694915254235,1.75
475.0,-525.0,100.0,16.52542372881356,1.75
525.0,-525.0,100.0,16.94915254237288,1.75
575.0,-525.0,100.0,17.372881355932204,1.75
625.0,-525.0,100.0,17.796610169491526,1.75
675.0,-525.0,100.0,18.220338983050848,1.75
725.0,-525.0,100.0,18.64406779661017,1.75
775.0,-525.0,100.0,19.06779661016949,1.75
825.0,-525.0,100.0,19.491525423728813,1.75
875.0,-525.0,100.0,19.915254237288135,1.75
925.0,-525.0,100.0,20.33898305084746,1.75
975.0,-525.0,100.0,20.76271186440678,1.75
1025.0,-525.0,100.0,21.1864406779661,1.75
1075.0,-525.0,100.0,21.610169491525426,1.75
1125.0,-525.0,100.0,22.033898305084744,1.75
1175.0,-525.0,100.0,22.45762711864407,1.75
1225.0,-525.0,100.0,22.88135593220339,1.75
1275.0,-525.0,100.0,23.30508474576271,1.75
1325.0,-525.0,100.0,23.728813559322035,1.75
1375.0,-525.0,100.0,24.152542372881356,1.75
1425.0,-525.0,100.0,24.576271186440678,1.75
1475.0,-525.0,100.0,25.0,1.75
-1475.0,-475.0,100.0,0.0,1.75
-1425.0,-475.0,100.0,0.423728813559322,1.75
-1375.0,-475.0,100.0,0.847457627118644,1.75
-1325.0,-475.0,100.0,1.2711864406779663,1.75
-1275.0,-475.0,100.0,1.694915254237288,1.75
-1225.0,-475.0,100.0,2.11864406779661,1.75
-1175.0,-475.0,100.0,2.5423728813559325,1.75
-1125.0,-475.0,100.0,2.9661016949152543,1.75
-1075.0,-475.0,100.0,3.389830508474576,1.75
-1025.0,-475.0,100.0,3.8135593220338984,1.75
-975.0,-475.0,100.0,4.23728813559322,1.75
-925.0,-475.0,100.0,4.661016949152542,1.75
-875.0,-475.0,100.0,5.084745762711865,1.75
-825.0,-475.0,100.0,5.508474576271186,1.75
-775.0,-475.0,100.0,5.932203389830509,1.75
-725.0,-475.0,100.0,6.3559322033898304,1.75
-675.0,-475.0,100.0,6.779661016949152,1.75
-625.0,-475.0,100.0,7.203389830508475,1.75
-575.0,-475.0,100.0,7.627118644067797,1.75
-525.0,-475.0,100.0,8.050847457627118,1.75
-475.0,-475.0,100.0,8.47457627118644,1.75
-425.0,-475.0,100.0,8.898305084745763,1.75
-375.0,-475.0,100.0,9.322033898305085,1.75
-325.0,-475.0,100.0,9.745762711864407,1.75
-275.0,-475.0,100.0,10.16949152542373,1.75
-225.0,-475.0,100.0,10.59322033898305,1.75
-175.0,-475.0,100.0,11.016949152542372,1.75
-125.0,-475.0,100.0,11.440677966101696,1.75
-75.0,-475.0,100.0,11.864406779661017,1.75
-25.0,-475.0,100.0,12.288135593220339,1.75
25.0,-475.0,100.0,12.711864406779661,1.75
75.0,-475.0,100.0,13.135593220338984,1.75
125.0,-475.0,100.0,13.559322033898304,1.75
175.0,-475.0,100.0,13.983050847457626,1.75
225.0,-475.0,100.0,14.40677966101695,1.75
275.0,-475.0,100.0,14.83050847457627,1.75
325.0,-475.0,100.0,15.254237288135593,1.75
375.0,-475.0,100.0,15.677966101694915,1.75
425.0,-475.0,100.0,16.101694915254235,1.75
475.0,-475.0,100.0,16.52542372881356,1.75
525.0,-475.0,100.0,16.94915254237288,1.75
575.0,-475.0,100.0,17.372881355932204,1.75
625.0,-475.0,100.0,17.796610169491526,1.75
675.0,-475.0,100.0,18.220338983050848,1.75
725.0,-475.0,100.0,18.64406779661017,1.75
775.0,-475.0,100.0,19.06779661016949,1.75
825.0,-475.0,100.0,19.491525423728813,1.75
875.0,-475.0,100.0,19.915254237288135,1.75
925.0,-475.0,100.0,20.33898305084746,1.75
975.0,-475.0,100.0,20.76271186440678,1.75
1025.0,-475.0,100.0,21.1864406779661,1.75
1075.0,-475.0,100.0,21.610169491525426,1.75
1125.0,-475.0,100.0,22.033898305084744,1.75
1175.0,-475.0,100.0,22.45762711864407,1.75
1225.0,-475.0,100.0,22.88135593220339,1.75
1275.0,-475.0,100.0,23.30508474576271,1.75
1325.0,-475.0,100.0,23.728813559322035,1.75
1375.0,-475.0,100.0,24.152542372881356,1.75
1425.0,-475.0,100.0,24.576271186440678,1.75
1475.0,-475.0,100.0,25.0,1.75
-1475.0,-425.0,100.0,0.0,1.75
-1425.0,-425.0,100.0,0.423728813559322,1.75
-1375.0,-425.0,100.0,0.847457627118644,1.75
-1325.0,-425.0,100.0,1.2711864406779663,1.75
-1275.0,-425.0,100.0,1.694915254237288,1.75
-1225.0,-425.0,100.0,2.11864406779661,1.75
-1175.0,-425.0,100.0,2.5423728813559325,1.75
-1125.0,-425.0,100.0,2.9661016949152543,1.75
-1075.0,-425.0,100.0,3.389830508474576,1.75
-1025.0,-425.0,100.0,3.8135593220338984,1.75
-975.0,-425.0,100.0,4.23728813559322,1.75
-925.0,-425.0,100.0,4.661016949152542,1.75
-875.0,-425.0,100.0,5.084745762711865,1.75
-825.0,-425.0,100.0,5.508474576271186,1.75
-775.0,-425.0,100.0,5.932203389830509,1.75
-725.0,-425.0,100.0,6.3559322033898304,1.75
-675.0,-425.0,100.0,6.779661016949152,1.75
-625.0,-425.0,100.0,7.203389830508475,1.75
-575.0,-425.0,100.0,7.627118644067797,1.75
-525.0,-425.0,100.0,8.050847457627118,1.75
-475.0,-425.0,100.0,8.47457627118644,1.75
-425.0,-425.0,100.0,8.898305084745763,1.75
-375.0,-425.0,100.0,9.322033898305085,1.75
-325.0,-425.0,100.0,9.745762711864407,1.75
-275.0,-425.0,100.0,10.16949152542373,1.75
-225.0,-425.0,100.0,10.59322033898305,1.75
-175.0,-425.0,100.0,11.016949152542372,1.75
-125.0,-425.0,100.0,11.440677966101696,1.75
-75.0,-425.0,100.0,11.864406779661017,1.75
-25.0,-425.0,100.0,12.288135593220339,1.75
25.0,-425.0,100.0,12.711864406779661,1.75
75.0,-425.0,100.0,13.135593220338984,1.75
125.0,-425.0,100.0,13.559322033898304,1.75
175.0,-425.0,100.0,13.983050847457626,1.75
225.0,-425.0,100.0,14.40677966101695,1.75
275.0,-425.0,100.0,14.83050847457627,1.75
325.0,-425.0,100.0,15.254237288135593,1.75
375.0,-425.0,100.0,15.677966101694915,1.75
425.0,-425.0,100.0,16.101694915254235,1.75
475.0,-425.0,100.0,16.52542372881356,1.75
525.0,-425.0,100.0,16.94915254237288,1.75
575.0,-425.0,100.0,17.372881355932204,1.75
625.0,-425.0,100.0,17.796610169491526,1.75
675.0,-425.0,100.0,18.220338983050848,1.75
725.0,-425.0,100.0,18.64406779661017,1.75
775.0,-425.0,100.0,19.06779661016949,1.75
825.0,-425.0,100.0,19.491525423728813,1.75
875.0,-425.0,100.0,19.915254237288135,1.75
925.0,-425.0,100.0,20.33898305084746,1.75
975.0,-425.0,100.0,20.76271186440678,1.75
1025.0,-425.0,100.0,21.1864406779661,1.75
1075.0,-425.0,100.0,21.610169491525426,1.75
1125.0,-425.0,100.0,22.033898305084744,1.75
1175.0,-425.0,100.0,22.45762711864407,1.75
1225.0,-425.0,100.0,22.88135593220339,1.75
1275.0,-425.0,100.0,23.30508474576271,1.75
1325.0,-425.0,100.0,23.728813559322035,1.75
1375.0,-425.0,100.0,24.152542372881356,1.75
1425.0,-425.0,100.0,24.576271186440678,1.75
1475.0,-425.0,100.0,25.0,1.75
-1475.0,-375.0,100.0,0.0,1.75
-1425.0,-375.0,100.0,0.423728813559322,1.75
-1375.0,-375.0,100.0,0.847457627118644,1.75
-1325.0,-375.0,100.0,1.2711864406779663,1.75
-1275.0,-375.0,100.0,1.694915254237288,1.75
-1225.0,-375.0,100.0,2.11864406779661,1.75
-1175.0,-375.0,100.0,2.5423728813559325,1.75
-1125.0,-375.0,100.0,2.9661016949152543,1.75
-1075.0,-375.0,100.0,3.389830508474576,1.75
-1025.0,-375.0,100.0,3.8135593220338984,1.75
-975.0,-375.0,100.0,4.23728813559322,1.75
-925.0,-375.0,100.0,4.661016949152542,1.75
-875.0,-375.0,100.0,5.084745762711865,1.75
-825.0,-375.0,100.0,5.508474576271186,1.75
-775.0,-375.0,100.0,5.932203389830509,1.75
-725.0,-375.0,100.0,6.3559322033898304,1.75
-675.0,-375.0,100.0,6.779661016949152,1.75
-625.0,-375.0,100.0,7.203389830508475,1.75
-575.0,-375.0,100.0,7.627118644067797,1.75
-525.0,-375.0,100.0,8.050847457627118,1.75
-475.0,-375.0,100.0,8.47457627118644,1.75
-425.0,-375.0,100.0,8.898305084745763,1.75
-375.0,-375.0,100.0,9.322033898305085,1.75
-325.0,-375.0,100.0,9.745762711864407,1.75
-275.0,-375.0,100.0,10.16949152542373,1.75
-225.0,-375.0,100.0,10.59322033898305,1.75
-175.0,-375.0,100.0,11.016949152542372,1.75
-125.0,-375.0,100.0,11.440677966101696,1.75
-75.0,-375.0,100.0,11.864406779661017,1.75
-25.0,-375.0,100.0,12.288135593220339,1.75
25.0,-375.0,100.0,12.711864406779661,1.75
75.0,-375.0,100.0,13.135593220338984,1.75
125.0,-375.0,100.0,13.559322033898304,1.75
175.0,-375.0,100.0,13.983050847457626,1.75
225.0,-375.0,100.0,14.40677966101695,1.75
275.0,-375.0,100.0,14.83050847457627,1.75
325.0,-375.0,100.0,15.254237288135593,1.75
375.0,-375.0,100.0,15.677966101694915,1.75
425.0,-375.0,100.0,16.101694915254235,1.75
475.0,-375.0,100.0,16.52542372881356,1.75
525.0,-375.0,100.0,16.94915254237288,1.75
575.0,-375.0,100.0,17.372881355932204,1.75
625.0,-375.0,100.0,17.796610169491526,1.75
675.0,-375.0,100.0,18.220338983050848,1.75
725.0,-375.0,100.0,18.64406779661017,1.75
775.0,-375.0,100.0,19.06779661016949,1.75
825.0,-375.0,100.0,19.491525423728813,1.75
875.0,-375.0,100.0,19.915254237288135,1.75
925.0,-375.0,100.0,20.33898305084746,1.75
975.0,-375.0,100.0,20.76271186440678,1.75
1025.0,-375.0,100.0,21.1864406779661,1.75
1075.0,-375.0,100.0,21.610169491525426,1.75
1125.0,-375.0,100.0,22.033898305084744,1.75
1175.0,-375.0,100.0,22.45762711864407,1.75
1225.0,-375.0,100.0,22.88135593220339,1.75
1275.0,-375.0,100.0,23.30508474576271,1.75
1325.0,-375.0,100.0,23.728813559322035,1.75
1375.0,-375.0,100.0,24.152542372881356,1.75
1425.0,-375.0,100.0,24.576271186440678,1.75
1475.0,-375.0,100.0,25.0,1.75
-1475.0,-325.0,100.0,0.0,1.75
-1425.0,-325.0,100.0,0.423728813559322,1.75
-1375.0,-325.0,100.0,0.847457627118644,1.75
-1325.0,-325.0,100.0,1.2711864406779663,1.75
-1275.0,-325.0,100.0,1.694915254237288,1.75
-1225.0,-325.0,100.0,2.11864406779661,1.75
-1175.0,-325.0,100.0,2.5423728813559325,1.75
-1125.0,-325.0,100.0,2.9661016949152543,1.75
-1075.0,-325.0,100.0,3.389830508474576,1.75
-1025.0,-325.0,100.0,3.8135593220338984,1.75
-975.0,-325.0,100.0,4.23728813559322,1.75
-925.0,-325.0,100.0,4.661016949152542,1.75
-875.0,-325.0,100.0,5.084745762711865,1.75
-825.0,-325.0,100.0,5.508474576271186,1.75
-775.0,-325.0,100.0,5.932203389830509,1.75
-725.0,-325.0,100.0,6.3559322033898304,1.75
-675.0,-325.0,100.0,6.779661016949152,1.75
-625.0,-325.0,100.0,7.203389830508475,1.75
-575.0,-325.0,100.0,7.627118644067797,1.75
-525.0,-325.0,100.0,8.050847457627118,1.75
-475.0,-325.0,100.0,8.47457627118644,1.75
-425.0,-325.0,100.0,8.898305084745763,1.75
-375.0,-325.0,100.0,9.322033898305085,1.75
-325.0,-325.0,100.0,9.745762711864407,1.75
-275.0,-325.0,100.0,10.16949152542373,1.75
-225.0,-325.0,100.0,10.59322033898305,1.75
-175.0,-325.0,100.0,11.016949152542372,1.75
-125.0,-325.0,100.0,11.440677966101696,1.75
-75.0,-325.0,100.0,11.864406779661017,1.75
-25.0,-325.0,100.0,12.288135593220339,1.75
25.0,-325.0,100.0,12.711864406779661,1.75
75.0,-325.0,100.0,13.135593220338984,1.75
125.0,-325.0,100.0,13.559322033898304,1.75
175.0,-325.0,100.0,13.983050847457626,1.75
225.0,-325.0,100.0,14.40677966101695,1.75
275.0,-325.0,100.0,14.83050847457627,1.75
325.0,-325.0,100.0,15.254237288135593,1.75
375.0,-325.0,100.0,15.677966101694915,1.75
425.0,-325.0,100.0,16.101694915254235,1.75
475.0,-325.0,100.0,16.52542372881356,1.75
525.0,-325.0,100.0,16.94915254237288,1.75
575.0,-325.0,100.0,17.372881355932204,1.75
625.0,-325.0,100.0,17.796610169491526,1.75
675.0,-325.0,100.0,18.220338983050848,1.75
725.0,-325.0,100.0,18.64406779661017,1.75
775.0,-325.0,100.0,19.06779661016949,1.75
825.0,-325.0,100.0,19.491525423728813,1.75
875.0,-325.0,100.0,19.915254237288135,1.75
925.0,-325.0,100.0,20.33898305084746,1.75
975.0,-325.0,100.0,20.76271186440678,1.75
1025.0,-325.0,100.0,21.1864406779661,1.75
1075.0,-325.0,100.0,21.610169491525426,1.75
1125.0,-325.0,100.0,22.033898305084744,1.75
1175.0,-325.0,100.0,22.45762711864407,1.75
1225.0,-325.0,100.0,22.88135593220339,1.75
1275.0,-325.0,100.0,23.30508474576271,1.75
1325.0,-325.0,100.0,23.728813559322035,1.75
1375.0,-325.0,100.0,24.152542372881356,1.75
1425.0,-325.0,100.0,24.576271186440678,1.75
1475.0,-325.0,100.0,25.0,1.75
-1475.0,-275.0,100.0,0.0,1.75
-1425.0,-275.0,100.0,0.423728813559322,1.75
-1375.0,-275.0,100.0,0.847457627118644,1.75
-1325.0,-275.0,100.0,1.2711864406779663,1.75
-1275.0,-275.0,100.0,1.694915254237288,1.75
-1225.0,-275.0,100.0,2.11864406779661,1.75
-1175.0,-275.0,100.0,2.5423728813559325,1.75
-1125.0,-275.0,100.0,2.9661016949152543,1.75
-1075.0,-275.0,100.0,3.389830508474576,1.75
-1025.0,-275.0,100.0,3.8135593220338984,1.75
-975.0,-275.0,100.0,4.23728813559322,1.75
-925.0,-275.0,100.0,4.661016949152542,1.75
-875.0,-275.0,100.0,5.084745762711865,1.75
-825.0,-275.0,100.0,5.508474576271186,1.75
-775.0,-275.0,100.0,5.932203389830509,1.75
-725.0,-275.0,100.0,6.3559322033898304,1.75
-675.0,-275.0,100.0,6.779661016949152,1.75
-625.0,-275.0,100.0,7.203389830508475,1.75
-575.0,-275.0,100.0,7.627118644067797,1.75
-525.0,-275.0,100.0,8.050847457627118,1.75
-475.0,-275.0,100.0,8.47457627118644,1.75
-425.0,-275.0,100.0,8.898305084745763,1.75
-375.0,-275.0,100.0,9.322033898305085,1.75
-325.0,-275.0,100.0,9.745762711864407,1.75
-275.0,-275.0,100.0,10.16949152542373,1.75
-225.0,-275.0,100.0,10.59322033898305,1.75
-175.0,-275.0,100.0,11.016949152542372,1.75
-125.0,-275.0,100.0,11.440677966101696,1.75
-75.0,-275.0,100.0,11.864406779661017,1.75
-25.0,-275.0,100.0,12.288135593220339,1.75
25.0,-275.0,100.0,12.711864406779661,1.75
75.0,-275.0,100.0,13.135593220338984,1.75
125.0,-275.0,100.0,13.559322033898304,1.75
175.0,-275.0,100.0,13.983050847457626,1.75
225.0,-275.0,100.0,14.40677966101695,1.75
275.0,-275.0,100.0,14.83050847457627,1.75
325.0,-275.0,100.0,15.254237288135593,1.75
375.0,-275.0,100.0,15.677966101694915,1.75
425.0,-275.0,100.0,16.101694915254235,1.75
475.0,-275.0,100.0,16.52542372881356,1.75
525.0,-275.0,100.0,16.94915254237288,1.75
575.0,-275.0,100.0,17.372881355932204,1.75
625.0,-275.0,100.0,17.796610169491526,1.75
675.0,-275.0,100.0,18.220338983050848,1.75
725.0,-275.0,100.0,18.64406779661017,1.75
775.0,-275.0,100.0,19.06779661016949,1.75
825.0,-275.0,100.0,19.491525423728813,1.75
875.0,-275.0,100.0,19.915254237288135,1.75
925.0,-275.0,100.0,20.33898305084746,1.75
975.0,-275.0,100.0,20.76271186440678,1.75
1025.0,-275.0,100.0,21.1864406779661,1.75
1075.0,-275.0,100.0,21.610169491525426,1.75
1125.0,-275.0,100.0,22.033898305084744,1.75
1175.0,-275.0,100.0,22.45762711864407,1.75
1225.0,-275.0,100.0,22.88135593220339,1.75
1275.0,-275.0,100.0,23.30508474576271,1.75
1325.0,-275.0,100.0,23.728813559322035,1.75
1375.0,-275.0,100.0,24.152542372881356,1.75
1425.0,-275.0,100.0,24.576271186440678,1.75
1475.0,-275.0,100.0,25.0,1.75
-1475.0,-225.0,100.0,0.0,1.75
-1425.0,-225.0,100.0,0.423728813559322,1.75
-1375.0,-225.0,100.0,0.847457627118644,1.75
-1325.0,-225.0,100.0,1.2711864406779663,1.75
-1275.0,-225.0,100.0,1.694915254237288,1.75
-1225.0,-225.0,100.0,2.11864406779661,1.75
-1175.0,-225.0,100.0,2.5423728813559325,1.75
-1125.0,-225.0,100.0,2.9661016949152543,1.75
-1075.0,-225.0,100.0,3.389830508474576,1.75
-1025.0,-225.0,100.0,3.8135593220338984,1.75
-975.0,-225.0,100.0,4.23728813559322,1.75
-925.0,-225.0,100.0,4.661016949152542,1.75
-875.0,-225.0,100.0,5.084745762711865,1.75
-825.0,-225.0,100.0,5.508474576271186,1.75
-775.0,-225.0,100.0,5.932203389830509,1.75
-725.0,-225.0,100.0,6.3559322033898304,1.75
-675.0,-225.0,100.0,6.779661016949152,1.75
-625.0,-225.0,100.0,7.203389830508475,1.75
-575.0,-225.0,100.0,7.627118644067797,1.75
-525.0,-225.0,100.0,8.050847457627118,1.75
-475.0,-225.0,100.0,8.47457627118644,1.75
-425.0,-225.0,100.0,8.898305084745763,1.75
-375.0,-225.0,100.0,9.322033898305085,1.75
-325.0,-225.0,100.0,9.745762711864407,1.75
-275.0,-225.0,100.0,10.16949152542373,1.75
-225.0,-225.0,100.0,10.59322033898305,1.75
-175.0,-225.0,100.0,11.016949152542372,1.75
-125.0,-225.0,100.0,11.440677966101696,1.75
-75.0,-225.0,100.0,11.864406779661017,1.75
-25.0,-225.0,100.0,12.288135593220339,1.75
25.0,-225.0,100.0,12.711864406779661,1.75
75.0,-225.0,100.0,13.135593220338984,1.75
125.0,-225.0,100.0,13.559322033898304,1.75
175.0,-225.0,100.0,13.983050847457626,1.75
225.0,-225.0,100.0,14.40677966101695,1.75
275.0,-225.0,100.0,14.83050847457627,1.75
325.0,-225.0,100.0,15.254237288135593,1.75
375.0,-225.0,100.0,15.677966101694915,1.75
425.0,-225.0,100.0,16.101694915254235,1.75
475.0,-225.0,100.0,16.52542372881356,1.75
525.0,-225.0,100.0,16.94915254237288,1.75
575.0,-225.0,100.0,17.372881355932204,1.75
625.0,-225.0,100.0,17.796610169491526,1.75
675.0,-225.0,100.0,18.220338983050848,1.75
725.0,-225.0,100.0,18.64406779661017,1.75
775.0,-225.0,100.0,19.06779661016949,1.75
825.0,-225.0,100.0,19.491525423728813,1.75
875.0,-225.0,100.0,19.915254237288135,1.75
925.0,-225.0,100.0,20.33898305084746,1.75
975.0,-225.0,100.0,20.76271186440678,1.75
1025.0,-225.0,100.0,21.1864406779661,1.75
1075.0,-225.0,100.0,21.610169491525426,1.75
1125.0,-225.0,100.0,22.033898305084744,1.75
1175.0,-225.0,100.0,22.45762711864407,1.75
1225.0,-225.0,100.0,22.88135593220339,1.75
1275.0,-225.0,100.0,23.30508474576271,1.75
1325.0,-225.0,100.0,23.728813559322035,1.75
1375.0,-225.0,100.0,24.152542372881356,1.75
1425.0,-225.0,100.0,24.576271186440678,1.75
1475.0,-225.0,100.0,25.0,1.75
-1475.0,-175.0,100.0,0.0,1.75
-1425.0,-175.0,100.0,0.423728813559322,1.75
-1375.0,-175.0,100.0,0.847457627118644,1.75
-1325.0,-175.0,100.0,1.2711864406779663,1.75
-1275.0,-175.0,100.0,1.694915254237288,1.75
-1225.0,-175.0,100.0,2.11864406779661,1.75
-1175.0,-175.0,100.0,2.5423728813559325,1.75
-1125.0,-175.0,100.0,2.9661016949152543,1.75
-1075.0,-175.0,100.0,3.389830508474576,1.75
-1025.0,-175.0,100.0,3.8135593220338984,1.75
-975.0,-175.0,100.0,4.23728813559322,1.75
-925.0,-175.0,100.0,4.661016949152542,1.75
-875.0,-175.0,100.0,5.084745762711865,1.75
-825.0,-175.0,100.0,5.508474576271186,1.75
-775.0,-175.0,100.0,5.932203389830509,1.75
-725.0,-175.0,100.0,6.3559322033898304,1.75
-675.0,-175.0,100.0,6.779661016949152,1.75
-625.0,-175.0,100.0,7.203389830508475,1.75
-575.0,-175.0,100.0,7.627118644067797,1.75
-525.0,-175.0,100.0,8.050847457627118,1.75
-475.0,-175.0,100.0,8.47457627118644,1.75
-425.0,-175.0,100.0,8.898305084745763,1.75
-375.0,-175.0,100.0,9.322033898305085,1.75
-325.0,-175.0,100.0,9.745762711864407,1.75
-275.0,-175.0,100.0,10.16949152542373,1.75
-225.0,-175.0,100.0,10.59322033898305,1.75
-175.0,-175.0,100.0,11.016949152542372,1.75
-125.0,-175.0,100.0,11.440677966101696,1.75
-75.0,-175.0,100.0,11.864406779661017,1.75
-25.0,-175.0,100.0,12.288135593220339,1.75
25.0,-175.0,100.0,12.711864406779661,1.75
75.0,-175.0,100.0,13.135593220338984,1.75
125.0,-175.0,100.0,13.559322033898304,1.75
175.0,-175.0,100.0,13.983050847457626,1.75
225.0,-175.0,100.0,14.40677966101695,1.75
275.0,-175.0,100.0,14.83050847457627,1.75
325.0,-175.0,100.0,15.254237288135593,1.75
375.0,-175.0,100.0,15.677966101694915,1.75
425.0,-175.0,100.0,16.101694915254235,1.75
475.0,-175.0,100.0,16.52542372881356,1.75
525.0,-175.0,100.0,16.94915254237288,1.75
575.0,-175.0,100.0,17.372881355932204,1.75
625.0,-175.0,100.0,17.796610169491526,1.75
675.0,-175.0,100.0,18.220338983050848,1.75
725.0,-175.0,100.0,18.64406779661017,1.75
775.0,-175.0,100.0,19.06779661016949,1.75
825.0,-175.0,100.0,19.491525423728813,1.75
875.0,-175.0,100.0,19.915254237288135,1.75
925.0,-175.0,100.0,20.33898305084746,1.75
975.0,-175.0,100.0,20.76271186440678,1.75
1025.0,-175.0,100.0,21.1864406779661,1.75
1075.0,-175.0,100.0,21.610169491525426,1.75
1125.0,-175.0,100.0,22.033898305084744,1.75
1175.0,-175.0,100.0,22.45762711864407,1.75
1225.0,-175.0,100.0,22.88135593220339,1.75
1275.0,-175.0,100.0,23.30508474576271,1.75
1325.0,-175.0,100.0,23.728813559322035,1.75
1375.0,-175.0,100.0,24.152542372881356,1.75
1425.0,-175.0,100.0,24.576271186440678,1.75
1475.0,-175.0,100.0,25.0,1.75
-1475.0,-125.0,100.0,0.0,1.75
-1425.0,-125.0,100.0,0.423728813559322,1.75
-1375.0,-125.0,100.0,0.847457627118644,1.75
-1325.0,-125.0,100.0,1.2711864406779663,1.75
-1275.0,-125.0,100.0,1.694915254237288,1.75
-1225.0,-125.0,100.0,2.11864406779661,1.75
-1175.0,-125.0,100.0,2.5423728813559325,1.75
-1125.0,-125.0,100.0,2.9661016949152543,1.75
-1075.0,-125.0,100.0,3.389830508474576,1.75
-1025.0,-125.0,100.0,3.8135593220338984,1.75
-975.0,-125.0,100.0,4.23728813559322,1.75
-925.0,-125.0,100.0,4.661016949152542,1.75
-875.0,-125.0,100.0,5.084745762711865,1.75
-825.0,-125.0,100.0,5.508474576271186,1.75
-775.0,-125.0,100.0,5.932203389830509,1.75
-725.0,-125.0,100.0,6.3559322033898304,1.75
-675.0,-125.0,100.0,6.779661016949152,1.75
-625.0,-125.0,100.0,7.203389830508475,1.75
-575.0,-125.0,100.0,7.627118644067797,1.75
-525.0,-125.0,100.0,8.050847457627118,1.75
-475.0,-125.0,100.0,8.47457627118644,1.75
-425.0,-125.0,100.0,8.898305084745763,1.75
-375.0,-125.0,100.0,9.322033898305085,1.75
-325.0,-125.0,100.0,9.745762711864407,1.75
-275.0,-125.0,100.0,10.16949152542373,1.75
-225.0,-125.0,100.0,10.59322033898305,1.75
-175.0,-125.0,100.0,11.016949152542372,1.75
-125.0,-125.0,100.0,11.440677966101696,1.75
-75.0,-125.0,100.0,11.864406779661017,1.75
-25.0,-125.0,100.0,12.288135593220339,1.75
25.0,-125.0,100.0,12.711864406779661,1.75
75.0,-125.0,100.0,13.135593220338984,1.75
125.0,-125.0,100.0,13.559322033898304,1.75
175.0,-125.0,100.0,13.983050847457626,1.75
225.0,-125.0,100.0,14.40677966101695,1.75
275.0,-125.0,100.0,14.83050847457627,1.75
325.0,-125.0,100.0,15.254237288135593,1.75
375.0,-125.0,100.0,15.677966101694915,1.75
425.0,-125.0,100.0,16.101694915254235,1.75
475.0,-125.0,100.0,16.52542372881356,1.75
525.0,-125.0,100.0,16.94915254237288,1.75
575.0,-125.0,100.0,17.372881355932204,1.75
625.0,-125.0,100.0,17.796610169491526,1.75
675.0,-125.0,100.0,18.220338983050848,1.75
725.0,-125.0,100.0,18.64406779661017,1.75
775.0,-125.0,100.0,19.06779661016949,1.75
825.0,-125.0,100.0,19.491525423728813,1.75
875.0,-125.0,100.0,19.915254237288135,1.75
925.0,-125.0,100.0,20.33898305084746,1.75
975.0,-125.0,100.0,20.76271186440678,1.75
1025.0,-125.0,100.0,21.1864406779661,1.75
1075.0,-125.0,100.0,21.610169491525426,1.75
1125.0,-125.0,100.0,22.033898305084744,1.75
1175.0,-125.0,100.0,22.45762711864407,1.75
1225.0,-125.0,100.0,22.88135593220339,1.75
1275.0,-125.0,100.0,23.30508474576271,1.75
1325.0,-125.0,100.0,23.728813559322035,1.75
1375.0,-125.0,100.0,24.152542372881356,1.75
1425.0,-125.0,100.0,24.576271186440678,1.75
1475.0,-125.0,100.0,25.0,1.75
-1475.0,-75.0,100.0,0.0,1.75
-1425.0,-75.0,100.0,0.423728813559322,1.75
-1375.0,-75.0,100.0,0.847457627118644,1.75
-1325.0,-75.0,100.0,1.2711864406779663,1.75
-1275.0,-75.0,100.0,1.694915254237288,1.75
-1225.0,-75.0,100.0,2.11864406779661,1.75
-1175.0,-75.0,100.0,2.5423728813559325,1.75
-1125.0,-75.0,100.0,2.9661016949152543,1.75
-1075.0,-75.0,100.0,3.389830508474576,1.75
-1025.0,-75.0,100.0,3.8135593220338984,1.75
-975.0,-75.0,100.0,4.23728813559322,1.75
-925.0,-75.0,100.0,4.661016949152542,1.75
-875.0,-75.0,100.0,5.084745762711865,1.75
-825.0,-75.0,100.0,5.508474576271186,1.75
-775.0,-75.0,100.0,5.932203389830509,1.75
-725.0,-75.0,100.0,6.3559322033898304,1.75
-675.0,-75.0,100.0,6.779661016949152,1.75
-625.0,-75.0,100.0,7.203389830508475,1.75
-575.0,-75.0,100.0,7.627118644067797,1.75
-525.0,-75.0,100.0,8.050847457627118,1.75
-475.0,-75.0,100.0,8.47457627118644,1.75
-425.0,-75.0,100.0,8.898305084745763,1.75
-375.0,-75.0,100.0,9.322033898305085,1.75
-325.0,-75.0,100.0,9.745762711864407,1.75
-275.0,-75.0,100.0,10.16949152542373,1.75
-225.0,-75.0,100.0,10.59322033898305,1.75
-175.0,-75.0,100.0,11.016949152542372,1.75
-125.0,-75.0,100.0,11.440677966101696,1.75
-75.0,-75.0,100.0,11.864406779661017,1.75
-25.0,-75.0,100.0,12.288135593220339,1.75
25.0,-75.0,100.0,12.711864406779661,1.75
75.0,-75.0,100.0,13.135593220338984,1.75
125.0,-75.0,100.0,13.559322033898304,1.75
175.0,-75.0,100.0,13.983050847457626,1.75
225.0,-75.0,100.0,14.40677966101695,1.75
275.0,-75.0,100.0,14.83050847457627,1.75
325.0,-75.0,100.0,15.254237288135593,1.75
375.0,-75.0,100.0,15.677966101694915,1.75
425.0,-75.0,100.0,16.101694915254235,1.75
475.0,-75.0,100.0,16.52542372881356,1.75
525.0,-75.0,100.0,16.94915254237288,1.75
575.0,-75.0,100.0,17.372881355932204,1.75
625.0,-75.0,100.0,17.796610169491526,1.75
675.0,-75.0,100.0,18.220338983050848,1.75
725.0,-75.0,100.0,18.64406779661017,1.75
775.0,-75.0,100.0,19.06779661016949,1.75
825.0,-75.0,100.0,19.491525423728813,1.75
875.0,-75.0,100.0,19.915254237288135,1.75
925.0,-75.0,100.0,20.33898305084746,1.75
975.0,-75.0,100.0,20.76271186440678,1.75
1025.0,-75.0,100.0,21.1864406779661,1.75
1075.0,-75.0,100.0,21.610169491525426,1.75
1125.0,-75.0,100.0,22.033898305084744,1.75
1175.0,-75.0,100.0,22.45762711864407,1.75
1225.0,-75.0,100.0,22.88135593220339,1.75
1275.0,-75.0,100.0,23.30508474576271,1.75
1325.0,-75.0,100.0,23.728813559322035,1.75
1375.0,-75.0,100.0,24.152542372881356,1.75
1425.0,-75.0,100.0,24.576271186440678,1.75
1475.0,-75.0,100.0,25.0,1.75
-1475.0,-25.0,100.0,0.0,1.75
-1425.0,-25.0,100.0,0.423728813559322,1.75
-1375.0,-25.0,100.0,0.847457627118644,1.75
-1325.0,-25.0,100.0,1.2711864406779663,1.75
-1275.0,-25.0,100.0,1.694915254237288,1.75
-1225.0,-25.0,100.0,2.11864406779661,1.75
-1175.0,-25.0,100.0,2.5423728813559325,1.75
-1125.0,-25.0,100.0,2.9661016949152543,1.75
-1075.0,-25.0,100.0,3.389830508474576,1.75
-1025.0,-25.0,100.0,3.8135593220338984,1.75
-975.0,-25.0,100.0,4.23728813559322,1.75
-925.0,-25.0,100.0,4.661016949152542,1.75
-875.0,-25.0,100.0,5.084745762711865,1.75
-825.0,-25.0,100.0,5.508474576271186,1.75
-775.0,-25.0,100.0,5.932203389830509,1.75
-725.0,-25.0,100.0,6.3559322033898304,1.75
-675.0,-25.0,100.0,6.779661016949152,1.75
-625.0,-25.0,100.0,7.203389830508475,1.75
-575.0,-25.0,100.0,7.627118644067797,1.75
-525.0,-25.0,100.0,8.050847457627118,1.75
-475.0,-25.0,100.0,8.47457627118644,1.75
-425.0,-25.0,100.0,8.898305084745763,1.75
-375.0,-25.0,100.0,9.322033898305085,1.75
-325.0,-25.0,100.0,9.745762711864407,1.75
-275.0,-25.0,100.0,10.16949152542373,1.75
-225.0,-25.0,100.0,10.59322033898305,1.75
-175.0,-25.0,100.0,11.016949152542372,1.75
-125.0,-25.0,100.0,11.440677966101696,1.75
-75.0,-25.0,100.0,11.864406779661017,1.75
-25.0,-25.0,100.0,12.288135593220339,1.75
25.0,-25.0,100.0,12.711864406779661,1.75
75.0,-25.0,100.0,13.135593220338984,1.75
125.0,-25.0,100.0,13.559322033898304,1.75
175.0,-25.0,100.0,13.983050847457626,1.75
225.0,-25.0,100.0,14.40677966101695,1.75
275.0,-25.0,100.0,14.83050847457627,1.75
325.0,-25.0,100.0,15.254237288135593,1.75
375.0,-25.0,100.0,15.677966101694915,1.75
425.0,-25.0,100.0,16.101694915254235,1.75
475.0,-25.0,100.0,16.52542372881356,1.75
525.0,-25.0,100.0,16.94915254237288,1.75
575.0,-25.0,100.0,17.372881355932204,1.75
625.0,-25.0,100.0,17.796610169491526,1.75
675.0,-25.0,100.0,18.220338983050848,1.75
725.0,-25.0,100.0,18.64406779661017,1.75
775.0,-25.0,100.0,19.06779661016949,1.75
825.0,-25.0,100.0,19.491525423728813,1.75
875.0,-25.0,100.0,19.915254237288135,1.75
925.0,-25.0,100.0,20.33898305084746,1.75
975.0,-25.0,100.0,20.76271186440678,1.75
1025.0,-25.0,100.0,21.1864406779661,1.75
1075.0,-25.0,100.0,21.610169491525426,1.75
1125.0,-25.0,100.0,22.033898305084744,1.75
1175.0,-25.0,100.0,22.45762711864407,1.75
1225.0,-25.0,100.0,22.88135593220339,1.75
1275.0,-25.0,100.0,23.30508474576271,1.75
1325.0,-25.0,100.0,23.728813559322035,1.75
1375.0,-25.0,100.0,24.152542372881356,1.75
1425.0,-25.0,100.0,24.576271186440678,1.75
1475.0,-25.0,100.0,25.0,1.75
-1475.0,25.0,100.0,0.0,1.75
-1425.0,25.0,100.0,0.423728813559322,1.75
-1375.0,25.0,100.0,0.847457627118644,1.75
-1325.0,25.0,100.0,1.2711864406779663,1.75
-1275.0,25.0,100.0,1.694915254237288,1.75
-1225.0,25.0,100.0,2.11864406779661,1.75
-1175.0,25.0,100.0,2.5423728813559325,1.75
-1125.0,25.0,100.0,2.9661016949152543,1.75
-1075.0,25.0,100.0,3.389830508474576,1.75
-1025.0,25.0,100.0,3.8135593220338984,1.75
-975.0,25.0,100.0,4.23728813559322,1.75
-925.0,25.0,100.0,4.661016949152542,1.75
-875.0,25.0,100.0,5.084745762711865,1.75
-825.0,25.0,100.0,5.508474576271186,1.75
-775.0,25.0,100.0,5.932203389830509,1.75
-725.0,25.0,100.0,6.3559322033898304,1.75
-675.0,25.0,100.0,6.779661016949152,1.75
-625.0,25.0,100.0,7.203389830508475,1.75
-575.0,25.0,100.0,7.627118644067797,1.75
-525.0,25.0,100.0,8.050847457627118,1.75
-475.0,25.0,100.0,8.47457627118644,1.75
-425.0,25.0,100.0,8.898305084745763,1.75
-375.0,25.0,100.0,9.322033898305085,1.75
-325.0,25.0,100.0,9.745762711864407,1.75
-275.0,25.0,100.0,10.16949152542373,1.75
-225.0,25.0,100.0,10.59322033898305,1.75
-175.0,25.0,100.0,11.016949152542372,1.75
-125.0,25.0,100.0,11.440677966101696,1.75
-75.0,25.0,100.0,11.864406779661017,1.75
-25.0,25.0,100.0,12.288135593220339,1.75
25.0,25.0,100.0,12.711864406779661,1.75
75.0,25.0,100.0,13.135593220338984,1.75
125.0,25.0,100.0,13.559322033898304,1.75
175.0,25.0,100.0,13.983050847457626,1.75
225.0,25.0,100.0,14.40677966101695,1.75
275.0,25.0,100.0,14.83050847457627,1.75
325.0,25.0,100.0,15.254237288135593,1.75
375.0,25.0,100.0,15.677966101694915,1.75
425.0,25.0,100.0,16.101694915254235,1.75
475.0,25.0,100.0,16.52542372881356,1.75
525.0,25.0,100.0,16.94915254237288,1.75
575.0,25.0,100.0,17.372881355932204,1.75
625.0,25.0,100.0,17.796610169491526,1.75
675.0,25.0,100.0,18.220338983050848,1.75
725.0,25.0,100.0,18.64406779661017,1.75
775.0,25.0,100.0,19.06779661016949,1.75
825.0,25.0,100.0,19.491525423728813,1.75
875.0,25.0,100.0,19.915254237288135,1.75
925.0,25.0,100.0,20.33898305084746,1.75
975.0,25.0,100.0,20.76271186440678,1.75
1025.0,25.0,100.0,21.1864406779661,1.75
1075.0,25.0,100.0,21.610169491525426,1.75
1125.0,25.0,100.0,22.033898305084744,1.75
1175.0,25.0,100.0,22.45762711864407,1.75
1225.0,25.0,100.0,22.88135593220339,1.75
1275.0,25.0,100.0,23.30508474576271,1.75
1325.0,25.0,100.0,23.728813559322035,1.75
1375.0,25.0,100.0,24.152542372881356,1.75
1425.0,25.0,100.0,24.576271186440678,1.75
1475.0,25.0,100.0,25.0,1.75
-1475.0,75.0,100.0,0.0,1.75
-1425.0,75.0,100.0,0.423728813559322,1.75
-1375.0,75.0,100.0,0.847457627118644,1.75
-1325.0,75.0,100.0,1.2711864406779663,1.75
-1275.0,75.0,100.0,1.694915254237288,1.75
-1225.0,75.0,100.0,2.11864406779661,1.75
-1175.0,75.0,100.0,2.5423728813559325,1.75
-1125.0,75.0,100.0,2.9661016949152543,1.75
-1075.0,75.0,100.0,3.389830508474576,1.75
-1025.0,75.0,100.0,3.8135593220338984,1.75
-975.0,75.0,100.0,4.23728813559322,1.75
-925.0,75.0,100.0,4.661016949152542,1.75
-875.0,75.0,100.0,5.084745762711865,1.75
-825.0,75.0,100.0,5.508474576271186,1.75
-775.0,75.0,100.0,5.932203389830509,1.75
-725.0,75.0,100.0,6.3559322033898304,1.75
-675.0,75.0,100.0,6.779661016949152,1.75
-625.0,75.0,100.0,7.203389830508475,1.75
-575.0,75.0,100.0,7.627118644067797,1.75
-525.0,75.0,100.0,8.050847457627118,1.75
-475.0,75.0,100.0,8.47457627118644,1.75
-425.0,75.0,100.0,8.898305084745763,1.75
-375.0,75.0,100.0,9.322033898305085,1.75
-325.0,75.0,100.0,9.745762711864407,1.75
-275.0,75.0,100.0,10.16949152542373,1.75
-225.0,75.0,100.0,10.59322033898305,1.75
-175.0,75.0,100.0,11.016949152542372,1.75
-125.0,75.0,100.0,11.440677966101696,1.75
-75.0,75.0,100.0,11.864406779661017,1.75
-25.0,75.0,100.0,12.288135593220339,1.75
25.0,75.0,100.0,12.711864406779661,1.75
75.0,75.0,100.0,13.135593220338984,1.75
125.0,75.0,100.0,13.559322033898304,1.75
175.0,75.0,100.0,13.983050847457626,1.75
225.0,75.0,100.0,14.40677966101695,1.75
275.0,75.0,100.0,14.83050847457627,1.75
325.0,75.0,100.0,15.254237288135593,1.75
375.0,75.0,100.0,15.677966101694915,1.75
425.0,75.0,100.0,16.101694915254235,1.75
475.0,75.0,100.0,16.52542372881356,1.75
525.0,75.0,100.0,16.94915254237288,1.75
575.0,75.0,100.0,17.372881355932204,1.75
625.0,75.0,100.0,17.796610169491526,1.75
675.0,75.0,100.0,18.220338983050848,1.75
725.0,75.0,100.0,18.64406779661017,1.75
775.0,75.0,100.0,19.06779661016949,1.75
825.0,75.0,100.0,19.491525423728813,1.75
875.0,75.0,100.0,19.915254237288135,1.75
925.0,75.0,100.0,20.33898305084746,1.75
975.0,75.0,100.0,20.76271186440678,1.75
1025.0,75.0,100.0,21.1864406779661,1.75
1075.0,75.0,100.0,21.610169491525426,1.75
1125.0,75.0,100.0,22.033898305084744,1.75
1175.0,75.0,100.0,22.45762711864407,1.75
1225.0,75.0,100.0,22.88135593220339,1.75
1275.0,75.0,100.0,23.30508474576271,1.75
1325.0,75.0,100.0,23.728813559322035,1.75
1375.0,75.0,100.0,24.152542372881356,1.75
1425.0,75.0,100.0,24.576271186440678,1.75
1475.0,75.0,100.0,25.0,1.75
-1475.0,125.0,100.0,0.0,1.75
-1425.0,125.0,100.0,0.423728813559322,1.75
-1375.0,125.0,100.0,0.847457627118644,1.75
-1325.0,125.0,100.0,1.2711864406779663,1.75
-1275.0,125.0,100.0,1.694915254237288,1.75
-1225.0,125.0,100.0,2.11864406779661,1.75
-1175.0,125.0,100.0,2.5423728813559325,1.75
-1125.0,125.0,100.0,2.9661016949152543,1.75
-1075.0,125.0,100.0,3.389830508474576,1.75
-1025.0,125.0,100.0,3.8135593220338984,1.75
-975.0,125.0,100.0,4.23728813559322,1.75
-925.0,125.0,100.0,4.661016949152542,1.75
-875.0,125.0,100.0,5.084745762711865,1.75
-825.0,125.0,100.0,5.508474576271186,1.75
-775.0,125.0,100.0,5.932203389830509,1.75
-725.0,125.0,100.0,6.3559322033898304,1.75
-675.0,125.0,100.0,6.779661016949152,1.75
-625.0,125.0,100.0,7.203389830508475,1.75
-575.0,125.0,100.0,7.627118644067797,1.75
-525.0,125.0,100.0,8.050847457627118,1.75
-475.0,125.0,100.0,8.47457627118644,1.75
-425.0,125.0,100.0,8.898305084745763,1.75
-375.0,125.0,100.0,9.322033898305085,1.75
-325.0,125.0,100.0,9.745762711864407,1.75
-275.0,125.0,100.0,10.16949152542373,1.75
-225.0,125.0,100.0,10.59322033898305,1.75
-175.0,125.0,100.0,11.016949152542372,1.75
-125.0,125.0,100.0,11.440677966101696,1.75
-75.0,125.0,100.0,11.864406779661017,1.75
-25.0,125.0,100.0,12.288135593220339,1.75
25.0,125.0,100.0,12.711864406779661,1.75
75.0,125.0,100.0,13.135593220338984,1.75
125.0,125.0,100.0,13.559322033898304,1.75
175.0,125.0,100.0,13.983050847457626,1.75
225.0,125.0,100.0,14.40677966101695,1.75
275.0,125.0,100.0,14.83050847457627,1.75
325.0,125.0,100.0,15.254237288135593,1.75
375.0,125.0,100.0,15.677966101694915,1.75
425.0,125.0,100.0,16.101694915254235,1.75
475.0,125.0,100.0,16.52542372881356,1.75
525.0,125.0,100.0,16.94915254237288,1.75
575.0,125.0,100.0,17.372881355932204,1.75
625.0,125.0,100.0,17.796610169491526,1.75
675.0,125.0,100.0,18.220338983050848,1.75
725.0,125.0,100.0,18.64406779661017,1.75
775.0,125.0,100.0,19.06779661016949,1.75
825.0,125.0,100.0,19.491525423728813,1.75
875.0,125.0,100.0,19.915254237288135,1.75
925.0,125.0,100.0,20.33898305084746,1.75
975.0,125.0,100.0,20.76271186440678,1.75
1025.0,125.0,100.0,21.1864406779661,1.75
1075.0,125.0,100.0,21.610169491525426,1.75
1125.0,125.0,100.0,22.033898305084744,1.75
1175.0,125.0,100.0,22.45762711864407,1.75
1225.0,125.0,100.0,22.88135593220339,1.75
1275.0,125.0,100.0,23.30508474576271,1.75
1325.0,125.0,100.0,23.728813559322035,1.75
1375.0,125.0,100.0,24.152542372881356,1.75
1425.0,125.0,100.0,24.576271186440678,1.75
1475.0,125.0,100.0,25.0,1.75
-1475.0,175.0,100.0,0.0,1.75
-1425.0,175.0,100.0,0.423728813559322,1.75
-1375.0,175.0,100.0,0.847457627118644,1.75
-1325.0,175.0,100.0,1.2711864406779663,1.75
-1275.0,175.0,100.0,1.694915254237288,1.75
-1225.0,175.0,100.0,2.11864406779661,1.75
-1175.0,175.0,100.0,2.5423728813559325,1.75
-1125.0,175.0,100.0,2.9661016949152543,1.75
-1075.0,175.0,100.0,3.389830508474576,1.75
-1025.0,175.0,100.0,3.8135593220338984,1.75
-975.0,175.0,100.0,4.23728813559322,1.75
-925.0,175.0,100.0,4.661016949152542,1.75
-875.0,175.0,100.0,5.084745762711865,1.75
-825.0,175.0,100.0,5.508474576271186,1.75
-775.0,175.0,100.0,5.932203389830509,1.75
-725.0,175.0,100.0,6.3559322033898304,1.75
-675.0,175.0,100.0,6.779661016949152,1.75
-625.0,175.0,100.0,7.203389830508475,1.75
-575.0,175.0,100.0,7.627118644067797,1.75
-525.0,175.0,100.0,8.050847457627118,1.75
-475.0,175.0,100.0,8.47457627118644,1.75
-425.0,175.0,100.0,8.898305084745763,1.75
-375.0,175.0,100.0,9.322033898305085,1.75
-325.0,175.0,100.0,9.745762711864407,1.75
-275.0,175.0,100.0,10.16949152542373,1.75
-225.0,175.0,100.0,10.59322033898305,1.75
-175.0,175.0,100.0,11.016949152542372,1.75
-125.0,175.0,100.0,11.440677966101696,1.75
-75.0,175.0,100.0,11.864406779661017,1.75
-25.0,175.0,100.0,12.288135593220339,1.75
25.0,175.0,100.0,12.711864406779661,1.75
75.0,175.0,100.0,13.135593220338984,1.75
125.0,175.0,100.0,13.559322033898304,1.75
175.0,175.0,100.0,13.983050847457626,1.75
225.0,175.0,100.0,14.40677966101695,1.75
275.0,175.0,100.0,14.83050847457627,1.75
325.0,175.0,100.0,15.254237288135593,1.75
375.0,175.0,100.0,15.677966101694915,1.75
425.0,175.0,100.0,16.101694915254235,1.75
475.0,175.0,100.0,16.52542372881356,1.75
525.0,175.0,100.0,16.94915254237288,1.75
575.0,175.0,100.0,17.372881355932204,1.75
625.0,175.0,100.0,17.796610169491526,1.75
675.0,175.0,100.0,18.220338983050848,1.75
725.0,175.0,100.0,18.64406779661017,1.75
775.0,175.0,100.0,19.06779661016949,1.75
825.0,175.0,100.0,19.491525423728813,1.75
875.0,175.0,100.0,19.915254237288135,1.75
925.0,175.0,100.0,20.33898305084746,1.75
975.0,175.0,100.0,20.76271186440678,1.75
1025.0,175.0,100.0,21.1864406779661,1.75
1075.0,175.0,100.0,21.610169491525426,1.75
1125.0,175.0,100.0,22.033898305084744,1.75
1175.0,175.0,100.0,22.45762711864407,1.75
1225.0,175.0,100.0,22.88135593220339,1.75
1275.0,175.0,100.0,23.30508474576271,1.75
1325.0,175.0,100.0,23.728813559322035,1.75
1375.0,175.0,100.0,24.152542372881356,1.75
1425.0,175.0,100.0,24.576271186440678,1.75
1475.0,175.0,100.0,25.0,1.75
-1475.0,225.0,100.0,0.0,1.75
-1425.0,225.0,100.0,0.423728813559322,1.75
-1375.0,225.0,100.0,0.847457627118644,1.75
-1325.0,225.0,100.0,1.2711864406779663,1.75
-1275.0,225.0,100.0,1.694915254237288,1.75
-1225.0,225.0,100.0,2.11864406779661,1.75
-1175.0,225.0,100.0,2.5423728813559325,1.75
-1125.0,225.0,100.0,2.9661016949152543,1.75
-1075.0,225.0,100.0,3.389830508474576,1.75
-1025.0,225.0,100.0,3.8135593220338984,1.75
-975.0,225.0,100.0,4.23728813559322,1.75
-925.0,225.0,100.0,4.661016949152542,1.75
-875.0,225.0,100.0,5.084745762711865,1.75
-825.0,225.0,100.0,5.508474576271186,1.75
-775.0,225.0,100.0,5.932203389830509,1.75
-725.0,225.0,100.0,6.3559322033898304,1.75
-675.0,225.0,100.0,6.779661016949152,1.75
-625.0,225.0,100.0,7.203389830508475,1.75
-575.0,225.0,100.0,7.627118644067797,1.75
-525.0,225.0,100.0,8.050847457627118,1.75
-475.0,225.0,100.0,8.47457627118644,1.75
-425.0,225.0,100.0,8.898305084745763,1.75
-375.0,225.0,100.0,9.322033898305085,1.75
-325.0,225.0,100.0,9.745762711864407,1.75
-275.0,225.0,100.0,10.16949152542373,1.75
-225.0,225.0,100.0,10.59322033898305,1.75
-175.0,225.0,100.0,11.016949152542372,1.75
-125.0,225.0,100.0,11.440677966101696,1.75
-75.0,225.0,100.0,11.864406779661017,1.75
-25.0,225.0,100.0,12.288135593220339,1.75
25.0,225.0,100.0,12.711864406779661,1.75
75.0,225.0,100.0,13.135593220338984,1.75
125.0,225.0,100.0,13.559322033898304,1.75
175.0,225.0,100.0,13.983050847457626,1.75
225.0,225.0,100.0,14.40677966101695,1.75
275.0,225.0,100.0,14.83050847457627,1.75
325.0,225.0,100.0,15.254237288135593,1.75
375.0,225.0,100.0,15.677966101694915,1.75
425.0,225.0,100.0,16.101694915254235,1.75
475.0,225.0,100.0,16.52542372881356,1.75
525.0,225.0,100.0,16.94915254237288,1.75
575.0,225.0,100.0,17.372881355932204,1.75
625.0,225.0,100.0,17.796610169491526,1.75
675.0,225.0,100.0,18.220338983050848,1.75
725.0,225.0,100.0,18.64406779661017,1.75
775.0,225.0,100.0,19.06779661016949,1.75
825.0,225.0,100.0,19.491525423728813,1.75
875.0,225.0,100.0,19.915254237288135,1.75
925.0,225.0,100.0,20.33898305084746,1.75
975.0,225.0,100.0,20.76271186440678,1.75
1025.0,225.0,100.0,21.1864406779661,1.75
1075.0,225.0,100.0,21.610169491525426,1.75
1125.0,225.0,100.0,22.033898305084744,1.75
1175.0,225.0,100.0,22.45762711864407,1.75
1225.0,225.0,100.0,22.88135593220339,1.75
1275.0,225.0,100.0,23.30508474576271,1.75
1325.0,225.0,100.0,23.728813559322035,1.75
1375.0,225.0,100.0,24.152542372881356,1.75
1425.0,225.0,100.0,24.576271186440678,1.75
1475.0,225.0,100.0,25.0,1.75
-1475.0,275.0,100.0,0.0,1.75
-1425.0,275.0,100.0,0.423728813559322,1.75
-1375.0,275.0,100.0,0.847457627118644,1.75
-1325.0,275.0,100.0,1.2711864406779663,1.75
-1275.0,275.0,100.0,1.694915254237288,1.75
-1225.0,275.0,100.0,2.11864406779661,1.75
-1175.0,275.0,100.0,2.5423728813559325,1.75
-1125.0,275.0,100.0,2.9661016949152543,1.75
-1075.0,275.0,100.0,3.389830508474576,1.75
-1025.0,275.0,100.0,3.8135593220338984,1.75
-975.0,275.0,100.0,4.23728813559322,1.75
-925.0,275.0,100.0,4.661016949152542,1.75
-875.0,275.0,100.0,5.084745762711865,1.75
-825.0,275.0,100.0,5.508474576271186,1.75
-775.0,275.0,100.0,5.932203389830509,1.75
-725.0,275.0,100.0,6.3559322033898304,1.75
-675.0,275.0,100.0,6.779661016949152,1.75
-625.0,275.0,100.0,7.203389830508475,1.75
-575.0,275.0,100.0,7.627118644067797,1.75
-525.0,275.0,100.0,8.050847457627118,1.75
-475.0,275.0,100.0,8.47457627118644,1.75
-425.0,275.0,100.0,8.898305084745763,1.75
-375.0,275.0,100.0,9.322033898305085,1.75
-325.0,275.0,100.0,9.745762711864407,1.75
-275.0,275.0,100.0,10.16949152542373,1.75
-225.0,275.0,100.0,10.59322033898305,1.75
-175.0,275.0,100.0,11.016949152542372,1.75
-125.0,275.0,100.0,11.440677966101696,1.75
-75.0,275.0,100.0,11.864406779661017,1.75
-25.0,275.0,100.0,12.288135593220339,1.75
25.0,275.0,100.0,12.711864406779661,1.75
75.0,275.0,100.0,13.135593220338984,1.75
125.0,275.0,100.0,13.559322033898304,1.75
175.0,275.0,100.0,13.983050847457626,1.75
225.0,275.0,100.0,14.40677966101695,1.75
275.0,275.0,100.0,14.83050847457627,1.75
325.0,275.0,100.0,15.254237288135593,1.75
375.0,275.0,100.0,15.677966101694915,1.75
425.0,275.0,100.0,16.101694915254235,1.75
475.0,275.0,100.0,16.52542372881356,1.75
525.0,275.0,100.0,16.94915254237288,1.75
575.0,275.0,100.0,17.372881355932204,1.75
625.0,275.0,100.0,17.796610169491526,1.75
675.0,275.0,100.0,18.220338983050848,1.75
725.0,275.0,100.0,18.64406779661017,1.75
775.0,275.0,100.0,19.06779661016949,1.75
825.0,275.0,100.0,19.491525423728813,1.75
875.0,275.0,100.0,19.915254237288135,1.75
925.0,275.0,100.0,20.33898305084746,1.75
975.0,275.0,100.0,20.76271186440678,1.75
1025.0,275.0,100.0,21.1864406779661,1.75
1075.0,275.0,100.0,21.610169491525426,1.75
1125.0,275.0,100.0,22.033898305084744,1.75
1175.0,275.0,100.0,22.45762711864407,1.75
1225.0,275.0,100.0,22.88135593220339,1.75
1275.0,275.0,100.0,23.30508474576271,1.75
1325.0,275.0,100.0,23.728813559322035,1.75
1375.0,275.0,100.0,24.152542372881356,1.75
1425.0,275.0,100.0,24.576271186440678,1.75
1475.0,275.0,100.0,25.0,1.75
-1475.0,325.0,100.0,0.0,1.75
-1425.0,325.0,100.0,0.423728813559322,1.75
-1375.0,325.0,100.0,0.847457627118644,1.75
-1325.0,325.0,100.0,1.2711864406779663,1.75
-1275.0,325.0,100.0,1.694915254237288,1.75
-1225.0,325.0,100.0,2.11864406779661,1.75
-1175.0,325.0,100.0,2.5423728813559325,1.75
-1125.0,325.0,100.0,2.9661016949152543,1.75
-1075.0,325.0,100.0,3.389830508474576,1.75
-1025.0,325.0,100.0,3.8135593220338984,1.75
-975.0,325.0,100.0,4.23728813559322,1.75
-925.0,325.0,100.0,4.661016949152542,1.75
-875.0,325.0,100.0,5.084745762711865,1.75
-825.0,325.0,100.0,5.508474576271186,1.75
-775.0,325.0,100.0,5.932203389830509,1.75
-725.0,325.0,100.0,6.3559322033898304,1.75
-675.0,325.0,100.0,6.779661016949152,1.75
-625.0,325.0,100.0,7.203389830508475,1.75
-575.0,325.0,100.0,7.627118644067797,1.75
-525.0,325.0,100.0,8.050847457627118,1.75
-475.0,325.0,100.0,8.47457627118644,1.75
-425.0,325.0,100.0,8.898305084745763,1.75
-375.0,325.0,100.0,9.322033898305085,1.75
-325.0,325.0,100.0,9.745762711864407,1.75
-275.0,325.0,100.0,10.16949152542373,1.75
-225.0,325.0,100.0,10.59322033898305,1.75
-175.0,325.0,100.0,11.016949152542372,1.75
-125.0,325.0,100.0,11.440677966101696,1.75
-75.0,325.0,100.0,11.864406779661017,1.75
-25.0,325.0,100.0,12.288135593220339,1.75
25.0,325.0,100.0,12.711864406779661,1.75
75.0,325.0,100.0,13.135593220338984,1.75
125.0,325.0,100.0,13.559322033898304,1.75
175.0,325.0,100.0,13.983050847457626,1.75
225.0,325.0,100.0,14.40677966101695,1.75
275.0,325.0,100.0,14.83050847457627,1.75
325.0,325.0,100.0,15.254237288135593,1.75
375.0,325.0,100.0,15.677966101694915,1.75
425.0,325.0,100.0,16.101694915254235,1.75
475.0,325.0,100.0,16.52542372881356,1.75
525.0,325.0,100.0,16.94915254237288,1.75
575.0,325.0,100.0,17.372881355932204,1.75
625.0,325.0,100.0,17.796610169491526,1.75
675.0,325.0,100.0,18.220338983050848,1.75
725.0,325.0,100.0,18.64406779661017,1.75
775.0,325.0,100.0,19.06779661016949,1.75
825.0,325.0,100.0,19.491525423728813,1.75
875.0,325.0,100.0,19.915254237288135,1.75
925.0,325.0,100.0,20.33898305084746,1.75
975.0,325.0,100.0,20.76271186440678,1.75
1025.0,325.0,100.0,21.1864406779661,1.75
1075.0,325.0,100.0,21.610169491525426,1.75
1125.0,325.0,100.0,22.033898305084744,1.75
1175.0,325.0,100.0,22.45762711864407,1.75
1225.0,325.0,100.0,22.88135593220339,1.75
1275.0,325.0,100.0,23.30508474576271,1.75
1325.0,325.0,100.0,23.728813559322035,1.75
1375.0,325.0,100.0,24.152542372881356,1.75
1425.0,325.0,100.0,24.576271186440678,1.75
1475.0,325.0,100.0,25.0,1.75
-1475.0,375.0,100.0,0.0,1.75
-1425.0,375.0,100.0,0.423728813559322,1.75
-1375.0,375.0,100.0,0.847457627118644,1.75
-1325.0,375.0,100.0,1.2711864406779663,1.75
-1275.0,375.0,100.0,1.694915254237288,1.75
-1225.0,375.0,100.0,2.11864406779661,1.75
-1175.0,375.0,100.0,2.5423728813559325,1.75
-1125.0,375.0,100.0,2.9661016949152543,1.75
-1075.0,375.0,100.0,3.389830508474576,1.75
-1025.0,375.0,100.0,3.8135593220338984,1.75
-975.0,375.0,100.0,4.23728813559322,1.75
-925.0,375.0,100.0,4.661016949152542,1.75
-875.0,375.0,100.0,5.084745762711865,1.75
-825.0,375.0,100.0,5.508474576271186,1.75
-775.0,375.0,100.0,5.932203389830509,1.75
-725.0,375.0,100.0,6.3559322033898304,1.75
-675.0,375.0,100.0,6.779661016949152,1.75
-625.0,375.0,100.0,7.203389830508475,1.75
-575.0,375.0,100.0,7.627118644067797,1.75
-525.0,375.0,100.0,8.050847457627118,1.75
-475.0,375.0,100.0,8.47457627118644,1.75
-425.0,375.0,100.0,8.898305084745763,1.75
-375.0,375.0,100.0,9.322033898305085,1.75
-325.0,375.0,100.0,9.745762711864407,1.75
-275.0,375.0,100.0,10.16949152542373,1.75
-225.0,375.0,100.0,10.59322033898305,1.75
-175.0,375.0,100.0,11.016949152542372,1.75
-125.0,375.0,100.0,11.440677966101696,1.75
-75.0,375.0,100.0,11.864406779661017,1.75
-25.0,375.0,100.0,12.288135593220339,1.75
25.0,375.0,100.0,12.711864406779661,1.75
75.0,375.0,100.0,13.135593220338984,1.75
125.0,375.0,100.0,13.559322033898304,1.75
175.0,375.0,100.0,13.983050847457626,1.75
225.0,375.0,100.0,14.40677966101695,1.75
275.0,375.0,100.0,14.83050847457627,1.75
325.0,375.0,100.0,15.254237288135593,1.75
375.0,375.0,100.0,15.677966101694915,1.75
425.0,375.0,100.0,16.101694915254235,1.75
475.0,375.0,100.0,16.52542372881356,1.75
525.0,375.0,100.0,16.94915254237288,1.75
575.0,375.0,100.0,17.372881355932204,1.75
625.0,375.0,100.0,17.796610169491526,1.75
675.0,375.0,100.0,18.220338983050848,1.75
725.0,375.0,100.0,18.64406779661017,1.75
775.0,375.0,100.0,19.06779661016949,1.75
825.0,375.0,100.0,19.491525423728813,1.75
875.0,375.0,100.0,19.915254237288135,1.75
925.0,375.0,100.0,20.33898305084746,1.75
975.0,375.0,100.0,20.76271186440678,1.75
1025.0,375.0,100.0,21.1864406779661,1.75
1075.0,375.0,100.0,21.610169491525426,1.75
1125.0,375.0,100.0,22.033898305084744,1.75
1175.0,375.0,100.0,22.45762711864407,1.75
1225.0,375.0,100.0,22.88135593220339,1.75
1275.0,375.0,100.0,23.30508474576271,1.75
1325.0,375.0,100.0,23.728813559322035,1.75
1375.0,375.0,100.0,24.152542372881356,1.75
1425.0,375.0,100.0,24.576271186440678,1.75
1475.0,375.0,100.0,25.0,1.75
-1475.0,425.0,100.0,0.0,1.75
-1425.0,425.0,100.0,0.423728813559322,1.75
-1375.0,425.0,100.0,0.847457627118644,1.75
-1325.0,425.0,100.0,1.2711864406779663,1.75
-1275.0,425.0,100.0,1.694915254237288,1.75
-1225.0,425.0,100.0,2.11864406779661,1.75
-1175.0,425.0,100.0,2.5423728813559325,1.75
-1125.0,425.0,100.0,2.9661016949152543,1.75
-1075.0,425.0,100.0,3.389830508474576,1.75
-1025.0,425.0,100.0,3.8135593220338984,1.75
-975.0,425.0,100.0,4.23728813559322,1.75
-925.0,425.0,100.0,4.661016949152542,1.75
-875.0,425.0,100.0,5.084745762711865,1.75
-825.0,425.0,100.0,5.508474576271186,1.75
-775.0,425.0,100.0,5.932203389830509,1.75
-725.0,425.0,100.0,6.3559322033898304,1.75
-675.0,425.0,100.0,6.779661016949152,1.75
-625.0,425.0,100.0,7.203389830508475,1.75
-575.0,425.0,100.0,7.627118644067797,1.75
-525.0,425.0,100.0,8.050847457627118,1.75
-475.0,425.0,100.0,8.47457627118644,1.75
-425.0,425.0,100.0,8.898305084745763,1.75
-375.0,425.0,100.0,9.322033898305085,1.75
-325.0,425.0,100.0,9.745762711864407,1.75
-275.0,425.0,100.0,10.16949152542373,1.75
-225.0,425.0,100.0,10.59322033898305,1.75
-175.0,425.0,100.0,11.016949152542372,1.75
-125.0,425.0,100.0,11.440677966101696,1.75
-75.0,425.0,100.0,11.864406779661017,1.75
-25.0,425.0,100.0,12.288135593220339,1.75
25.0,425.0,100.0,12.711864406779661,1.75
75.0,425.0,100.0,13.135593220338984,1.75
125.0,425.0,100.0,13.559322033898304,1.75
175.0,425.0,100.0,13.983050847457626,1.75
225.0,425.0,100.0,14.40677966101695,1.75
275.0,425.0,100.0,14.83050847457627,1.75
325.0,425.0,100.0,15.254237288135593,1.75
375.0,425.0,100.0,15.677966101694915,1.75
425.0,425.0,100.0,16.101694915254235,1.75
475.0,425.0,100.0,16.52542372881356,1.75
525.0,425.0,100.0,16.94915254237288,1.75
575.0,425.0,100.0,17.372881355932204,1.75
625.0,425.0,100.0,17.796610169491526,1.75
675.0,425.0,100.0,18.220338983050848,1.75
725.0,425.0,100.0,18.64406779661017,1.75
775.0,425.0,100.0,19.06779661016949,1.75
825.0,425.0,100.0,19.491525423728813,1.75
875.0,425.0,100.0,19.915254237288135,1.75
925.0,425.0,100.0,20.33898305084746,1.75
975.0,425.0,100.0,20.76271186440678,1.75
1025.0,425.0,100.0,21.1864406779661,1.75
1075.0,425.0,100.0,21.610169491525426,1.75
1125.0,425.0,100.0,22.033898305084744,1.75
1175.0,425.0,100.0,22.45762711864407,1.75
1225.0,425.0,100.0,22.88135593220339,1.75
1275.0,425.0,100.0,23.30508474576271,1.75
1325.0,425.0,100.0,23.728813559322035,1.75
1375.0,425.0,100.0,24.152542372881356,1.75
1425.0,425.0,100.0,24.576271186440678,1.75
1475.0,425.0,100.0,25.0,1.75
-1475.0,475.0,100.0,0.0,1.75
-1425.0,475.0,100.0,0.423728813559322,1.75
-1375.0,475.0,100.0,0.847457627118644,1.75
-1325.0,475.0,100.0,1.2711864406779663,1.75
-1275.0,475.0,100.0,1.694915254237288,1.75
-1225.0,475.0,100.0,2.11864406779661,1.75
-1175.0,475.0,100.0,2.5423728813559325,1.75
-1125.0,475.0,100.0,2.9661016949152543,1.75
-1075.0,475.0,100.0,3.389830508474576,1.75
-1025.0,475.0,100.0,3.8135593220338984,1.75
-975.0,475.0,100.0,4.23728813559322,1.75
-925.0,475.0,100.0,4.661016949152542,1.75
-875.0,475.0,100.0,5.084745762711865,1.75
-825.0,475.0,100.0,5.508474576271186,1.75
-775.0,475.0,100.0,5.932203389830509,1.75
-725.0,475.0,100.0,6.3559322033898304,1.75
-675.0,475.0,100.0,6.779661016949152,1.75
-625.0,475.0,100.0,7.203389830508475,1.75
-575.0,475.0,100.0,7.627118644067797,1.75
-525.0,475.0,100.0,8.050847457627118,1.75
-475.0,475.0,100.0,8.47457627118644,1.75
-425.0,475.0,100.0,8.898305084745763,1.75
-375.0,475.0,100.0,9.322033898305085,1.75
-325.0,475.0,100.0,9.745762711864407,1.75
-275.0,475.0,100.0,10.16949152542373,1.75
-225.0,475.0,100.0,10.59322033898305,1.75
-175.0,475.0,100.0,11.016949152542372,1.75
-125.0,475.0,100.0,11.440677966101696,1.75
-75.0,475.0,100.0,11.864406779661017,1.75
-25.0,475.0,100.0,12.288135593220339,1.75
25.0,475.0,100.0,12.711864406779661,1.75
75.0,475.0,100.0,13.135593220338984,1.75
125.0,475.0,100.0,13.559322033898304,1.75
175.0,475.0,100.0,13.983050847457626,1.75
225.0,475.0,100.0,14.40677966101695,1.75
275.0,475.0,100.0,14.83050847457627,1.75
325.0,475.0,100.0,15.254237288135593,1.75
375.0,475.0,100.0,15.677966101694915,1.75
425.0,475.0,100.0,16.101694915254235,1.75
475.0,475.0,100.0,16.52542372881356,1.75
525.0,475.0,100.0,16.94915254237288,1.75
575.0,475.0,100.0,17.372881355932204,1.75
625.0,475.0,100.0,17.796610169491526,1.75
675.0,475.0,100.0,18.220338983050848,1.75
725.0,475.0,100.0,18.64406779661017,1.75
775.0,475.0,100.0,19.06779661016949,1.75
825.0,475.0,100.0,19.491525423728813,1.75
875.0,475.0,100.0,19.915254237288135,1.75
925.0,475.0,100.0,20.33898305084746,1.75
975.0,475.0,100.0,20.76271186440678,1.75
1025.0,475.0,100.0,21.1864406779661,1.75
1075.0,475.0,100.0,21.610169491525426,1.75
1125.0,475.0,100.0,22.033898305084744,1.75
1175.0,475.0,100.0,22.45762711864407,1.75
1225.0,475.0,100.0,22.88135593220339,1.75
1275.0,475.0,100.0,23.30508474576271,1.75
1325.0,475.0,100.0,23.728813559322035,1.75
1375.0,475.0,100.0,24.152542372881356,1.75
1425.0,475.0,100.0,24.576271186440678,1.75
1475.0,475.0,100.0,25.0,1.75
-1475.0,525.0,100.0,0.0,1.75
-1425.0,525.0,100.0,0.423728813559322,1.75
-1375.0,525.0,100.0,0.847457627118644,1.75
-1325.0,525.0,100.0,1.2711864406779663,1.75
-1275.0,525.0,100.0,1.694915254237288,1.75
-1225.0,525.0,100.0,2.11864406779661,1.75
-1175.0,525.0,100.0,2.5423728813559325,1.75
-1125.0,525.0,100.0,2.9661016949152543,1.75
-1075.0,525.0,100.0,3.389830508474576,1.75
-1025.0,525.0,100.0,3.8135593220338984,1.75
-975.0,525.0,100.0,4.23728813559322,1.75
-925.0,525.0,100.0,4.661016949152542,1.75
-875.0,525.0,100.0,5.084745762711865,1.75
-825.0,525.0,100.0,5.508474576271186,1.75
-775.0,525.0,100.0,5.932203389830509,1.75
-725.0,525.0,100.0,6.3559322033898304,1.75
-675.0,525.0,100.0,6.779661016949152,1.75
-625.0,525.0,100.0,7.203389830508475,1.75
-575.0,525.0,100.0,7.627118644067797,1.75
-525.0,525.0,100.0,8.050847457627118,1.75
-475.0,525.0,100.0,8.47457627118644,1.75
-425.0,525.0,100.0,8.898305084745763,1.75
-375.0,525.0,100.0,9.322033898305085,1.75
-325.0,525.0,100.0,9.745762711864407,1.75
-275.0,525.0,100.0,10.16949152542373,1.75
-225.0,525.0,100.0,10.59322033898305,1.75
-175.0,525.0,100.0,11.016949152542372,1.75
-125.0,525.0,100.0,11.440677966101696,1.75
-75.0,525.0,100.0,11.864406779661017,1.75
-25.0,525.0,100.0,12.288135593220339,1.75
25.0,525.0,100.0,12.711864406779661,1.75
75.0,525.0,100.0,13.135593220338984,1.75
125.0,525.0,100.0,13.559322033898304,1.75
175.0,525.0,100.0,13.983050847457626,1.75
225.0,525.0,100.0,14.40677966101695,1.75
275.0,525.0,100.0,14.83050847457627,1.75
325.0,525.0,100.0,15.254237288135593,1.75
375.0,525.0,100.0,15.677966101694915,1.75
425.0,525.0,100.0,16.101694915254235,1.75
475.0,525.0,100.0,16.52542372881356,1.75
525.0,525.0,100.0,16.94915254237288,1.75
575.0,525.0,100.0,17.372881355932204,1.75
625.0,525.0,100.0,17.796610169491526,1.75
675.0,525.0,100.0,18.220338983050848,1.75
725.0,525.0,100.0,18.64406779661017,1.75
775.0,525.0,100.0,19.06779661016949,1.75
825.0,525.0,100.0,19.491525423728813,1.75
875.0,525.0,100.0,19.915254237288135,1.75
925.0,525.0,100.0,20.33898305084746,1.75
975.0,525.0,100.0,20.76271186440678,1.75
1025.0,525.0,100.0,21.1864406779661,1.75
1075.0,525.0,100.0,21.610169491525426,1.75
1125.0,525.0,100.0,22.033898305084744,1.75
1175.0,525.0,100.0,22.45762711864407,1.75
1225.0,525.0,100.0,22.88135593220339,1.75
1275.0,525.0,100.0,23.30508474576271,1.75
1325.0,525.0,100.0,23.728813559322035,1.75
1375.0,525.0,100.0,24.152542372881356,1.75
1425.0,525.0,100.0,24.576271186440678,1.75
1475.0,525.0,100.0,25.0,1.75
-1475.0,575.0,100.0,0.0,1.75
-1425.0,575.0,100.0,0.423728813559322,1.75
-1375.0,575.0,100.0,0.847457627118644,1.75
-1325.0,575.0,100.0,1.2711864406779663,1.75
-1275.0,575.0,100.0,1.694915254237288,1.75
-1225.0,575.0,100.0,2.11864406779661,1.75
-1175.0,575.0,100.0,2.5423728813559325,1.75
-1125.0,575.0,100.0,2.9661016949152543,1.75
-1075.0,575.0,100.0,3.389830508474576,1.75
-1025.0,575.0,100.0,3.8135593220338984,1.75
-975.0,575.0,100.0,4.23728813559322,1.75
-925.0,575.0,100.0,4.661016949152542,1.75
-875.0,575.0,100.0,5.084745762711865,1.75
-825.0,575.0,100.0,5.508474576271186,1.75
-775.0,575.0,100.0,5.932203389830509,1.75
-725.0,575.0,100.0,6.3559322033898304,1.75
-675.0,575.0,100.0,6.779661016949152,1.75
-625.0,575.0,100.0,7.203389830508475,1.75
-575.0,575.0,100.0,7.627118644067797,1.75
-525.0,575.0,100.0,8.050847457627118,1.75
-475.0,575.0,100.0,8.47457627118644,1.75
-425.0,575.0,100.0,8.898305084745763,1.75
-375.0,575.0,100.0,9.322033898305085,1.75
-325.0,575.0,100.0,9.745762711864407,1.75
-275.0,575.0,100.0,10.16949152542373,1.75
-225.0,575.0,100.0,10.59322033898305,1.75
-175.0,575.0,100.0,11.016949152542372,1.75
-125.0,575.0,100.0,11.440677966101696,1.75
-75.0,575.0,100.0,11.864406779661017,1.75
-25.0,575.0,100.0,12.288135593220339,1.75
25.0,575.0,100.0,12.711864406779661,1.75
75.0,575.0,100.0,13.135593220338984,1.75
125.0,575.0,100.0,13.559322033898304,1.75
175.0,575.0,100.0,13.983050847457626,1.75
225.0,575.0,100.0,14.40677966101695,1.75
275.0,575.0,100.0,14.83050847457627,1.75
325.0,575.0,100.0,15.254237288135593,1.75
375.0,575.0,100.0,15.677966101694915,1.75
425.0,575.0,100.0,16.101694915254235,1.75
475.0,575.0,100.0,16.52542372881356,1.75
525.0,575.0,100.0,16.94915254237288,1.75
575.0,575.0,100.0,17.372881355932204,1.75
625.0,575.0,100.0,17.796610169491526,1.75
675.0,575.0,100.0,18.220338983050848,1.75
725.0,575.0,100.0,18.64406779661017,1.75
775.0,575.0,100.0,19.06779661016949,1.75
825.0,575.0,100.0,19.491525423728813,1.75
875.0,575.0,100.0,19.915254237288135,1.75
925.0,575.0,100.0,20.33898305084746,1.75
975.0,575.0,100.0,20.76271186440678,1.75
1025.0,575.0,100.0,21.1864406779661,1.75
1075.0,575.0,100.0,21.610169491525426,1.75
1125.0,575.0,100.0,22.033898305084744,1.75
1175.0,575.0,100.0,22.45762711864407,1.75
1225.0,575.0,100.0,22.88135593220339,1.75
1275.0,575.0,100.0,23.30508474576271,1.75
1325.0,575.0,100.0,23.728813559322035,1.75
1375.0,575.0,100.0,24.152542372881356,1.75
1425.0,575.0,100.0,24.576271186440678,1.75
1475.0,575.0,100.0,25.0,1.75
-1475.0,625.0,100.0,0.0,1.75
-1425.0,625.0,100.0,0.423728813559322,1.75
-1375.0,625.0,100.0,0.847457627118644,1.75
-1325.0,625.0,100.0,1.2711864406779663,1.75
-1275.0,625.0,100.0,1.694915254237288,1.75
-1225.0,625.0,100.0,2.11864406779661,1.75
-1175.0,625.0,100.0,2.5423728813559325,1.75
-1125.0,625.0,100.0,2.9661016949152543,1.75
-1075.0,625.0,100.0,3.389830508474576,1.75
-1025.0,625.0,100.0,3.8135593220338984,1.75
-975.0,625.0,100.0,4.23728813559322,1.75
-925.0,625.0,100.0,4.661016949152542,1.75
-875.0,625.0,100.0,5.084745762711865,1.75
-825.0,625.0,100.0,5.508474576271186,1.75
-775.0,625.0,100.0,5.932203389830509,1.75
-725.0,625.0,100.0,6.3559322033898304,1.75
-675.0,625.0,100.0,6.779661016949152,1.75
-625.0,625.0,100.0,7.203389830508475,1.75
-575.0,625.0,100.0,7.627118644067797,1.75
-525.0,625.0,100.0,8.050847457627118,1.75
-475.0,625.0,100.0,8.47457627118644,1.75
-425.0,625.0,100.0,8.898305084745763,1.75
-375.0,625.0,100.0,9.322033898305085,1.75
-325.0,625.0,100.0,9.745762711864407,1.75
-275.0,625.0,100.0,10.16949152542373,1.75
-225.0,625.0,100.0,10.59322033898305,1.75
-175.0,625.0,100.0,11.016949152542372,1.75
-125.0,625.0,100.0,11.440677966101696,1.75
-75.0,625.0,100.0,11.864406779661017,1.75
-25.0,625.0,100.0,12.288135593220339,1.75
25.0,625.0,100.0,12.711864406779661,1.75
75.0,625.0,100.0,13.135593220338984,1.75
125.0,625.0,100.0,13.559322033898304,1.75
175.0,625.0,100.0,13.983050847457626,1.75
225.0,625.0,100.0,14.40677966101695,1.75
275.0,625.0,100.0,14.83050847457627,1.75
325.0,625.0,100.0,15.254237288135593,1.75
375.0,625.0,100.0,15.677966101694915,1.75
425.0,625.0,100.0,16.101694915254235,1.75
475.0,625.0,100.0,16.52542372881356,1.75
525.0,625.0,100.0,16.94915254237288,1.75
575.0,625.0,100.0,17.372881355932204,1.75
625.0,625.0,100.0,17.796610169491526,1.75
675.0,625.0,100.0,18.220338983050848,1.75
725.0,625.0,100.0,18.64406779661017,1.75
775.0,625.0,100.0,19.06779661016949,1.75
825.0,625.0,100.0,19.491525423728813,1.75
875.0,625.0,100.0,19.915254237288135,1.75
925.0,625.0,100.0,20.33898305084746,1.75
975.0,625.0,100.0,20.76271186440678,1.75
1025.0,625.0,100.0,21.1864406779661,1.75
1075.0,625.0,100.0,21.610169491525426,1.75
1125.0,625.0,100.0,22.033898305084744,1.75
1175.0,625.0,100.0,22.45762711864407,1.75
1225.0,625.0,100.0,22.88135593220339,1.75
1275.0,625.0,100.0,23.30508474576271,1.75
1325.0,625.0,100.0,23.728813559322035,1.75
1375.0,625.0,100.0,24.152542372881356,1.75
1425.0,625.0,100.0,24.576271186440678,1.75
1475.0,625.0,100.0,25.0,1.75
-1475.0,675.0,100.0,0.0,1.75
-1425.0,675.0,100.0,0.423728813559322,1.75
-1375.0,675.0,100.0,0.847457627118644,1.75
-1325.0,675.0,100.0,1.2711864406779663,1.75
-1275.0,675.0,100.0,1.694915254237288,1.75
-1225.0,675.0,100.0,2.11864406779661,1.75
-1175.0,675.0,100.0,2.5423728813559325,1.75
-1125.0,675.0,100.0,2.9661016949152543,1.75
-1075.0,675.0,100.0,3.389830508474576,1.75
-1025.0,675.0,100.0,3.8135593220338984,1.75
-975.0,675.0,100.0,4.23728813559322,1.75
-925.0,675.0,100.0,4.661016949152542,1.75
-875.0,675.0,100.0,5.084745762711865,1.75
-825.0,675.0,100.0,5.508474576271186,1.75
-775.0,675.0,100.0,5.932203389830509,1.75
-725.0,675.0,100.0,6.3559322033898304,1.75
-675.0,675.0,100.0,6.779661016949152,1.75
-625.0,675.0,100.0,7.203389830508475,1.75
-575.0,675.0,100.0,7.627118644067797,1.75
-525.0,675.0,100.0,8.050847457627118,1.75
-475.0,675.0,100.0,8.47457627118644,1.75
-425.0,675.0,100.0,8.898305084745763,1.75
-375.0,675.0,100.0,9.322033898305085,1.75
-325.0,675.0,100.0,9.745762711864407,1.75
-275.0,675.0,100.0,10.16949152542373,1.75
-225.0,675.0,100.0,10.59322033898305,1.75
-175.0,675.0,100.0,11.016949152542372,1.75
-125.0,675.0,100.0,11.440677966101696,1.75
-75.0,675.0,100.0,11.864406779661017,1.75
-25.0,675.0,100.0,12.288135593220339,1.75
25.0,675.0,100.0,12.711864406779661,1.75
75.0,675.0,100.0,13.135593220338984,1.75
125.0,675.0,100.0,13.559322033898304,1.75
175.0,675.0,100.0,13.983050847457626,1.75
225.0,675.0,100.0,14.40677966101695,1.75
275.0,675.0,100.0,14.83050847457627,1.75
325.0,675.0,100.0,15.254237288135593,1.75
375.0,675.0,100.0,15.677966101694915,1.75
425.0,675.0,100.0,16.101694915254235,1.75
475.0,675.0,100.0,16.52542372881356,1.75
525.0,675.0,100.0,16.94915254237288,1.75
575.0,675.0,100.0,17.372881355932204,1.75
625.0,675.0,100.0,17.796610169491526,1.75
675.0,675.0,100.0,18.220338983050848,1.75
725.0,675.0,100.0,18.64406779661017,1.75
775.0,675.0,100.0,19.06779661016949,1.75
825.0,675.0,100.0,19.491525423728813,1.75
875.0,675.0,100.0,19.915254237288135,1.75
925.0,675.0,100.0,20.33898305084746,1.75
975.0,675.0,100.0,20.76271186440678,1.75
1025.0,675.0,100.0,21.1864406779661,1.75
1075.0,675.0,100.0,21.610169491525426,1.75
1125.0,675.0,100.0,22.033898305084744,1.75
1175.0,675.0,100.0,22.45762711864407,1.75
1225.0,675.0,100.0,22.88135593220339,1.75
1275.0,675.0,100.0,23.30508474576271,1.75
1325.0,675.0,100.0,23.728813559322035,1.75
1375.0,675.0,100.0,24.152542372881356,1.75
1425.0,675.0,100.0,24.576271186440678,1.75
1475.0,675.0,100.0,25.0,1.75
-1475.0,725.0,100.0,0.0,1.75
-1425.0,725.0,100.0,0.423728813559322,1.75
-1375.0,725.0,100.0,0.847457627118644,1.75
-1325.0,725.0,100.0,1.2711864406779663,1.75
-1275.0,725.0,100.0,1.694915254237288,1.75
-1225.0,725.0,100.0,2.11864406779661,1.75
-1175.0,725.0,100.0,2.5423728813559325,1.75
-1125.0,725.0,100.0,2.9661016949152543,1.75
-1075.0,725.0,100.0,3.389830508474576,1.75
-1025.0,725.0,100.0,3.8135593220338984,1.75
-975.0,725.0,100.0,4.23728813559322,1.75
-925.0,725.0,100.0,4.661016949152542,1.75
-875.0,725.0,100.0,5.084745762711865,1.75
-825.0,725.0,100.0,5.508474576271186,1.75
-775.0,725.0,100.0,5.932203389830509,1.75
-725.0,725.0,100.0,6.3559322033898304,1.75
-675.0,725.0,100.0,6.779661016949152,1.75
-625.0,725.0,100.0,7.203389830508475,1.75
-575.0,725.0,100.0,7.627118644067797,1.75
-525.0,725.0,100.0,8.050847457627118,1.75
-475.0,725.0,100.0,8.47457627118644,1.75
-425.0,725.0,100.0,8.898305084745763,1.75
-375.0,725.0,100.0,9.322033898305085,1.75
-325.0,725.0,100.0,9.745762711864407,1.75
-275.0,725.0,100.0,10.16949152542373,1.75
-225.0,725.0,100.0,10.59322033898305,1.75
-175.0,725.0,100.0,11.016949152542372,1.75
-125.0,725.0,100.0,11.440677966101696,1.75
-75.0,725.0,100.0,11.864406779661017,1.75
-25.0,725.0,100.0,12.288135593220339,1.75
25.0,725.0,100.0,12.711864406779661,1.75
75.0,725.0,100.0,13.135593220338984,1.75
125.0,725.0,100.0,13.559322033898304,1.75
175.0,725.0,100.0,13.983050847457626,1.75
225.0,725.0,100.0,14.40677966101695,1.75
275.0,725.0,100.0,14.83050847457627,1.75
325.0,725.0,100.0,15.254237288135593,1.75
375.0,725.0,100.0,15.677966101694915,1.75
425.0,725.0,100.0,16.101694915254235,1.75
475.0,725.0,100.0,16.52542372881356,1.75
525.0,725.0,100.0,16.94915254237288,1.75
575.0,725.0,100.0,17.372881355932204,1.75
625.0,725.0,100.0,17.796610169491526,1.75
675.0,725.0,100.0,18.220338983050848,1.75
725.0,725.0,100.0,18.64406779661017,1.75
775.0,725.0,100.0,19.06779661016949,1.75
825.0,725.0,100.0,19.491525423728813,1.75
875.0,725.0,100.0,19.915254237288135,1.75
925.0,725.0,100.0,20.33898305084746,1.75
975.0,725.0,100.0,20.76271186440678,1.75
1025.0,725.0,100.0,21.1864406779661,1.75
1075.0,725.0,100.0,21.610169491525426,1.75
1125.0,725.0,100.0,22.033898305084744,1.75
1175.0,725.0,100.0,22.45762711864407,1.75
1225.0,725.0,100.0,22.88135593220339,1.75
1275.0,725.0,100.0,23.30508474576271,1.75
1325.0,725.0,100.0,23.728813559322035,1.75
1375.0,725.0,100.0,24.152542372881356,1.75
1425.0,725.0,100.0,24.576271186440678,1.75
1475.0,725.0,100.0,25.0,1.75
-1475.0,775.0,100.0,0.0,1.75
-1425.0,775.0,100.0,0.423728813559322,1.75
-1375.0,775.0,100.0,0.847457627118644,1.75
-1325.0,775.0,100.0,1.2711864406779663,1.75
-1275.0,775.0,100.0,1.694915254237288,1.75
-1225.0,775.0,100.0,2.11864406779661,1.75
-1175.0,775.0,100.0,2.5423728813559325,1.75
-1125.0,775.0,100.0,2.9661016949152543,1.75
-1075.0,775.0,100.0,3.389830508474576,1.75
-1025.0,775.0,100.0,3.8135593220338984,1.75
-975.0,775.0,100.0,4.23728813559322,1.75
-925.0,775.0,100.0,4.661016949152542,1.75
-875.0,775.0,100.0,5.084745762711865,1.75
-825.0,775.0,100.0,5.508474576271186,1.75
-775.0,775.0,100.0,5.932203389830509,1.75
-725.0,775.0,100.0,6.3559322033898304,1.75
-675.0,775.0,100.0,6.779661016949152,1.75
-625.0,775.0,100.0,7.203389830508475,1.75
-575.0,775.0,100.0,7.627118644067797,1.75
-525.0,775.0,100.0,8.050847457627118,1.75
-475.0,775.0,100.0,8.47457627118644,1.75
-425.0,775.0,100.0,8.898305084745763,1.75
-375.0,775.0,100.0,9.322033898305085,1.75
-325.0,775.0,100.0,9.745762711864407,1.75
-275.0,775.0,100.0,10.16949152542373,1.75
-225.0,775.0,100.0,10.59322033898305,1.75
-175.0,775.0,100.0,11.016949152542372,1.75
-125.0,775.0,100.0,11.440677966101696,1.75
-75.0,775.0,100.0,11.864406779661017,1.75
-25.0,775.0,100.0,12.288135593220339,1.75
25.0,775.0,100.0,12.711864406779661,1.75
75.0,775.0,100.0,13.135593220338984,1.75
125.0,775.0,100.0,13.559322033898304,1.75
175.0,775.0,100.0,13.983050847457626,1.75
225.0,775.0,100.0,14.40677966101695,1.75
275.0,775.0,100.0,14.83050847457627,1.75
325.0,775.0,100.0,15.254237288135593,1.75
375.0,775.0,100.0,15.677966101694915,1.75
425.0,775.0,100.0,16.101694915254235,1.75
475.0,775.0,100.0,16.52542372881356,1.75
525.0,775.0,100.0,16.94915254237288,1.75
575.0,775.0,100.0,17.372881355932204,1.75
625.0,775.0,100.0,17.796610169491526,1.75
675.0,775.0,100.0,18.220338983050848,1.75
725.0,775.0,100.0,18.64406779661017,1.75
775.0,775.0,100.0,19.06779661016949,1.75
825.0,775.0,100.0,19.491525423728813,1.75
875.0,775.0,100.0,19.915254237288135,1.75
925.0,775.0,100.0,20.33898305084746,1.75
975.0,775.0,100.0,20.76271186440678,1.75
1025.0,775.0,100.0,21.1864406779661,1.75
1075.0,775.0,100.0,21.610169491525426,1.75
1125.0,775.0,100.0,22.033898305084744,1.75
1175.0,775.0,100.0,22.45762711864407,1.75
1225.0,775.0,100.0,22.88135593220339,1.75
1275.0,775.0,100.0,23.30508474576271,1.75
1325.0,775.0,100.0,23.728813559322035,1.75
1375.0,775.0,100.0,24.152542372881356,1.75
1425.0,775.0,100.0,24.576271186440678,1.75
1475.0,775.0,100.0,25.0,1.75
-1475.0,825.0,100.0,0.0,1.75
-1425.0,825.0,100.0,0.423728813559322,1.75
-1375.0,825.0,100.0,0.847457627118644,1.75
-1325.0,825.0,100.0,1.2711864406779663,1.75
-1275.0,825.0,100.0,1.694915254237288,1.75
-1225.0,825.0,100.0,2.11864406779661,1.75
-1175.0,825.0,100.0,2.5423728813559325,1.75
-1125.0,825.0,100.0,2.9661016949152543,1.75
-1075.0,825.0,100.0,3.389830508474576,1.75
-1025.0,825.0,100.0,3.8135593220338984,1.75
-975.0,825.0,100.0,4.23728813559322,1.75
-925.0,825.0,100.0,4.661016949152542,1.75
-875.0,825.0,100.0,5.084745762711865,1.75
-825.0,825.0,100.0,5.508474576271186,1.75
-775.0,825.0,100.0,5.932203389830509,1.75
-725.0,825.0,100.0,6.3559322033898304,1.75
-675.0,825.0,100.0,6.779661016949152,1.75
-625.0,825.0,100.0,7.203389830508475,1.75
-575.0,825.0,100.0,7.627118644067797,1.75
-525.0,825.0,100.0,8.050847457627118,1.75
-475.0,825.0,100.0,8.47457627118644,1.75
-425.0,825.0,100.0,8.898305084745763,1.75
-375.0,825.0,100.0,9.322033898305085,1.75
-325.0,825.0,100.0,9.745762711864407,1.75
-275.0,825.0,100.0,10.16949152542373,1.75
-225.0,825.0,100.0,10.59322033898305,1.75
-175.0,825.0,100.0,11.016949152542372,1.75
-125.0,825.0,100.0,11.440677966101696,1.75
-75.0,825.0,100.0,11.864406779661017,1.75
-25.0,825.0,100.0,12.288135593220339,1.75
25.0,825.0,100.0,12.711864406779661,1.75
75.0,825.0,100.0,13.135593220338984,1.75
125.0,825.0,100.0,13.559322033898304,1.75
175.0,825.0,100.0,13.983050847457626,1.75
225.0,825.0,100.0,14.40677966101695,1.75
275.0,825.0,100.0,14.83050847457627,1.75
325.0,825.0,100.0,15.254237288135593,1.75
375.0,825.0,100.0,15.677966101694915,1.75
425.0,825.0,100.0,16.101694915254235,1.75
475.0,825.0,100.0,16.52542372881356,1.75
525.0,825.0,100.0,16.94915254237288,1.75
575.0,825.0,100.0,17.372881355932204,1.75
625.0,825.0,100.0,17.796610169491526,1.75
675.0,825.0,100.0,18.220338983050848,1.75
725.0,825.0,100.0,18.64406779661017,1.75
775.0,825.0,100.0,19.06779661016949,1.75
825.0,825.0,100.0,19.491525423728813,1.75
875.0,825.0,100.0,19.915254237288135,1.75
925.0,825.0,100.0,20.33898305084746,1.75
975.0,825.0,100.0,20.76271186440678,1.75
1025.0,825.0,100.0,21.1864406779661,1.75
1075.0,825.0,100.0,21.610169491525426,1.75
1125.0,825.0,100.0,22.033898305084744,1.75
1175.0,825.0,100.0,22.45762711864407,1.75
1225.0,825.0,100.0,22.88135593220339,1.75
1275.0,825.0,100.0,23.30508474576271,1.75
1325.0,825.0,100.0,23.728813559322035,1.75
1375.0,825.0,100.0,24.152542372881356,1.75
1425.0,825.0,100.0,24.576271186440678,1.75
1475.0,825.0,100.0,25.0,1.75
-1475.0,875.0,100.0,0.0,1.75
-1425.0,875.0,100.0,0.423728813559322,1.75
-1375.0,875.0,100.0,0.847457627118644,1.75
-1325.0,875.0,100.0,1.2711864406779663,1.75
-1275.0,875.0,100.0,1.694915254237288,1.75
-1225.0,875.0,100.0,2.11864406779661,1.75
-1175.0,875.0,100.0,2.5423728813559325,1.75
-1125.0,875.0,100.0,2.9661016949152543,1.75
-1075.0,875.0,100.0,3.389830508474576,1.75
-1025.0,875.0,100.0,3.8135593220338984,1.75
-975.0,875.0,100.0,4.23728813559322,1.75
-925.0,875.0,100.0,4.661016949152542,1.75
-875.0,875.0,100.0,5.084745762711865,1.75
-825.0,875.0,100.0,5.508474576271186,1.75
-775.0,875.0,100.0,5.932203389830509,1.75
-725.0,875.0,100.0,6.3559322033898304,1.75
-675.0,875.0,100.0,6.779661016949152,1.75
-625.0,875.0,100.0,7.203389830508475,1.75
-575.0,875.0,100.0,7.627118644067797,1.75
-525.0,875.0,100.0,8.050847457627118,1.75
-475.0,875.0,100.0,8.47457627118644,1.75
-425.0,875.0,100.0,8.898305084745763,1.75
-375.0,875.0,100.0,9.322033898305085,1.75
-325.0,875.0,100.0,9.745762711864407,1.75
-275.0,875.0,100.0,10.16949152542373,1.75
-225.0,875.0,100.0,10.59322033898305,1.75
-175.0,875.0,100.0,11.016949152542372,1.75
-125.0,875.0,100.0,11.440677966101696,1.75
-75.0,875.0,100.0,11.864406779661017,1.75
-25.0,875.0,100.0,12.288135593220339,1.75
25.0,875.0,100.0,12.711864406779661,1.75
75.0,875.0,100.0,13.135593220338984,1.75
125.0,875.0,100.0,13.559322033898304,1.75
175.0,875.0,100.0,13.983050847457626,1.75
225.0,875.0,100.0,14.40677966101695,1.75
275.0,875.0,100.0,14.83050847457627,1.75
325.0,875.0,100.0,15.254237288135593,1.75
375.0,875.0,100.0,15.677966101694915,1.75
425.0,875.0,100.0,16.101694915254235,1.75
475.0,875.0,100.0,16.52542372881356,1.75
525.0,875.0,100.0,16.94915254237288,1.75
575.0,875.0,100.0,17.372881355932204,1.75
625.0,875.0,100.0,17.796610169491526,1.75
675.0,875.0,100.0,18.220338983050848,1.75
725.0,875.0,100.0,18.64406779661017,1.75
775.0,875.0,100.0,19.06779661016949,1.75
825.0,875.0,100.0,19.491525423728813,1.75
875.0,875.0,100.0,19.915254237288135,1.75
925.0,875.0,100.0,20.33898305084746,1.75
975.0,875.0,100.0,20.76271186440678,1.75
1025.0,875.0,100.0,21.1864406779661,1.75
1075.0,875.0,100.0,21.610169491525426,1.75
1125.0,875.0,100.0,22.033898305084744,1.75
1175.0,875.0,100.0,22.45762711864407,1.75
1225.0,875.0,100.0,22.88135593220339,1.75
1275.0,875.0,100.0,23.30508474576271,1.75
1325.0,875.0,100.0,23.728813559322035,1.75
1375.0,875.0,100.0,24.152542372881356,1.75
1425.0,875.0,100.0,24.576271186440678,1.75
1475.0,875.0,100.0,25.0,1.75
-1475.0,925.0,100.0,0.0,1.75
-1425.0,925.0,100.0,0.423728813559322,1.75
-1375.0,925.0,100.0,0.847457627118644,1.75
-1325.0,925.0,100.0,1.2711864406779663,1.75
-1275.0,925.0,100.0,1.694915254237288,1.75
-1225.0,925.0,100.0,2.11864406779661,1.75
-1175.0,925.0,100.0,2.5423728813559325,1.75
-1125.0,925.0,100.0,2.9661016949152543,1.75
-1075.0,925.0,100.0,3.389830508474576,1.75
-1025.0,925.0,100.0,3.8135593220338984,1.75
-975.0,925.0,100.0,4.23728813559322,1.75
-925.0,925.0,100.0,4.661016949152542,1.75
-875.0,925.0,100.0,5.084745762711865,1.75
-825.0,925.0,100.0,5.508474576271186,1.75
-775.0,925.0,100.0,5.932203389830509,1.75
-725.0,925.0,100.0,6.3559322033898304,1.75
-675.0,925.0,100.0,6.779661016949152,1.75
-625.0,925.0,100.0,7.203389830508475,1.75
-575.0,925.0,100.0,7.627118644067797,1.75
-525.0,925.0,100.0,8.050847457627118,1.75
-475.0,925.0,100.0,8.47457627118644,1.75
-425.0,925.0,100.0,8.898305084745763,1.75
-375.0,925.0,100.0,9.322033898305085,1.75
-325.0,925.0,100.0,9.745762711864407,1.75
-275.0,925.0,100.0,10.16949152542373,1.75
-225.0,925.0,100.0,10.59322033898305,1.75
-175.0,925.0,100.0,11.016949152542372,1.75
-125.0,925.0,100.0,11.440677966101696,1.75
-75.0,925.0,100.0,11.864406779661017,1.75
-25.0,925.0,100.0,12.288135593220339,1.75
25.0,925.0,100.0,12.711864406779661,1.75
75.0,925.0,100.0,13.135593220338984,1.75
125.0,925.0,100.0,13.559322033898304,1.75
175.0,925.0,100.0,13.983050847457626,1.75
225.0,925.0,100.0,14.40677966101695,1.75
275.0,925.0,100.0,14.83050847457627,1.75
325.0,925.0,100.0,15.254237288135593,1.75
375.0,925.0,100.0,15.677966101694915,1.75
425.0,925.0,100.0,16.101694915254235,1.75
475.0,925.0,100.0,16.52542372881356,1.75
525.0,925.0,100.0,16.94915254237288,1.75
575.0,925.0,100.0,17.372881355932204,1.75
625.0,925.0,100.0,17.796610169491526,1.75
675.0,925.0,100.0,18.220338983050848,1.75
725.0,925.0,100.0,18.64406779661017,1.75
775.0,925.0,100.0,19.06779661016949,1.75
825.0,925.0,100.0,19.491525423728813,1.75
875.0,925.0,100.0,19.915254237288135,1.75
925.0,925.0,100.0,20.33898305084746,1.75
975.0,925.0,100.0,20.76271186440678,1.75
1025.0,925.0,100.0,21.1864406779661,1.75
1075.0,925.0,100.0,21.610169491525426,1.75
1125.0,925.0,100.0,22.033898305084744,1.75
1175.0,925.0,100.0,22.45762711864407,1.75
1225.0,925.0,100.0,22.88135593220339,1.75
1275.0,925.0,100.0,23.30508474576271,1.75
1325.0,925.0,100.0,23.728813559322035,1.75
1375.0,925.0,100.0,24.152542372881356,1.75
1425.0,925.0,100.0,24.576271186440678,1.75
1475.0,925.0,100.0,25.0,1.75
-1475.0,975.0,100.0,0.0,1.75
-1425.0,975.0,100.0,0.423728813559322,1.75
-1375.0,975.0,100.0,0.847457627118644,1.75
-1325.0,975.0,100.0,1.2711864406779663,1.75
-1275.0,975.0,100.0,1.694915254237288,1.75
-1225.0,975.0,100.0,2.11864406779661,1.75
-1175.0,975.0,100.0,2.5423728813559325,1.75
-1125.0,975.0,100.0,2.9661016949152543,1.75
-1075.0,975.0,100.0,3.389830508474576,1.75
-1025.0,975.0,100.0,3.8135593220338984,1.75
-975.0,975.0,100.0,4.23728813559322,1.75
-925.0,975.0,100.0,4.661016949152542,1.75
-875.0,975.0,100.0,5.084745762711865,1.75
-825.0,975.0,100.0,5.508474576271186,1.75
-775.0,975.0,100.0,5.932203389830509,1.75
-725.0,975.0,100.0,6.3559322033898304,1.75
-675.0,975.0,100.0,6.779661016949152,1.75
-625.0,975.0,100.0,7.203389830508475,1.75
-575.0,975.0,100.0,7.627118644067797,1.75
-525.0,975.0,100.0,8.050847457627118,1.75
-475.0,975.0,100.0,8.47457627118644,1.75
-425.0,975.0,100.0,8.898305084745763,1.75
-375.0,975.0,100.0,9.322033898305085,1.75
-325.0,975.0,100.0,9.745762711864407,1.75
-275.0,975.0,100.0,10.16949152542373,1.75
-225.0,975.0,100.0,10.59322033898305,1.75
-175.0,975.0,100.0,11.016949152542372,1.75
-125.0,975.0,100.0,11.440677966101696,1.75
-75.0,975.0,100.0,11.864406779661017,1.75
-25.0,975.0,100.0,12.288135593220339,1.75
25.0,975.0,100.0,12.711864406779661,1.75
75.0,975.0,100.0,13.135593220338984,1.75
125.0,975.0,100.0,13.559322033898304,1.75
175.0,975.0,100.0,13.983050847457626,1.75
225.0,975.0,100.0,14.40677966101695,1.75
275.0,975.0,100.0,14.83050847457627,1.75
325.0,975.0,100.0,15.254237288135593,1.75
375.0,975.0,100.0,15.677966101694915,1.75
425.0,975.0,100.0,16.101694915254235,1.75
475.0,975.0,100.0,16.52542372881356,1.75
525.0,975.0,100.0,16.94915254237288,1.75
575.0,975.0,100.0,17.372881355932204,1.75
625.0,975.0,100.0,17.796610169491526,1.75
675.0,975.0,100.0,18.220338983050848,1.75
725.0,975.0,100.0,18.64406779661017,1.75
775.0,975.0,100.0,19.06779661016949,1.75
825.0,975.0,100.0,19.491525423728813,1.75
875.0,975.0,100.0,19.915254237288135,1.75
925.0,975.0,100.0,20.33898305084746,1.75
975.0,975.0,100.0,20.76271186440678,1.75
1025.0,975.0,100.0,21.1864406779661,1.75
1075.0,975.0,100.0,21.610169491525426,1.75
1125.0,975.0,100.0,22.033898305084744,1.75
1175.0,975.0,100.0,22.45762711864407,1.75
1225.0,975.0,100.0,22.88135593220339,1.75
1275.0,975.0,100.0,23.30508474576271,1.75
1325.0,975.0,100.0,23.728813559322035,1.75
1375.0,975.0,100.0,24.152542372881356,1.75
1425.0,975.0,100.0,24.576271186440678,1.75
1475.0,975.0,100.0,25.0,1.75
-1475.0,1025.0,100.0,0.0,1.75
-1425.0,1025.0,100.0,0.423728813559322,1.75
-1375.0,1025.0,100.0,0.847457627118644,1.75
-1325.0,1025.0,100.0,1.2711864406779663,1.75
-1275.0,1025.0,100.0,1.694915254237288,1.75
-1225.0,1025.0,100.0,2.11864406779661,1.75
-1175.0,1025.0,100.0,2.5423728813559325,1.75
-1125.0,1025.0,100.0,2.9661016949152543,1.75
-1075.0,1025.0,100.0,3.389830508474576,1.75
-1025.0,1025.0,100.0,3.8135593220338984,1.75
-975.0,1025.0,100.0,4.23728813559322,1.75
-925.0,1025.0,100.0,4.661016949152542,1.75
-875.0,1025.0,100.0,5.084745762711865,1.75
-825.0,1025.0,100.0,5.508474576271186,1.75
-775.0,1025.0,100.0,5.932203389830509,1.75
-725.0,1025.0,100.0,6.3559322033898304,1.75
-675.0,1025.0,100.0,6.779661016949152,1.75
-625.0,1025.0,100.0,7.203389830508475,1.75
-575.0,1025.0,100.0,7.627118644067797,1.75
-525.0,1025.0,100.0,8.050847457627118,1.75
-475.0,1025.0,100.0,8.47457627118644,1.75
-425.0,1025.0,100.0,8.898305084745763,1.75
-375.0,1025.0,100.0,9.322033898305085,1.75
-325.0,1025.0,100.0,9.745762711864407,1.75
-275.0,1025.0,100.0,10.16949152542373,1.75
-225.0,1025.0,100.0,10.59322033898305,1.75
-175.0,1025.0,100.0,11.016949152542372,1.75
-125.0,1025.0,100.0,11.440677966101696,1.75
-75.0,1025.0,100.0,11.864406779661017,1.75
-25.0,1025.0,100.0,12.288135593220339,1.75
25.0,1025.0,100.0,12.711864406779661,1.75
75.0,1025.0,100.0,13.135593220338984,1.75
125.0,1025.0,100.0,13.559322033898304,1.75
175.0,1025.0,100.0,13.983050847457626,1.75
225.0,1025.0,100.0,14.40677966101695,1.75
275.0,1025.0,100.0,14.83050847457627,1.75
325.0,1025.0,100.0,15.254237288135593,1.75
375.0,1025.0,100.0,15.677966101694915,1.75
425.0,1025.0,100.0,16.101694915254235,1.75
475.0,1025.0,100.0,16.52542372881356,1.75
525.0,1025.0,100.0,16.94915254237288,1.75
575.0,1025.0,100.0,17.372881355932204,1.75
625.0,1025.0,100.0,17.796610169491526,1.75
675.0,1025.0,100.0,18.220338983050848,1.75
725.0,1025.0,100.0,18.64406779661017,1.75
775.0,1025.0,100.0,19.06779661016949,1.75
825.0,1025.0,100.0,19.491525423728813,1.75
875.0,1025.0,100.0,19.915254237288135,1.75
925.0,1025.0,100.0,20.33898305084746,1.75
975.0,1025.0,100.0,20.76271186440678,1.75
1025.0,1025.0,100.0,21.1864406779661,1.75
1075.0,1025.0,100.0,21.610169491525426,1.75
1125.0,1025.0,100.0,22.033898305084744,1.75
1175.0,1025.0,100.0,22.45762711864407,1.75
1225.0,1025.0,100.0,22.88135593220339,1.75
1275.0,1025.0,100.0,23.30508474576271,1.75
1325.0,1025.0,100.0,23.728813559322035,1.75
1375.0,1025.0,100.0,24.152542372881356,1.75
1425.0,1025.0,100.0,24.576271186440678,1.75
1475.0,1025.0,100.0,25.0,1.75
-1475.0,1075.0,100.0,0.0,1.75
-1425.0,1075.0,100.0,0.423728813559322,1.75
-1375.0,1075.0,100.0,0.847457627118644,1.75
-1325.0,1075.0,100.0,1.2711864406779663,1.75
-1275.0,1075.0,100.0,1.694915254237288,1.75
-1225.0,1075.0,100.0,2.11864406779661,1.75
-1175.0,1075.0,100.0,2.5423728813559325,1.75
-1125.0,1075.0,100.0,2.9661016949152543,1.75
-1075.0,1075.0,100.0,3.389830508474576,1.75
-1025.0,1075.0,100.0,3.8135593220338984,1.75
-975.0,1075.0,100.0,4.23728813559322,1.75
-925.0,1075.0,100.0,4.661016949152542,1.75
-875.0,1075.0,100.0,5.084745762711865,1.75
-825.0,1075.0,100.0,5.508474576271186,1.75
-775.0,1075.0,100.0,5.932203389830509,1.75
-725.0,1075.0,100.0,6.3559322033898304,1.75
-675.0,1075.0,100.0,6.779661016949152,1.75
-625.0,1075.0,100.0,7.203389830508475,1.75
-575.0,1075.0,100.0,7.627118644067797,1.75
-525.0,1075.0,100.0,8.050847457627118,1.75
-475.0,1075.0,100.0,8.47457627118644,1.75
-425.0,1075.0,100.0,8.898305084745763,1.75
-375.0,1075.0,100.0,9.322033898305085,1.75
-325.0,1075.0,100.0,9.745762711864407,1.75
-275.0,1075.0,100.0,10.16949152542373,1.75
-225.0,1075.0,100.0,10.59322033898305,1.75
-175.0,1075.0,100.0,11.016949152542372,1.75
-125.0,1075.0,100.0,11.440677966101696,1.75
-75.0,1075.0,100.0,11.864406779661017,1.75
-25.0,1075.0,100.0,12.288135593220339,1.75
25.0,1075.0,100.0,12.711864406779661,1.75
75.0,1075.0,100.0,13.135593220338984,1.75
125.0,1075.0,100.0,13.559322033898304,1.75
175.0,1075.0,100.0,13.983050847457626,1.75
225.0,1075.0,100.0,14.40677966101695,1.75
275.0,1075.0,100.0,14.83050847457627,1.75
325.0,1075.0,100.0,15.254237288135593,1.75
375.0,1075.0,100.0,15.677966101694915,1.75
425.0,1075.0,100.0,16.101694915254235,1.75
475.0,1075.0,100.0,16.52542372881356,1.75
525.0,1075.0,100.0,16.94915254237288,1.75
575.0,1075.0,100.0,17.372881355932204,1.75
625.0,1075.0,100.0,17.796610169491526,1.75
675.0,1075.0,100.0,18.220338983050848,1.75
725.0,1075.0,100.0,18.64406779661017,1.75
775.0,1075.0,100.0,19.06779661016949,1.75
825.0,1075.0,100.0,19.491525423728813,1.75
875.0,1075.0,100.0,19.915254237288135,1.75
925.0,1075.0,100.0,20.33898305084746,1.75
975.0,1075.0,100.0,20.76271186440678,1.75
1025.0,1075.0,100.0,21.1864406779661,1.75
1075.0,1075.0,100.0,21.610169491525426,1.75
1125.0,1075.0,100.0,22.033898305084744,1.75
1175.0,1075.0,100.0,22.45762711864407,1.75
1225.0,1075.0,100.0,22.88135593220339,1.75
1275.0,1075.0,100.0,23.30508474576271,1.75
1325.0,1075.0,100.0,23.728813559322035,1.75
1375.0,1075.0,100.0,24.152542372881356,1.75
1425.0,1075.0,100.0,24.576271186440678,1.75
1475.0,1075.0,100.0,25.0,1.75
-1475.0,1125.0,100.0,0.0,1.75
-1425.0,1125.0,100.0,0.423728813559322,1.75
-1375.0,1125.0,100.0,0.847457627118644,1.75
-1325.0,1125.0,100.0,1.2711864406779663,1.75
-1275.0,1125.0,100.0,1.694915254237288,1.75
-1225.0,1125.0,100.0,2.11864406779661,1.75
-1175.0,1125.0,100.0,2.5423728813559325,1.75
-1125.0,1125.0,100.0,2.9661016949152543,1.75
-1075.0,1125.0,100.0,3.389830508474576,1.75
-1025.0,1125.0,100.0,3.8135593220338984,1.75
-975.0,1125.0,100.0,4.23728813559322,1.75
-925.0,1125.0,100.0,4.661016949152542,1.75
-875.0,1125.0,100.0,5.084745762711865,1.75
-825.0,1125.0,100.0,5.508474576271186,1.75
-775.0,1125.0,100.0,5.932203389830509,1.75
-725.0,1125.0,100.0,6.3559322033898304,1.75
-675.0,1125.0,100.0,6.779661016949152,1.75
-625.0,1125.0,100.0,7.203389830508475,1.75
-575.0,1125.0,100.0,7.627118644067797,1.75
-525.0,1125.0,100.0,8.050847457627118,1.75
-475.0,1125.0,100.0,8.47457627118644,1.75
-425.0,1125.0,100.0,8.898305084745763,1.75
-375.0,1125.0,100.0,9.322033898305085,1.75
-325.0,1125.0,100.0,9.745762711864407,1.75
-275.0,1125.0,100.0,10.16949152542373,1.75
-225.0,1125.0,100.0,10.59322033898305,1.75
-175.0,1125.0,100.0,11.016949152542372,1.75
-125.0,1125.0,100.0,11.440677966101696,1.75
-75.0,1125.0,100.0,11.864406779661017,1.75
-25.0,1125.0,100.0,12.288135593220339,1.75
25.0,1125.0,100.0,12.711864406779661,1.75
75.0,1125.0,100.0,13.135593220338984,1.75
125.0,1125.0,100.0,13.559322033898304,1.75
175.0,1125.0,100.0,13.983050847457626,1.75
225.0,1125.0,100.0,14.40677966101695,1.75
275.0,1125.0,100.0,14.83050847457627,1.75
325.0,1125.0,100.0,15.254237288135593,1.75
375.0,1125.0,100.0,15.677966101694915,1.75
425.0,1125.0,100.0,16.101694915254235,1.75
475.0,1125.0,100.0,16.52542372881356,1.75
525.0,1125.0,100.0,16.94915254237288,1.75
575.0,1125.0,100.0,17.372881355932204,1.75
625.0,1125.0,100.0,17.796610169491526,1.75
675.0,1125.0,100.0,18.220338983050848,1.75
725.0,1125.0,100.0,18.64406779661017,1.75
775.0,1125.0,100.0,19.06779661016949,1.75
825.0,1125.0,100.0,19.491525423728813,1.75
875.0,1125.0,100.0,19.915254237288135,1.75
925.0,1125.0,100.0,20.33898305084746,1.75
975.0,1125.0,100.0,20.76271186440678,1.75
1025.0,1125.0,100.0,21.1864406779661,1.75
1075.0,1125.0,100.0,21.610169491525426,1.75
1125.0,1125.0,100.0,22.033898305084744,1.75
1175.0,1125.0,100.0,22.45762711864407,1.75
1225.0,1125.0,100.0,22.88135593220339,1.75
1275.0,1125.0,100.0,23.30508474576271,1.75
1325.0,1125.0,100.0,23.728813559322035,1.75
1375.0,1125.0,100.0,24.152542372881356,1.75
1425.0,1125.0,100.0,24.576271186440678,1.75
1475.0,1125.0,100.0,25.0,1.75
-1475.0,1175.0,100.0,0.0,1.75
-1425.0,1175.0,100.0,0.423728813559322,1.75
-1375.0,1175.0,100.0,0.847457627118644,1.75
-1325.0,1175.0,100.0,1.2711864406779663,1.75
-1275.0,1175.0,100.0,1.694915254237288,1.75
-1225.0,1175.0,100.0,2.11864406779661,1.75
-1175.0,1175.0,100.0,2.5423728813559325,1.75
-1125.0,1175.0,100.0,2.9661016949152543,1.75
-1075.0,1175.0,100.0,3.389830508474576,1.75
-1025.0,1175.0,100.0,3.8135593220338984,1.75
-975.0,1175.0,100.0,4.23728813559322,1.75
-925.0,1175.0,100.0,4.661016949152542,1.75
-875.0,1175.0,100.0,5.084745762711865,1.75
-825.0,1175.0,100.0,5.508474576271186,1.75
-775.0,1175.0,100.0,5.932203389830509,1.75
-725.0,1175.0,100.0,6.3559322033898304,1.75
-675.0,1175.0,100.0,6.779661016949152,1.75
-625.0,1175.0,100.0,7.203389830508475,1.75
-575.0,1175.0,100.0,7.627118644067797,1.75
-525.0,1175.0,100.0,8.050847457627118,1.75
-475.0,1175.0,100.0,8.47457627118644,1.75
-425.0,1175.0,100.0,8.898305084745763,1.75
-375.0,1175.0,100.0,9.322033898305085,1.75
-325.0,1175.0,100.0,9.745762711864407,1.75
-275.0,1175.0,100.0,10.16949152542373,1.75
-225.0,1175.0,100.0,10.59322033898305,1.75
-175.0,1175.0,100.0,11.016949152542372,1.75
-125.0,1175.0,100.0,11.440677966101696,1.75
-75.0,1175.0,100.0,11.864406779661017,1.75
-25.0,1175.0,100.0,12.288135593220339,1.75
25.0,1175.0,100.0,12.711864406779661,1.75
75.0,1175.0,100.0,13.135593220338984,1.75
125.0,1175.0,100.0,13.559322033898304,1.75
175.0,1175.0,100.0,13.983050847457626,1.75
225.0,1175.0,100.0,14.40677966101695,1.75
275.0,1175.0,100.0,14.83050847457627,1.75
325.0,1175.0,100.0,15.254237288135593,1.75
375.0,1175.0,100.0,15.677966101694915,1.75
425.0,1175.0,100.0,16.101694915254235,1.75
475.0,1175.0,100.0,16.52542372881356,1.75
525.0,1175.0,100.0,16.94915254237288,1.75
575.0,1175.0,100.0,17.372881355932204,1.75
625.0,1175.0,100.0,17.796610169491526,1.75
675.0,1175.0,100.0,18.220338983050848,1.75
725.0,1175.0,100.0,18.64406779661017,1.75
775.0,1175.0,100.0,19.06779661016949,1.75
825.0,1175.0,100.0,19.491525423728813,1.75
875.0,1175.0,100.0,19.915254237288135,1.75
925.0,1175.0,100.0,20.33898305084746,1.75
975.0,1175.0,100.0,20.76271186440678,1.75
1025.0,1175.0,100.0,21.1864406779661,1.75
1075.0,1175.0,100.0,21.610169491525426,1.75
1125.0,1175.0,100.0,22.033898305084744,1.75
1175.0,1175.0,100.0,22.45762711864407,1.75
1225.0,1175.0,100.0,22.88135593220339,1.75
1275.0,1175.0,100.0,23.30508474576271,1.75
1325.0,1175.0,100.0,23.728813559322035,1.75
1375.0,1175.0,100.0,24.152542372881356,1.75
1425.0,1175.0,100.0,24.576271186440678,1.75
1475.0,1175.0,100.0,25.0,1.75
-1475.0,1225.0,100.0,0.0,1.75
-1425.0,1225.0,100.0,0.423728813559322,1.75
-1375.0,1225.0,100.0,0.847457627118644,1.75
-1325.0,1225.0,100.0,1.2711864406779663,1.75
-1275.0,1225.0,100.0,1.694915254237288,1.75
-1225.0,1225.0,100.0,2.11864406779661,1.75
-1175.0,1225.0,100.0,2.5423728813559325,1.75
-1125.0,1225.0,100.0,2.9661016949152543,1.75
-1075.0,1225.0,100.0,3.389830508474576,1.75
-1025.0,1225.0,100.0,3.8135593220338984,1.75
-975.0,1225.0,100.0,4.23728813559322,1.75
-925.0,1225.0,100.0,4.661016949152542,1.75
-875.0,1225.0,100.0,5.084745762711865,1.75
-825.0,1225.0,100.0,5.508474576271186,1.75
-775.0,1225.0,100.0,5.932203389830509,1.75
-725.0,1225.0,100.0,6.3559322033898304,1.75
-675.0,1225.0,100.0,6.779661016949152,1.75
-625.0,1225.0,100.0,7.203389830508475,1.75
-575.0,1225.0,100.0,7.627118644067797,1.75
-525.0,1225.0,100.0,8.050847457627118,1.75
-475.0,1225.0,100.0,8.47457627118644,1.75
-425.0,1225.0,100.0,8.898305084745763,1.75
-375.0,1225.0,100.0,9.322033898305085,1.75
-325.0,1225.0,100.0,9.745762711864407,1.75
-275.0,1225.0,100.0,10.16949152542373,1.75
-225.0,1225.0,100.0,10.59322033898305,1.75
-175.0,1225.0,100.0,11.016949152542372,1.75
-125.0,1225.0,100.0,11.440677966101696,1.75
-75.0,1225.0,100.0,11.864406779661017,1.75
-25.0,1225.0,100.0,12.288135593220339,1.75
25.0,1225.0,100.0,12.711864406779661,1.75
75.0,1225.0,100.0,13.135593220338984,1.75
125.0,1225.0,100.0,13.559322033898304,1.75
175.0,1225.0,100.0,13.983050847457626,1.75
225.0,1225.0,100.0,14.40677966101695,1.75
275.0,1225.0,100.0,14.83050847457627,1.75
325.0,1225.0,100.0,15.254237288135593,1.75
375.0,1225.0,100.0,15.677966101694915,1.75
425.0,1225.0,100.0,16.101694915254235,1.75
475.0,1225.0,100.0,16.52542372881356,1.75
525.0,1225.0,100.0,16.94915254237288,1.75
575.0,1225.0,100.0,17.372881355932204,1.75
625.0,1225.0,100.0,17.796610169491526,1.75
675.0,1225.0,100.0,18.220338983050848,1.75
725.0,1225.0,100.0,18.64406779661017,1.75
775.0,1225.0,100.0,19.06779661016949,1.75
825.0,1225.0,100.0,19.491525423728813,1.75
875.0,1225.0,100.0,19.915254237288135,1.75
925.0,1225.0,100.0,20.33898305084746,1.75
975.0,1225.0,100.0,20.76271186440678,1.75
1025.0,1225.0,100.0,21.1864406779661,1.75
1075.0,1225.0,100.0,21.610169491525426,1.75
1125.0,1225.0,100.0,22.033898305084744,1.75
1175.0,1225.0,100.0,22.45762711864407,1.75
1225.0,1225.0,100.0,22.88135593220339,1.75
1275.0,1225.0,100.0,23.30508474576271,1.75
1325.0,1225.0,100.0,23.728813559322035,1.75
1375.0,1225.0,100.0,24.152542372881356,1.75
1425.0,1225.0,100.0,24.576271186440678,1.75
1475.0,1225.0,100.0,25.0,1.75
-1475.0,1275.0,100.0,0.0,1.75
-1425.0,1275.0,100.0,0.423728813559322,1.75
-1375.0,1275.0,100.0,0.847457627118644,1.75
-1325.0,1275.0,100.0,1.2711864406779663,1.75
-1275.0,1275.0,100.0,1.694915254237288,1.75
-1225.0,1275.0,100.0,2.11864406779661,1.75
-1175.0,1275.0,100.0,2.5423728813559325,1.75
-1125.0,1275.0,100.0,2.9661016949152543,1.75
-1075.0,1275.0,100.0,3.389830508474576,1.75
-1025.0,1275.0,100.0,3.8135593220338984,1.75
-975.0,1275.0,100.0,4.23728813559322,1.75
-925.0,1275.0,100.0,4.661016949152542,1.75
-875.0,1275.0,100.0,5.084745762711865,1.75
-825.0,1275.0,100.0,5.508474576271186,1.75
-775.0,1275.0,100.0,5.932203389830509,1.75
-725.0,1275.0,100.0,6.3559322033898304,1.75
-675.0,1275.0,100.0,6.779661016949152,1.75
-625.0,1275.0,100.0,7.203389830508475,1.75
-575.0,1275.0,100.0,7.627118644067797,1.75
-525.0,1275.0,100.0,8.050847457627118,1.75
-475.0,1275.0,100.0,8.47457627118644,1.75
-425.0,1275.0,100.0,8.898305084745763,1.75
-375.0,1275.0,100.0,9.322033898305085,1.75
-325.0,1275.0,100.0,9.745762711864407,1.75
-275.0,1275.0,100.0,10.16949152542373,1.75
-225.0,1275.0,100.0,10.59322033898305,1.75
-175.0,1275.0,100.0,11.016949152542372,1.75
-125.0,1275.0,100.0,11.440677966101696,1.75
-75.0,1275.0,100.0,11.864406779661017,1.75
-25.0,1275.0,100.0,12.288135593220339,1.75
25.0,1275.0,100.0,12.711864406779661,1.75
75.0,1275.0,100.0,13.135593220338984,1.75
125.0,1275.0,100.0,13.559322033898304,1.75
175.0,1275.0,100.0,13.983050847457626,1.75
225.0,1275.0,100.0,14.40677966101695,1.75
275.0,1275.0,100.0,14.83050847457627,1.75
325.0,1275.0,100.0,15.254237288135593,1.75
375.0,1275.0,100.0,15.677966101694915,1.75
425.0,1275.0,100.0,16.101694915254235,1.75
475.0,1275.0,100.0,16.52542372881356,1.75
525.0,1275.0,100.0,16.94915254237288,1.75
575.0,1275.0,100.0,17.372881355932204,1.75
625.0,1275.0,100.0,17.796610169491526,1.75
675.0,1275.0,100.0,18.220338983050848,1.75
725.0,1275.0,100.0,18.64406779661017,1.75
775.0,1275.0,100.0,19.06779661016949,1.75
825.0,1275.0,100.0,19.491525423728813,1.75
875.0,1275.0,100.0,19.915254237288135,1.75
925.0,1275.0,100.0,20.33898305084746,1.75
975.0,1275.0,100.0,20.76271186440678,1.75
1025.0,1275.0,100.0,21.1864406779661,1.75
1075.0,1275.0,100.0,21.610169491525426,1.75
1125.0,1275.0,100.0,22.033898305084744,1.75
1175.0,1275.0,100.0,22.45762711864407,1.75
1225.0,1275.0,100.0,22.88135593220339,1.75
1275.0,1275.0,100.0,23.30508474576271,1.75
1325.0,1275.0,100.0,23.728813559322035,1.75
1375.0,1275.0,100.0,24.152542372881356,1.75
1425.0,1275.0,100.0,24.576271186440678,1.75
1475.0,1275.0,100.0,25.0,1.75
-1475.0,1325.0,100.0,0.0,1.75
-1425.0,1325.0,100.0,0.423728813559322,1.75
-1375.0,1325.0,100.0,0.847457627118644,1.75
-1325.0,1325.0,100.0,1.2711864406779663,1.75
-1275.0,1325.0,100.0,1.694915254237288,1.75
-1225.0,1325.0,100.0,2.11864406779661,1.75
-1175.0,1325.0,100.0,2.5423728813559325,1.75
-1125.0,1325.0,100.0,2.9661016949152543,1.75
-1075.0,1325.0,100.0,3.389830508474576,1.75
-1025.0,1325.0,100.0,3.8135593220338984,1.75
-975.0,1325.0,100.0,4.23728813559322,1.75
-925.0,1325.0,100.0,4.661016949152542,1.75
-875.0,1325.0,100.0,5.084745762711865,1.75
-825.0,1325.0,100.0,5.508474576271186,1.75
-775.0,1325.0,100.0,5.932203389830509,1.75
-725.0,1325.0,100.0,6.3559322033898304,1.75
-675.0,1325.0,100.0,6.779661016949152,1.75
-625.0,1325.0,100.0,7.203389830508475,1.75
-575.0,1325.0,100.0,7.627118644067797,1.75
-525.0,1325.0,100.0,8.050847457627118,1.75
-475.0,1325.0,100.0,8.47457627118644,1.75
-425.0,1325.0,100.0,8.898305084745763,1.75
-375.0,1325.0,100.0,9.322033898305085,1.75
-325.0,1325.0,100.0,9.745762711864407,1.75
-275.0,1325.0,100.0,10.16949152542373,1.75
-225.0,1325.0,100.0,10.59322033898305,1.75
-175.0,1325.0,100.0,11.016949152542372,1.75
-125.0,1325.0,100.0,11.440677966101696,1.75
-75.0,1325.0,100.0,11.864406779661017,1.75
-25.0,1325.0,100.0,12.288135593220339,1.75
25.0,1325.0,100.0,12.711864406779661,1.75
75.0,1325.0,100.0,13.135593220338984,1.75
125.0,1325.0,100.0,13.559322033898304,1.75
175.0,1325.0,100.0,13.983050847457626,1.75
225.0,1325.0,100.0,14.40677966101695,1.75
275.0,1325.0,100.0,14.83050847457627,1.75
325.0,1325.0,100.0,15.254237288135593,1.75
375.0,1325.0,100.0,15.677966101694915,1.75
425.0,1325.0,100.0,16.101694915254235,1.75
475.0,1325.0,100.0,16.52542372881356,1.75
525.0,1325.0,100.0,16.94915254237288,1.75
575.0,1325.0,100.0,17.372881355932204,1.75
625.0,1325.0,100.0,17.796610169491526,1.75
675.0,1325.0,100.0,18.220338983050848,1.75
725.0,1325.0,100.0,18.64406779661017,1.75
775.0,1325.0,100.0,19.06779661016949,1.75
825.0,1325.0,100.0,19.491525423728813,1.75
875.0,1325.0,100.0,19.915254237288135,1.75
925.0,1325.0,100.0,20.33898305084746,1.75
975.0,1325.0,100.0,20.76271186440678,1.75
1025.0,1325.0,100.0,21.1864406779661,1.75
1075.0,1325.0,100.0,21.610169491525426,1.75
1125.0,1325.0,100.0,22.033898305084744,1.75
1175.0,1325.0,100.0,22.45762711864407,1.75
1225.0,1325.0,100.0,22.88135593220339,1.75
1275.0,1325.0,100.0,23.30508474576271,1.75
1325.0,1325.0,100.0,23.728813559322035,1.75
1375.0,1325.0,100.0,24.152542372881356,1.75
1425.0,1325.0,100.0,24.576271186440678,1.75
1475.0,1325.0,100.0,25.0,1.75
-1475.0,1375.0,100.0,0.0,1.75
-1425.0,1375.0,100.0,0.423728813559322,1.75
-1375.0,1375.0,100.0,0.847457627118644,1.75
-1325.0,1375.0,100.0,1.2711864406779663,1.75
-1275.0,1375.0,100.0,1.694915254237288,1.75
-1225.0,1375.0,100.0,2.11864406779661,1.75
-1175.0,1375.0,100.0,2.5423728813559325,1.75
-1125.0,1375.0,100.0,2.9661016949152543,1.75
-1075.0,1375.0,100.0,3.389830508474576,1.75
-1025.0,1375.0,100.0,3.8135593220338984,1.75
-975.0,1375.0,100.0,4.23728813559322,1.75
-925.0,1375.0,100.0,4.661016949152542,1.75
-875.0,1375.0,100.0,5.084745762711865,1.75
-825.0,1375.0,100.0,5.508474576271186,1.75
-775.0,1375.0,100.0,5.932203389830509,1.75
-725.0,1375.0,100.0,6.3559322033898304,1.75
-675.0,1375.0,100.0,6.779661016949152,1.75
-625.0,1375.0,100.0,7.203389830508475,1.75
-575.0,1375.0,100.0,7.627118644067797,1.75
-525.0,1375.0,100.0,8.050847457627118,1.75
-475.0,1375.0,100.0,8.47457627118644,1.75
-425.0,1375.0,100.0,8.898305084745763,1.75
-375.0,1375.0,100.0,9.322033898305085,1.75
-325.0,1375.0,100.0,9.745762711864407,1.75
-275.0,1375.0,100.0,10.16949152542373,1.75
-225.0,1375.0,100.0,10.59322033898305,1.75
-175.0,1375.0,100.0,11.016949152542372,1.75
-125.0,1375.0,100.0,11.440677966101696,1.75
-75.0,1375.0,100.0,11.864406779661017,1.75
-25.0,1375.0,100.0,12.288135593220339,1.75
25.0,1375.0,100.0,12.711864406779661,1.75
75.0,1375.0,100.0,13.135593220338984,1.75
125.0,1375.0,100.0,13.559322033898304,1.75
175.0,1375.0,100.0,13.983050847457626,1.75
225.0,1375.0,100.0,14.40677966101695,1.75
275.0,1375.0,100.0,14.83050847457627,1.75
325.0,1375.0,100.0,15.254237288135593,1.75
375.0,1375.0,100.0,15.677966101694915,1.75
425.0,1375.0,100.0,16.101694915254235,1.75
475.0,1375.0,100.0,16.52542372881356,1.75
525.0,1375.0,100.0,16.94915254237288,1.75
575.0,1375.0,100.0,17.372881355932204,1.75
625.0,1375.0,100.0,17.796610169491526,1.75
675.0,1375.0,100.0,18.220338983050848,1.75
725.0,1375.0,100.0,18.64406779661017,1.75
775.0,1375.0,100.0,19.06779661016949,1.75
825.0,1375.0,100.0,19.491525423728813,1.75
875.0,1375.0,100.0,19.915254237288135,1.75
925.0,1375.0,100.0,20.33898305084746,1.75
975.0,1375.0,100.0,20.76271186440678,1.75
1025.0,1375.0,100.0,21.1864406779661,1.75
1075.0,1375.0,100.0,21.610169491525426,1.75
1125.0,1375.0,100.0,22.033898305084744,1.75
1175.0,1375.0,100.0,22.45762711864407,1.75
1225.0,1375.0,100.0,22.88135593220339,1.75
1275.0,1375.0,100.0,23.30508474576271,1.75
1325.0,1375.0,100.0,23.728813559322035,1.75
1375.0,1375.0,100.0,24.152542372881356,1.75
1425.0,1375.0,100.0,24.576271186440678,1.75
1475.0,1375.0,100.0,25.0,1.75
-1475.0,1425.0,100.0,0.0,1.75
-1425.0,1425.0,100.0,0.423728813559322,1.75
-1375.0,1425.0,100.0,0.847457627118644,1.75
-1325.0,1425.0,100.0,1.2711864406779663,1.75
-1275.0,1425.0,100.0,1.694915254237288,1.75
-1225.0,1425.0,100.0,2.11864406779661,1.75
-1175.0,1425.0,100.0,2.5423728813559325,1.75
-1125.0,1425.0,100.0,2.9661016949152543,1.75
-1075.0,1425.0,100.0,3.389830508474576,1.75
-1025.0,1425.0,100.0,3.8135593220338984,1.75
-975.0,1425.0,100.0,4.23728813559322,1.75
-925.0,1425.0,100.0,4.661016949152542,1.75
-875.0,1425.0,100.0,5.084745762711865,1.75
-825.0,1425.0,100.0,5.508474576271186,1.75
-775.0,1425.0,100.0,5.932203389830509,1.75
-725.0,1425.0,100.0,6.3559322033898304,1.75
-675.0,1425.0,100.0,6.779661016949152,1.75
-625.0,1425.0,100.0,7.203389830508475,1.75
-575.0,1425.0,100.0,7.627118644067797,1.75
-525.0,1425.0,100.0,8.050847457627118,1.75
-475.0,1425.0,100.0,8.47457627118644,1.75
-425.0,1425.0,100.0,8.898305084745763,1.75
-375.0,1425.0,100.0,9.322033898305085,1.75
-325.0,1425.0,100.0,9.745762711864407,1.75
-275.0,1425.0,100.0,10.16949152542373,1.75
-225.0,1425.0,100.0,10.59322033898305,1.75
-175.0,1425.0,100.0,11.016949152542372,1.75
-125.0,1425.0,100.0,11.440677966101696,1.75
-75.0,1425.0,100.0,11.864406779661017,1.75
-25.0,1425.0,100.0,12.288135593220339,1.75
25.0,1425.0,100.0,12.711864406779661,1.75
75.0,1425.0,100.0,13.135593220338984,1.75
125.0,1425.0,100.0,13.559322033898304,1.75
175.0,1425.0,100.0,13.983050847457626,1.75
225.0,1425.0,100.0,14.40677966101695,1.75
275.0,1425.0,100.0,14.83050847457627,1.75
325.0,1425.0,100.0,15.254237288135593,1.75
375.0,1425.0,100.0,15.677966101694915,1.75
425.0,1425.0,100.0,16.101694915254235,1.75
475.0,1425.0,100.0,16.52542372881356,1.75
525.0,1425.0,100.0,16.94915254237288,1.75
575.0,1425.0,100.0,17.372881355932204,1.75
625.0,1425.0,100.0,17.796610169491526,1.75
675.0,1425.0,100.0,18.220338983050848,1.75
725.0,1425.0,100.0,18.64406779661017,1.75
775.0,1425.0,100.0,19.06779661016949,1.75
825.0,1425.0,100.0,19.491525423728813,1.75
875.0,1425.0,100.0,19.915254237288135,1.75
925.0,1425.0,100.0,20.33898305084746,1.75
975.0,1425.0,100.0,20.76271186440678,1.75
1025.0,1425.0,100.0,21.1864406779661,1.75
1075.0,1425.0,100.0,21.610169491525426,1.75
1125.0,1425.0,100.0,22.033898305084744,1.75
1175.0,1425.0,100.0,22.45762711864407,1.75
1225.0,1425.0,100.0,22.88135593220339,1.75
1275.0,1425.0,100.0,23.30508474576271,1.75
1325.0,1425.0,100.0,23.728813559322035,1.75
1375.0,1425.0,100.0,24.152542372881356,1.75
1425.0,1425.0,100.0,24.576271186440678,1.75
1475.0,1425.0,100.0,25.0,1.75
-1475.0,1475.0,100.0,0.0,1.75
-1425.0,1475.0,100.0,0.423728813559322,1.75
-1375.0,1475.0,100.0,0.847457627118644,1.75
-1325.0,1475.0,100.0,1.2711864406779663,1.75
-1275.0,1475.0,100.0,1.694915254237288,1.75
-1225.0,1475.0,100.0,2.11864406779661,1.75
-1175.0,1475.0,100.0,2.5423728813559325,1.75
-1125.0,1475.0,100.0,2.9661016949152543,1.75
-1075.0,1475.0,100.0,3.389830508474576,1.75
-1025.0,1475.0,100.0,3.8135593220338984,1.75
-975.0,1475.0,100.0,4.23728813559322,1.75
-925.0,1475.0,100.0,4.661016949152542,1.75
-875.0,1475.0,100.0,5.084745762711865,1.75
-825.0,1475.0,100.0,5.508474576271186,1.75
-775.0,1475.0,100.0,5.932203389830509,1.75
-725.0,1475.0,100.0,6.3559322033898304,1.75
-675.0,1475.0,100.0,6.779661016949152,1.75
-625.0,1475.0,100.0,7.203389830508475,1.75
-575.0,1475.0,100.0,7.627118644067797,1.75
-525.0,1475.0,100.0,8.050847457627118,1.75
-475.0,1475.0,100.0,8.47457627118644,1.75
-425.0,1475.0,100.0,8.898305084745763,1.75
-375.0,1475.0,100.0,9.322033898305085,1.75
-325.0,1475.0,100.0,9.745762711864407,1.75
-275.0,1475.0,100.0,10.16949152542373,1.75
-225.0,1475.0,100.0,10.59322033898305,1.75
-175.0,1475.0,100.0,11.016949152542372,1.75
-125.0,1475.0,100.0,11.440677966101696,1.75
-75.0,1475.0,100.0,11.864406779661017,1.75
-25.0,1475.0,100.0,12.288135593220339,1.75
25.0,1475.0,100.0,12.711864406779661,1.75
75.0,1475.0,100.0,13.135593220338984,1.75
125.0,1475.0,100.0,13.559322033898304,1.75
175.0,1475.0,100.0,13.983050847457626,1.75
225.0,1475.0,100.0,14.40677966101695,1.75
275.0,1475.0,100.0,14.83050847457627,1.75
325.0,1475.0,100.0,15.254237288135593,1.75
375.0,1475.0,100.0,15.677966101694915,1.75
425.0,1475.0,100.0,16.101694915254235,1.75
475.0,1475.0,100.0,16.52542372881356,1.75
525.0,1475.0,100.0,16.94915254237288,1.75
575.0,1475.0,100.0,17.372881355932204,1.75
625.0,1475.0,100.0,17.796610169491526,1.75
675.0,1475.0,100.0,18.220338983050848,1.75
725.0,1475.0,100.0,18.64406779661017,1.75
775.0,1475.0,100.0,19.06779661016949,1.75
825.0,1475.0,100.0,19.491525423728813,1.75
875.0,1475.0,100.0,19.915254237288135,1.75
925.0,1475.0,100.0,20.33898305084746,1.75
975.0,1475.0,100.0,20.76271186440678,1.75
1025.0,1475.0,100.0,21.1864406779661,1.75
1075.0,1475.0,100.0,21.610169491525426,1.75
1125.0,1475.0,100.0,22.033898305084744,1.75
1175.0,1475.0,100.0,22.45762711864407,1.75
1225.0,1475.0,100.0,22.88135593220339,1.75
1275.0,1475.0,100.0,23.30508474576271,1.75
1325.0,1475.0,100.0,23.728813559322035,1.75
1375.0,1475.0,100.0,24.152542372881356,1.75
1425.0,1475.0,100.0,24.576271186440678,1.75
1475.0,1475.0,100.0,25.0,1.75
